game_id,season,week,home_team,away_team,home_team_rest_days,away_team_rest_days,home_team_pbp_off_epa_per_play_avg,home_team_pbp_off_epa_per_play_last_3,home_team_pbp_off_epa_per_play_last_5,home_team_pbp_off_success_rate_avg,home_team_pbp_off_success_rate_last_3,home_team_pbp_off_success_rate_last_5,home_team_pbp_off_explosive_rate_avg,home_team_pbp_off_explosive_rate_last_3,home_team_pbp_off_explosive_rate_last_5,home_team_pbp_off_turnover_rate_avg,home_team_pbp_off_turnover_rate_last_3,home_team_pbp_off_turnover_rate_last_5,home_team_pbp_off_pass_rate_avg,home_team_pbp_off_pass_rate_last_3,home_team_pbp_off_pass_rate_last_5,home_team_pbp_off_pass_epa_avg,home_team_pbp_off_pass_epa_last_3,home_team_pbp_off_pass_epa_last_5,home_team_pbp_off_rush_epa_avg,home_team_pbp_off_rush_epa_last_3,home_team_pbp_off_rush_epa_last_5,home_team_pbp_def_epa_allowed_per_play_avg,home_team_pbp_def_epa_allowed_per_play_last_3,home_team_pbp_def_epa_allowed_per_play_last_5,home_team_pbp_def_success_allowed_rate_avg,home_team_pbp_def_success_allowed_rate_last_3,home_team_pbp_def_success_allowed_rate_last_5,home_team_pbp_def_explosive_allowed_rate_avg,home_team_pbp_def_explosive_allowed_rate_last_3,home_team_pbp_def_explosive_allowed_rate_last_5,home_team_pbp_def_takeaway_rate_avg,home_team_pbp_def_takeaway_rate_last_3,home_team_pbp_def_takeaway_rate_last_5,away_team_pbp_off_epa_per_play_avg,away_team_pbp_off_epa_per_play_last_3,away_team_pbp_off_epa_per_play_last_5,away_team_pbp_off_success_rate_avg,away_team_pbp_off_success_rate_last_3,away_team_pbp_off_success_rate_last_5,away_team_pbp_off_explosive_rate_avg,away_team_pbp_off_explosive_rate_last_3,away_team_pbp_off_explosive_rate_last_5,away_team_pbp_off_turnover_rate_avg,away_team_pbp_off_turnover_rate_last_3,away_team_pbp_off_turnover_rate_last_5,away_team_pbp_off_pass_rate_avg,away_team_pbp_off_pass_rate_last_3,away_team_pbp_off_pass_rate_last_5,away_team_pbp_off_pass_epa_avg,away_team_pbp_off_pass_epa_last_3,away_team_pbp_off_pass_epa_last_5,away_team_pbp_off_rush_epa_avg,away_team_pbp_off_rush_epa_last_3,away_team_pbp_off_rush_epa_last_5,away_team_pbp_def_epa_allowed_per_play_avg,away_team_pbp_def_epa_allowed_per_play_last_3,away_team_pbp_def_epa_allowed_per_play_last_5,away_team_pbp_def_success_allowed_rate_avg,away_team_pbp_def_success_allowed_rate_last_3,away_team_pbp_def_success_allowed_rate_last_5,away_team_pbp_def_explosive_allowed_rate_avg,away_team_pbp_def_explosive_allowed_rate_last_3,away_team_pbp_def_explosive_allowed_rate_last_5,away_team_pbp_def_takeaway_rate_avg,away_team_pbp_def_takeaway_rate_last_3,away_team_pbp_def_takeaway_rate_last_5,home_team_qb_qb_attempts_avg,home_team_qb_qb_attempts_last_3,home_team_qb_qb_attempts_last_5,home_team_qb_qb_passing_yards_avg,home_team_qb_qb_passing_yards_last_3,home_team_qb_qb_passing_yards_last_5,home_team_qb_qb_passing_tds_avg,home_team_qb_qb_passing_tds_last_3,home_team_qb_qb_passing_tds_last_5,home_team_qb_qb_passing_interceptions_avg,home_team_qb_qb_passing_interceptions_last_3,home_team_qb_qb_passing_interceptions_last_5,home_team_qb_qb_sacks_suffered_avg,home_team_qb_qb_sacks_suffered_last_3,home_team_qb_qb_sacks_suffered_last_5,home_team_qb_qb_passing_epa_avg,home_team_qb_qb_passing_epa_last_3,home_team_qb_qb_passing_epa_last_5,home_team_qb_qb_passing_cpoe_avg,home_team_qb_qb_passing_cpoe_last_3,home_team_qb_qb_passing_cpoe_last_5,away_team_qb_qb_attempts_avg,away_team_qb_qb_attempts_last_3,away_team_qb_qb_attempts_last_5,away_team_qb_qb_passing_yards_avg,away_team_qb_qb_passing_yards_last_3,away_team_qb_qb_passing_yards_last_5,away_team_qb_qb_passing_tds_avg,away_team_qb_qb_passing_tds_last_3,away_team_qb_qb_passing_tds_last_5,away_team_qb_qb_passing_interceptions_avg,away_team_qb_qb_passing_interceptions_last_3,away_team_qb_qb_passing_interceptions_last_5,away_team_qb_qb_sacks_suffered_avg,away_team_qb_qb_sacks_suffered_last_3,away_team_qb_qb_sacks_suffered_last_5,away_team_qb_qb_passing_epa_avg,away_team_qb_qb_passing_epa_last_3,away_team_qb_qb_passing_epa_last_5,away_team_qb_qb_passing_cpoe_avg,away_team_qb_qb_passing_cpoe_last_3,away_team_qb_qb_passing_cpoe_last_5,home_team_injury_report_count,home_team_injury_out_count,home_team_injury_questionable_count,home_team_injury_qb_out,home_team_injury_skill_out_count,home_team_injury_line_out_count,away_team_injury_report_count,away_team_injury_out_count,away_team_injury_questionable_count,away_team_injury_qb_out,away_team_injury_skill_out_count,away_team_injury_line_out_count,home_team_roster_size,home_team_roster_active_count,home_team_roster_avg_years_exp,home_team_roster_rookie_count,home_team_roster_qb_count,home_team_roster_ol_count,home_team_roster_skill_count,away_team_roster_size,away_team_roster_active_count,away_team_roster_avg_years_exp,away_team_roster_rookie_count,away_team_roster_qb_count,away_team_roster_ol_count,away_team_roster_skill_count
2026_01_NE_SEA,2026,1,SEA,NE,7.0,7.0,,,,,,,,,,,,,,,,,,,,,,,,,,,,,,,,,,,,,,,,,,,,,,,,,,,,,,,,,,,,,,,,,,,,,,,,,,,,,,,,,,,,,,,,,,,,,,,,,,,,,,,,,,,,,8.0,1.0,2.0,0.0,0.0,0.0,3.0,2.0,0.0,0.0,1.0,1.0,93.0,0.0,2.924731182795699,16.0,3.0,17.0,28.0,96.0,0.0,2.65625,25.0,3.0,19.0,29.0
2026_01_SF_LA,2026,1,LA,SF,7.0,7.0,,,,,,,,,,,,,,,,,,,,,,,,,,,,,,,,,,,,,,,,,,,,,,,,,,,,,,,,,,,,,,,,,,,,,,,,,,,,,,,,,,,,,,,,,,,,,,,,,,,,,,,,,,,,,7.0,1.0,0.0,0.0,0.0,1.0,11.0,1.0,1.0,0.0,0.0,1.0,91.0,0.0,3.076923076923077,22.0,4.0,15.0,27.0,90.0,0.0,3.922222222222222,16.0,4.0,15.0,26.0
2026_01_CHI_CAR,2026,1,CAR,CHI,7.0,7.0,,,,,,,,,,,,,,,,,,,,,,,,,,,,,,,,,,,,,,,,,,,,,,,,,,,,,,,,,,,,,,,,,,,,,,,,,,,,,,,,,,,,,,,,,,,,,,,,,,,,,,,,,,,,,3.0,1.0,0.0,0.0,0.0,1.0,6.0,0.0,4.0,0.0,0.0,0.0,95.0,0.0,3.1473684210526316,18.0,4.0,17.0,29.0,94.0,0.0,3.521276595744681,19.0,4.0,14.0,29.0
2026_01_TB_CIN,2026,1,CIN,TB,7.0,7.0,,,,,,,,,,,,,,,,,,,,,,,,,,,,,,,,,,,,,,,,,,,,,,,,,,,,,,,,,,,,,,,,,,,,,,,,,,,,,,,,,,,,,,,,,,,,,,,,,,,,,,,,,,,,,7.0,1.0,0.0,0.0,0.0,1.0,7.0,3.0,1.0,0.0,2.0,1.0,87.0,0.0,3.1264367816091956,19.0,4.0,16.0,26.0,92.0,0.0,2.858695652173913,23.0,4.0,15.0,28.0
2026_01_NO_DET,2026,1,DET,NO,7.0,7.0,,,,,,,,,,,,,,,,,,,,,,,,,,,,,,,,,,,,,,,,,,,,,,,,,,,,,,,,,,,,,,,,,,,,,,,,,,,,,,,,,,,,,,,,,,,,,,,,,,,,,,,,,,,,,8.0,0.0,1.0,0.0,0.0,0.0,5.0,3.0,1.0,0.0,2.0,1.0,92.0,0.0,3.3369565217391304,13.0,4.0,18.0,26.0,97.0,0.0,3.0618556701030926,19.0,4.0,16.0,32.0
2026_01_BUF_HOU,2026,1,HOU,BUF,7.0,7.0,,,,,,,,,,,,,,,,,,,,,,,,,,,,,,,,,,,,,,,,,,,,,,,,,,,,,,,,,,,,,,,,,,,,,,,,,,,,,,,,,,,,,,,,,,,,,,,,,,,,,,,,,,,,,4.0,0.0,0.0,0.0,0.0,0.0,3.0,0.0,3.0,0.0,0.0,0.0,94.0,0.0,3.202127659574468,21.0,4.0,16.0,31.0,88.0,0.0,3.3636363636363638,17.0,3.0,16.0,24.0
2026_01_BAL_IND,2026,1,IND,BAL,7.0,7.0,,,,,,,,,,,,,,,,,,,,,,,,,,,,,,,,,,,,,,,,,,,,,,,,,,,,,,,,,,,,,,,,,,,,,,,,,,,,,,,,,,,,,,,,,,,,,,,,,,,,,,,,,,,,,9.0,1.0,0.0,0.0,0.0,1.0,5.0,2.0,1.0,0.0,0.0,2.0,91.0,0.0,2.89010989010989,27.0,3.0,16.0,32.0,93.0,0.0,3.3655913978494625,24.0,5.0,17.0,31.0
2026_01_CLE_JAX,2026,1,JAX,CLE,7.0,7.0,,,,,,,,,,,,,,,,,,,,,,,,,,,,,,,,,,,,,,,,,,,,,,,,,,,,,,,,,,,,,,,,,,,,,,,,,,,,,,,,,,,,,,,,,,,,,,,,,,,,,,,,,,,,,4.0,0.0,1.0,0.0,0.0,0.0,4.0,1.0,1.0,0.0,0.0,1.0,94.0,0.0,2.893617021276596,24.0,5.0,21.0,28.0,99.0,0.0,2.6666666666666665,24.0,4.0,14.0,29.0
2026_01_ATL_PIT,2026,1,PIT,ATL,7.0,7.0,,,,,,,,,,,,,,,,,,,,,,,,,,,,,,,,,,,,,,,,,,,,,,,,,,,,,,,,,,,,,,,,,,,,,,,,,,,,,,,,,,,,,,,,,,,,,,,,,,,,,,,,,,,,,1.0,0.0,1.0,0.0,0.0,0.0,12.0,4.0,1.0,1.0,2.0,1.0,90.0,0.0,3.4444444444444446,20.0,4.0,13.0,31.0,90.0,0.0,3.811111111111111,19.0,4.0,18.0,24.0
2026_01_NYJ_TEN,2026,1,TEN,NYJ,7.0,7.0,,,,,,,,,,,,,,,,,,,,,,,,,,,,,,,,,,,,,,,,,,,,,,,,,,,,,,,,,,,,,,,,,,,,,,,,,,,,,,,,,,,,,,,,,,,,,,,,,,,,,,,,,,,,,2.0,1.0,0.0,0.0,0.0,1.0,7.0,4.0,0.0,0.0,2.0,1.0,96.0,0.0,3.2708333333333335,15.0,4.0,17.0,27.0,93.0,0.0,2.925531914893617,22.0,3.0,16.0,29.0
2026_01_ARI_LAC,2026,1,LAC,ARI,7.0,7.0,,,,,,,,,,,,,,,,,,,,,,,,,,,,,,,,,,,,,,,,,,,,,,,,,,,,,,,,,,,,,,,,,,,,,,,,,,,,,,,,,,,,,,,,,,,,,,,,,,,,,,,,,,,,,6.0,1.0,1.0,0.0,0.0,0.0,7.0,3.0,1.0,0.0,0.0,1.0,92.0,0.0,2.9239130434782608,24.0,3.0,16.0,30.0,91.0,0.0,3.1868131868131866,15.0,3.0,14.0,28.0
2026_01_MIA_LV,2026,1,LV,MIA,7.0,7.0,,,,,,,,,,,,,,,,,,,,,,,,,,,,,,,,,,,,,,,,,,,,,,,,,,,,,,,,,,,,,,,,,,,,,,,,,,,,,,,,,,,,,,,,,,,,,,,,,,,,,,,,,,,,,2.0,1.0,0.0,0.0,1.0,0.0,4.0,0.0,0.0,0.0,0.0,0.0,96.0,0.0,2.7291666666666665,29.0,4.0,17.0,32.0,100.0,0.0,2.1,27.0,4.0,15.0,32.0
2026_01_GB_MIN,2026,1,MIN,GB,7.0,7.0,,,,,,,,,,,,,,,,,,,,,,,,,,,,,,,,,,,,,,,,,,,,,,,,,,,,,,,,,,,,,,,,,,,,,,,,,,,,,,,,,,,,,,,,,,,,,,,,,,,,,,,,,,,,,5.0,0.0,0.0,0.0,0.0,0.0,8.0,1.0,3.0,0.0,0.0,1.0,98.0,0.0,3.142857142857143,28.0,4.0,17.0,32.0,91.0,0.0,2.659340659340659,18.0,3.0,14.0,30.0
2026_01_WAS_PHI,2026,1,PHI,WAS,7.0,7.0,,,,,,,,,,,,,,,,,,,,,,,,,,,,,,,,,,,,,,,,,,,,,,,,,,,,,,,,,,,,,,,,,,,,,,,,,,,,,,,,,,,,,,,,,,,,,,,,,,,,,,,,,,,,,2.0,2.0,0.0,0.0,1.0,1.0,10.0,0.0,0.0,0.0,0.0,0.0,89.0,0.0,3.1797752808988764,16.0,4.0,14.0,30.0,92.0,0.0,4.260869565217392,14.0,4.0,14.0,29.0
2026_01_DAL_NYG,2026,1,NYG,DAL,7.0,7.0,,,,,,,,,,,,,,,,,,,,,,,,,,,,,,,,,,,,,,,,,,,,,,,,,,,,,,,,,,,,,,,,,,,,,,,,,,,,,,,,,,,,,,,,,,,,,,,,,,,,,,,,,,,,,6.0,0.0,1.0,0.0,0.0,0.0,4.0,1.0,0.0,0.0,1.0,0.0,87.0,0.0,3.5977011494252875,17.0,3.0,14.0,26.0,91.0,0.0,3.4285714285714284,17.0,3.0,18.0,29.0
2026_01_DEN_KC,2026,1,KC,DEN,7.0,7.0,,,,,,,,,,,,,,,,,,,,,,,,,,,,,,,,,,,,,,,,,,,,,,,,,,,,,,,,,,,,,,,,,,,,,,,,,,,,,,,,,,,,,,,,,,,,,,,,,,,,,,,,,,,,,11.0,2.0,0.0,0.0,0.0,1.0,1.0,0.0,0.0,0.0,0.0,0.0,92.0,0.0,2.5652173913043477,30.0,4.0,14.0,32.0,88.0,0.0,3.397727272727273,19.0,3.0,15.0,26.0
2026_02_DET_BUF,2026,2,BUF,DET,4.0,4.0,0.24403634897548065,0.24403634897548065,0.24403634897548065,0.47761194029850745,0.47761194029850745,0.47761194029850745,0.11940298507462686,0.11940298507462686,0.11940298507462686,0.0,0.0,0.0,0.48484848484848486,0.48484848484848486,0.48484848484848486,0.45421949768880043,0.45421949768880043,0.45421949768880043,-0.13067975356098033,-0.13067975356098033,-0.13067975356098033,0.10243463309081402,0.10243463309081402,0.10243463309081402,0.5164835164835165,0.5164835164835165,0.5164835164835165,0.08791208791208792,0.08791208791208792,0.08791208791208792,0.02197802197802198,0.02197802197802198,0.02197802197802198,0.0009847035762573413,0.0009847035762573413,0.0009847035762573413,0.4946236559139785,0.4946236559139785,0.4946236559139785,0.08602150537634409,0.08602150537634409,0.08602150537634409,0.010752688172043012,0.010752688172043012,0.010752688172043012,0.43956043956043955,0.43956043956043955,0.43956043956043955,0.018428114368014337,0.018428114368014337,0.018428114368014337,-0.021430521453801317,-0.021430521453801317,-0.021430521453801317,-0.04921200110838755,-0.04921200110838755,-0.04921200110838755,0.43137254901960786,0.43137254901960786,0.43137254901960786,0.0784313725490196,0.0784313725490196,0.0784313725490196,0.029411764705882353,0.029411764705882353,0.029411764705882353,29.0,29.0,29.0,334.0,334.0,334.0,2.0,2.0,2.0,0.0,0.0,0.0,2.0,2.0,2.0,14.535023926041614,14.535023926041614,14.535023926041614,8.141485282352992,8.141485282352992,8.141485282352992,39.0,39.0,39.0,206.0,206.0,206.0,2.0,2.0,2.0,0.0,0.0,0.0,1.0,1.0,1.0,5.854510969133761,5.854510969133761,5.854510969133761,-2.90968670294835,-2.90968670294835,-2.90968670294835,6.0,0.0,3.0,0.0,0.0,0.0,5.0,2.0,1.0,0.0,0.0,2.0,74.0,0.0,3.7027027027027026,11.0,3.0,12.0,22.0,78.0,0.0,3.5641025641025643,10.0,4.0,14.0,22.0
2026_02_CAR_ATL,2026,2,ATL,CAR,7.0,7.0,-0.27798527246596033,-0.27798527246596033,-0.27798527246596033,0.40540540540540543,0.40540540540540543,0.40540540540540543,0.08108108108108109,0.08108108108108109,0.08108108108108109,0.02702702702702703,0.02702702702702703,0.02702702702702703,0.3561643835616438,0.3561643835616438,0.3561643835616438,-0.6063287474406966,-0.6063287474406966,-0.6063287474406966,-0.08170253260203367,-0.08170253260203367,-0.08170253260203367,-0.23609713651898137,-0.23609713651898137,-0.23609713651898137,0.4,0.4,0.4,0.05333333333333334,0.05333333333333334,0.05333333333333334,0.013333333333333334,0.013333333333333334,0.013333333333333334,0.13000536061730503,0.13000536061730503,0.13000536061730503,0.5060240963855421,0.5060240963855421,0.5060240963855421,0.0963855421686747,0.0963855421686747,0.0963855421686747,0.024096385542168676,0.024096385542168676,0.024096385542168676,0.49382716049382713,0.49382716049382713,0.49382716049382713,0.2510585687112924,0.2510585687112924,0.2510585687112924,0.05513089502082122,0.05513089502082122,0.05513089502082122,0.39890926132983595,0.39890926132983595,0.39890926132983595,0.5795454545454546,0.5795454545454546,0.5795454545454546,0.10227272727272728,0.10227272727272728,0.10227272727272728,0.022727272727272728,0.022727272727272728,0.022727272727272728,22.0,22.0,22.0,143.0,143.0,143.0,1.0,1.0,1.0,2.0,2.0,2.0,4.0,4.0,4.0,-15.764547433458114,-15.764547433458114,-15.764547433458114,-10.418013365645157,-10.418013365645157,-10.418013365645157,37.0,37.0,37.0,361.0,361.0,361.0,3.0,3.0,3.0,1.0,1.0,1.0,2.0,2.0,2.0,15.51976329782577,15.51976329782577,15.51976329782577,6.634585333592964,6.634585333592964,6.634585333592964,11.0,3.0,2.0,1.0,2.0,0.0,4.0,1.0,1.0,0.0,0.0,1.0,79.0,0.0,4.10126582278481,15.0,4.0,16.0,23.0,80.0,0.0,3.45,13.0,4.0,15.0,25.0
2026_02_NO_BAL,2026,2,BAL,NO,7.0,7.0,0.31312249699747097,0.31312249699747097,0.31312249699747097,0.5454545454545454,0.5454545454545454,0.5454545454545454,0.11688311688311688,0.11688311688311688,0.11688311688311688,0.012987012987012988,0.012987012987012988,0.012987012987012988,0.3466666666666667,0.3466666666666667,0.3466666666666667,0.3760311696073936,0.3760311696073936,0.3760311696073936,0.2797712992813336,0.2797712992813336,0.2797712992813336,-0.12185351495339501,-0.12185351495339501,-0.12185351495339501,0.4492753623188406,0.4492753623188406,0.4492753623188406,0.10144927536231885,0.10144927536231885,0.10144927536231885,0.028985507246376812,0.028985507246376812,0.028985507246376812,-0.04921200110838755,-0.04921200110838755,-0.04921200110838755,0.43137254901960786,0.43137254901960786,0.43137254901960786,0.0784313725490196,0.0784313725490196,0.0784313725490196,0.029411764705882353,0.029411764705882353,0.029411764705882353,0.5980392156862745,0.5980392156862745,0.5980392156862745,-0.016098134454466003,-0.016098134454466003,-0.016098134454466003,-0.06624949644319714,-0.06624949644319714,-0.06624949644319714,0.0009847035762573413,0.0009847035762573413,0.0009847035762573413,0.4946236559139785,0.4946236559139785,0.4946236559139785,0.08602150537634409,0.08602150537634409,0.08602150537634409,0.010752688172043012,0.010752688172043012,0.010752688172043012,25.0,25.0,25.0,324.0,324.0,324.0,1.0,1.0,1.0,0.0,0.0,0.0,2.0,2.0,2.0,10.343673247451648,10.343673247451648,10.343673247451648,4.801740248998006,4.801740248998006,4.801740248998006,56.0,56.0,56.0,410.0,410.0,410.0,3.0,3.0,3.0,2.0,2.0,2.0,5.0,5.0,5.0,-1.007320272566536,-1.007320272566536,-1.007320272566536,-1.2056044661081755,-1.2056044661081755,-1.2056044661081755,11.0,4.0,3.0,0.0,1.0,2.0,10.0,2.0,3.0,0.0,0.0,1.0,79.0,0.0,3.848101265822785,15.0,4.0,15.0,24.0,85.0,0.0,3.4,14.0,3.0,14.0,29.0
2026_02_MIN_CHI,2026,2,CHI,MIN,7.0,7.0,0.39890926132983595,0.39890926132983595,0.39890926132983595,0.5795454545454546,0.5795454545454546,0.5795454545454546,0.10227272727272728,0.10227272727272728,0.10227272727272728,0.022727272727272728,0.022727272727272728,0.022727272727272728,0.3522727272727273,0.3522727272727273,0.3522727272727273,0.44920208415539287,0.44920208415539287,0.44920208415539287,0.3777295905687751,0.3777295905687751,0.3777295905687751,0.13000536061730503,0.13000536061730503,0.13000536061730503,0.5060240963855421,0.5060240963855421,0.5060240963855421,0.0963855421686747,0.0963855421686747,0.0963855421686747,0.024096385542168676,0.024096385542168676,0.024096385542168676,0.02554242503922745,0.02554242503922745,0.02554242503922745,0.4189189189189189,0.4189189189189189,0.4189189189189189,0.02702702702702703,0.02702702702702703,0.02702702702702703,0.013513513513513514,0.013513513513513514,0.013513513513513514,0.3783783783783784,0.3783783783783784,0.3783783783783784,0.018529170133391646,0.018529170133391646,0.018529170133391646,-0.054034851098080136,-0.054034851098080136,-0.054034851098080136,-0.09782304911210654,-0.09782304911210654,-0.09782304911210654,0.4166666666666667,0.4166666666666667,0.4166666666666667,0.10714285714285714,0.10714285714285714,0.10714285714285714,0.023809523809523808,0.023809523809523808,0.023809523809523808,29.0,29.0,29.0,269.0,269.0,269.0,2.0,2.0,2.0,0.0,0.0,0.0,2.0,2.0,2.0,18.565287171866746,18.565287171866746,18.565287171866746,16.58033785911707,16.58033785911707,16.58033785911707,19.0,19.0,19.0,133.0,133.0,133.0,3.0,3.0,3.0,0.0,0.0,0.0,3.0,3.0,3.0,4.987111610793098,4.987111610793098,4.987111610793098,-7.261351692049127,-7.261351692049127,-7.261351692049127,10.0,0.0,0.0,0.0,0.0,0.0,7.0,2.0,1.0,1.0,2.0,0.0,83.0,0.0,3.674698795180723,15.0,4.0,13.0,26.0,80.0,0.0,3.6625,17.0,4.0,13.0,26.0
2026_02_CIN_HOU,2026,2,HOU,CIN,7.0,7.0,0.10243463309081402,0.10243463309081402,0.10243463309081402,0.5164835164835165,0.5164835164835165,0.5164835164835165,0.08791208791208792,0.08791208791208792,0.08791208791208792,0.02197802197802198,0.02197802197802198,0.02197802197802198,0.45555555555555555,0.45555555555555555,0.45555555555555555,0.03649860520195102,0.03649860520195102,0.03649860520195102,0.1104318395464361,0.1104318395464361,0.1104318395464361,0.24403634897548065,0.24403634897548065,0.24403634897548065,0.47761194029850745,0.47761194029850745,0.47761194029850745,0.11940298507462686,0.11940298507462686,0.11940298507462686,0.0,0.0,0.0,0.0715058831876873,0.0715058831876873,0.0715058831876873,0.5194805194805194,0.5194805194805194,0.5194805194805194,0.09090909090909091,0.09090909090909091,0.09090909090909091,0.012987012987012988,0.012987012987012988,0.012987012987012988,0.47368421052631576,0.47368421052631576,0.47368421052631576,-0.07297091840060486,-0.07297091840060486,-0.07297091840060486,0.09731624911364634,0.09731624911364634,0.09731624911364634,-0.06533260909298057,-0.06533260909298057,-0.06533260909298057,0.5384615384615384,0.5384615384615384,0.5384615384615384,0.046153846153846156,0.046153846153846156,0.046153846153846156,0.06153846153846154,0.06153846153846154,0.06153846153846154,38.0,38.0,38.0,274.0,274.0,274.0,2.0,2.0,2.0,0.0,0.0,0.0,3.0,3.0,3.0,1.4964428132799918,1.4964428132799918,1.4964428132799918,3.161677476522085,3.161677476522085,3.161677476522085,35.0,35.0,35.0,254.0,254.0,254.0,1.0,1.0,1.0,1.0,1.0,1.0,1.0,1.0,1.0,-2.6269530624217747,-2.6269530624217747,-2.6269530624217747,6.35173276943319,6.35173276943319,6.35173276943319,9.0,4.0,0.0,0.0,1.0,3.0,7.0,0.0,2.0,0.0,0.0,0.0,85.0,0.0,3.4705882352941178,16.0,4.0,15.0,27.0,71.0,0.0,3.6338028169014085,10.0,4.0,12.0,22.0
2026_02_PIT_NE,2026,2,NE,PIT,11.0,7.0,-0.08076999014976366,-0.08076999014976366,-0.08076999014976366,0.44871794871794873,0.44871794871794873,0.44871794871794873,0.038461538461538464,0.038461538461538464,0.038461538461538464,0.038461538461538464,0.038461538461538464,0.038461538461538464,0.4675324675324675,0.4675324675324675,0.4675324675324675,-0.1283709487496106,-0.1283709487496106,-0.1283709487496106,-0.08786257971716564,-0.08786257971716564,-0.08786257971716564,0.07479769433430171,0.07479769433430171,0.07479769433430171,0.4745762711864407,0.4745762711864407,0.4745762711864407,0.1016949152542373,0.1016949152542373,0.1016949152542373,0.0,0.0,0.0,-0.23609713651898137,-0.23609713651898137,-0.23609713651898137,0.4,0.4,0.4,0.05333333333333334,0.05333333333333334,0.05333333333333334,0.013333333333333334,0.013333333333333334,0.013333333333333334,0.581081081081081,0.581081081081081,0.581081081081081,-0.32394570725482785,-0.32394570725482785,-0.32394570725482785,-0.2522056129269509,-0.2522056129269509,-0.2522056129269509,-0.27798527246596033,-0.27798527246596033,-0.27798527246596033,0.40540540540540543,0.40540540540540543,0.40540540540540543,0.08108108108108109,0.08108108108108109,0.08108108108108109,0.02702702702702703,0.02702702702702703,0.02702702702702703,33.0,33.0,33.0,178.0,178.0,178.0,1.0,1.0,1.0,3.0,3.0,3.0,3.0,3.0,3.0,-4.621354154985982,-4.621354154985982,-4.621354154985982,5.9704506589520365,5.9704506589520365,5.9704506589520365,40.0,40.0,40.0,221.0,221.0,221.0,1.0,1.0,1.0,0.0,0.0,0.0,2.0,2.0,2.0,-7.838145270729495,-7.838145270729495,-7.838145270729495,1.234482873130489,1.234482873130489,1.234482873130489,6.0,2.0,2.0,0.0,0.0,1.0,5.0,1.0,2.0,0.0,0.0,0.0,81.0,0.0,3.1358024691358026,18.0,3.0,15.0,25.0,76.0,0.0,3.8684210526315788,13.0,4.0,12.0,24.0
2026_02_GB_NYJ,2026,2,NYJ,GB,7.0,7.0,0.18397137809566907,0.18397137809566907,0.18397137809566907,0.5405405405405406,0.5405405405405406,0.5405405405405406,0.0945945945945946,0.0945945945945946,0.0945945945945946,0.0,0.0,0.0,0.3333333333333333,0.3333333333333333,0.3333333333333333,0.4064521710191151,0.4064521710191151,0.4064521710191151,0.009615403262706379,0.009615403262706379,0.009615403262706379,-0.17098967346486538,-0.17098967346486538,-0.17098967346486538,0.46875,0.46875,0.46875,0.03125,0.03125,0.03125,0.015625,0.015625,0.015625,-0.09782304911210654,-0.09782304911210654,-0.09782304911210654,0.4166666666666667,0.4166666666666667,0.4166666666666667,0.10714285714285714,0.10714285714285714,0.10714285714285714,0.023809523809523808,0.023809523809523808,0.023809523809523808,0.5609756097560976,0.5609756097560976,0.5609756097560976,-0.05877491507986125,-0.05877491507986125,-0.05877491507986125,-0.4290321110262691,-0.4290321110262691,-0.4290321110262691,0.02554242503922745,0.02554242503922745,0.02554242503922745,0.4189189189189189,0.4189189189189189,0.4189189189189189,0.02702702702702703,0.02702702702702703,0.02702702702702703,0.013513513513513514,0.013513513513513514,0.013513513513513514,24.0,24.0,24.0,215.0,215.0,215.0,0.0,0.0,0.0,0.0,0.0,0.0,0.0,0.0,0.0,9.754852104458761,9.754852104458761,9.754852104458761,12.836020925770635,12.836020925770635,12.836020925770635,42.0,42.0,42.0,387.0,387.0,387.0,2.0,2.0,2.0,1.0,1.0,1.0,4.0,4.0,4.0,-2.7036460936736173,-2.7036460936736173,-2.7036460936736173,-9.65405449271202,-9.65405449271202,-9.65405449271202,9.0,4.0,1.0,0.0,2.0,1.0,10.0,2.0,4.0,0.0,0.0,2.0,77.0,0.0,3.423076923076923,13.0,3.0,11.0,24.0,81.0,0.0,2.8641975308641974,13.0,3.0,14.0,26.0
2026_02_CLE_TB,2026,2,TB,CLE,7.0,7.0,-0.06533260909298057,-0.06533260909298057,-0.06533260909298057,0.5384615384615384,0.5384615384615384,0.5384615384615384,0.046153846153846156,0.046153846153846156,0.046153846153846156,0.06153846153846154,0.06153846153846154,0.06153846153846154,0.5,0.5,0.5,-0.24725821220238764,-0.24725821220238764,-0.24725821220238764,-0.08071813075864491,-0.08071813075864491,-0.08071813075864491,0.0715058831876873,0.0715058831876873,0.0715058831876873,0.5194805194805194,0.5194805194805194,0.5194805194805194,0.09090909090909091,0.09090909090909091,0.09090909090909091,0.012987012987012988,0.012987012987012988,0.012987012987012988,-0.04725370165130703,-0.04725370165130703,-0.04725370165130703,0.49206349206349204,0.49206349206349204,0.49206349206349204,0.06349206349206349,0.06349206349206349,0.06349206349206349,0.031746031746031744,0.031746031746031744,0.031746031746031744,0.4426229508196721,0.4426229508196721,0.4426229508196721,-0.36426042891471166,-0.36426042891471166,-0.36426042891471166,0.03662623885479248,0.03662623885479248,0.03662623885479248,0.3269813378019868,0.3269813378019868,0.3269813378019868,0.640625,0.640625,0.640625,0.140625,0.140625,0.140625,0.0,0.0,0.0,28.0,28.0,28.0,216.0,216.0,216.0,0.0,0.0,0.0,0.0,0.0,0.0,4.0,4.0,4.0,-5.410519445537091,-5.410519445537091,-5.410519445537091,14.020461947829634,14.020461947829634,14.020461947829634,22.0,22.0,22.0,205.0,205.0,205.0,1.0,1.0,1.0,1.0,1.0,1.0,5.0,5.0,5.0,-5.560122194518736,-5.560122194518736,-5.560122194518736,10.32099574804306,10.32099574804306,10.32099574804306,7.0,0.0,3.0,0.0,0.0,0.0,9.0,1.0,2.0,0.0,0.0,1.0,74.0,0.0,3.22972972972973,18.0,3.0,13.0,22.0,84.0,0.0,2.9642857142857144,18.0,4.0,14.0,24.0
2026_02_PHI_TEN,2026,2,TEN,PHI,7.0,7.0,-0.17098967346486538,-0.17098967346486538,-0.17098967346486538,0.46875,0.46875,0.46875,0.03125,0.03125,0.03125,0.015625,0.015625,0.015625,0.546875,0.546875,0.546875,-0.21003582130091553,-0.21003582130091553,-0.21003582130091553,0.1099063428305921,0.1099063428305921,0.1099063428305921,0.18397137809566907,0.18397137809566907,0.18397137809566907,0.5405405405405406,0.5405405405405406,0.5405405405405406,0.0945945945945946,0.0945945945945946,0.0945945945945946,0.0,0.0,0.0,0.06918139260214101,0.06918139260214101,0.06918139260214101,0.4411764705882353,0.4411764705882353,0.4411764705882353,0.08823529411764706,0.08823529411764706,0.08823529411764706,0.0,0.0,0.0,0.417910447761194,0.417910447761194,0.417910447761194,0.04547772599315103,0.04547772599315103,0.04547772599315103,0.1021068639010596,0.1021068639010596,0.1021068639010596,0.05049269044428898,0.05049269044428898,0.05049269044428898,0.4523809523809524,0.4523809523809524,0.4523809523809524,0.05952380952380952,0.05952380952380952,0.05952380952380952,0.0,0.0,0.0,32.0,32.0,32.0,140.0,140.0,140.0,1.0,1.0,1.0,0.0,0.0,0.0,3.0,3.0,3.0,-7.351253745532043,-7.351253745532043,-7.351253745532043,0.389746470110757,0.389746470110757,0.389746470110757,25.0,25.0,25.0,203.0,203.0,203.0,3.0,3.0,3.0,0.0,0.0,0.0,3.0,3.0,3.0,1.2733763278082288,1.2733763278082288,1.2733763278082288,0.8679412982680581,0.8679412982680581,0.8679412982680581,3.0,0.0,3.0,0.0,0.0,0.0,6.0,1.0,1.0,0.0,0.0,1.0,79.0,0.0,3.481012658227848,11.0,3.0,13.0,23.0,78.0,0.0,3.4358974358974357,13.0,4.0,13.0,26.0
2026_02_JAX_DEN,2026,2,DEN,JAX,6.0,7.0,-0.19950637912122063,-0.19950637912122063,-0.19950637912122063,0.45901639344262296,0.45901639344262296,0.45901639344262296,0.01639344262295082,0.01639344262295082,0.01639344262295082,0.03278688524590164,0.03278688524590164,0.03278688524590164,0.5333333333333333,0.5333333333333333,0.5333333333333333,-0.44941849297356384,-0.44941849297356384,-0.44941849297356384,-0.10256191935990122,-0.10256191935990122,-0.10256191935990122,0.1797654512935813,0.1797654512935813,0.1797654512935813,0.4935064935064935,0.4935064935064935,0.4935064935064935,0.09090909090909091,0.09090909090909091,0.09090909090909091,0.012987012987012988,0.012987012987012988,0.012987012987012988,0.3269813378019868,0.3269813378019868,0.3269813378019868,0.640625,0.640625,0.640625,0.140625,0.140625,0.140625,0.0,0.0,0.0,0.375,0.375,0.375,0.792561489448417,0.792561489448417,0.792561489448417,-0.03788219856015532,-0.03788219856015532,-0.03788219856015532,-0.04725370165130703,-0.04725370165130703,-0.04725370165130703,0.49206349206349204,0.49206349206349204,0.49206349206349204,0.06349206349206349,0.06349206349206349,0.06349206349206349,0.031746031746031744,0.031746031746031744,0.031746031746031744,28.0,28.0,28.0,131.0,131.0,131.0,1.0,1.0,1.0,1.0,1.0,1.0,4.0,4.0,4.0,-14.381391775154043,-14.381391775154043,-14.381391775154043,-7.779540839018645,-7.779540839018645,-7.779540839018645,23.0,23.0,23.0,245.0,245.0,245.0,4.0,4.0,4.0,0.0,0.0,0.0,1.0,1.0,1.0,19.021475746762007,19.021475746762007,19.021475746762007,22.325369857606432,22.325369857606432,22.325369857606432,4.0,1.0,1.0,0.0,1.0,0.0,6.0,0.0,0.0,0.0,0.0,0.0,77.0,0.0,3.7532467532467533,12.0,3.0,15.0,24.0,81.0,0.0,3.197530864197531,19.0,4.0,17.0,25.0
2026_02_LV_LAC,2026,2,LAC,LV,7.0,7.0,-0.26968617300541636,-0.26968617300541636,-0.26968617300541636,0.4032258064516129,0.4032258064516129,0.4032258064516129,0.06451612903225806,0.06451612903225806,0.06451612903225806,0.03225806451612903,0.03225806451612903,0.03225806451612903,0.4838709677419355,0.4838709677419355,0.4838709677419355,-0.1869222105674756,-0.1869222105674756,-0.1869222105674756,-0.32544013614200856,-0.32544013614200856,-0.32544013614200856,0.0716658514989819,0.0716658514989819,0.0716658514989819,0.5,0.5,0.5,0.05952380952380952,0.05952380952380952,0.05952380952380952,0.0,0.0,0.0,0.03251949564847898,0.03251949564847898,0.03251949564847898,0.4868421052631579,0.4868421052631579,0.4868421052631579,0.06578947368421052,0.06578947368421052,0.06578947368421052,0.02631578947368421,0.02631578947368421,0.02631578947368421,0.4,0.4,0.4,0.013106488745309857,0.013106488745309857,0.013106488745309857,-0.08525705048369299,-0.08525705048369299,-0.08525705048369299,-0.19975576007538653,-0.19975576007538653,-0.19975576007538653,0.36923076923076925,0.36923076923076925,0.36923076923076925,0.1076923076923077,0.1076923076923077,0.1076923076923077,0.03076923076923077,0.03076923076923077,0.03076923076923077,27.0,27.0,27.0,209.0,209.0,209.0,1.0,1.0,1.0,1.0,1.0,1.0,3.0,3.0,3.0,-5.607666317024268,-5.607666317024268,-5.607666317024268,-6.209376123216417,-6.209376123216417,-6.209376123216417,30.0,30.0,30.0,160.0,160.0,160.0,3.0,3.0,3.0,2.0,2.0,2.0,0.0,0.0,0.0,0.3931946623592959,0.3931946623592959,0.3931946623592959,0.7089010600385994,0.7089010600385994,0.7089010600385994,10.0,2.0,2.0,0.0,0.0,1.0,4.0,2.0,1.0,0.0,1.0,0.0,76.0,0.0,3.5,15.0,3.0,16.0,24.0,80.0,0.0,3.075,18.0,3.0,14.0,27.0
2026_02_SEA_ARI,2026,2,ARI,SEA,7.0,11.0,0.0716658514989819,0.0716658514989819,0.0716658514989819,0.5,0.5,0.5,0.05952380952380952,0.05952380952380952,0.05952380952380952,0.0,0.0,0.0,0.4634146341463415,0.4634146341463415,0.4634146341463415,0.2371806496092959,0.2371806496092959,0.2371806496092959,0.030096648407989344,0.030096648407989344,0.030096648407989344,-0.26968617300541636,-0.26968617300541636,-0.26968617300541636,0.4032258064516129,0.4032258064516129,0.4032258064516129,0.06451612903225806,0.06451612903225806,0.06451612903225806,0.03225806451612903,0.03225806451612903,0.03225806451612903,0.07479769433430171,0.07479769433430171,0.07479769433430171,0.4745762711864407,0.4745762711864407,0.4745762711864407,0.1016949152542373,0.1016949152542373,0.1016949152542373,0.0,0.0,0.0,0.4482758620689655,0.4482758620689655,0.4482758620689655,0.16801726550264592,0.16801726550264592,0.16801726550264592,-0.06119518151085469,-0.06119518151085469,-0.06119518151085469,-0.08076999014976366,-0.08076999014976366,-0.08076999014976366,0.44871794871794873,0.44871794871794873,0.44871794871794873,0.038461538461538464,0.038461538461538464,0.038461538461538464,0.038461538461538464,0.038461538461538464,0.038461538461538464,37.0,37.0,37.0,277.0,277.0,277.0,1.0,1.0,1.0,0.0,0.0,0.0,1.0,1.0,1.0,9.012864685153245,9.012864685153245,9.012864685153245,4.605903093879287,4.605903093879287,4.605903093879287,22.0,22.0,22.0,187.0,187.0,187.0,1.0,1.0,1.0,0.0,0.0,0.0,1.0,1.0,1.0,6.444594950165493,6.444594950165493,6.444594950165493,4.779412394220179,4.779412394220179,4.779412394220179,12.0,1.0,6.0,0.0,0.0,0.0,8.0,3.0,1.0,1.0,1.0,1.0,80.0,0.0,3.475,12.0,3.0,14.0,25.0,77.0,0.0,3.3506493506493507,11.0,3.0,14.0,25.0
2026_02_WAS_DAL,2026,2,DAL,WAS,7.0,7.0,0.16685275730167992,0.16685275730167992,0.16685275730167992,0.46774193548387094,0.46774193548387094,0.46774193548387094,0.016129032258064516,0.016129032258064516,0.016129032258064516,0.016129032258064516,0.016129032258064516,0.016129032258064516,0.5483870967741935,0.5483870967741935,0.5483870967741935,0.3053206695459427,0.3053206695459427,0.3053206695459427,0.060774440615205094,0.060774440615205094,0.060774440615205094,0.32357290071839406,0.32357290071839406,0.32357290071839406,0.618421052631579,0.618421052631579,0.618421052631579,0.05263157894736842,0.05263157894736842,0.05263157894736842,0.013157894736842105,0.013157894736842105,0.013157894736842105,0.05049269044428898,0.05049269044428898,0.05049269044428898,0.4523809523809524,0.4523809523809524,0.4523809523809524,0.05952380952380952,0.05952380952380952,0.05952380952380952,0.0,0.0,0.0,0.43373493975903615,0.43373493975903615,0.43373493975903615,0.10849542931035999,0.10849542931035999,0.10849542931035999,0.005223323623488402,0.005223323623488402,0.005223323623488402,0.06918139260214101,0.06918139260214101,0.06918139260214101,0.4411764705882353,0.4411764705882353,0.4411764705882353,0.08823529411764706,0.08823529411764706,0.08823529411764706,0.0,0.0,0.0,34.0,34.0,34.0,175.0,175.0,175.0,2.0,2.0,2.0,1.0,1.0,1.0,0.0,0.0,0.0,10.380902764562052,10.380902764562052,10.380902764562052,7.729866604010264,7.729866604010264,7.729866604010264,34.0,34.0,34.0,164.0,164.0,164.0,2.0,2.0,2.0,0.0,0.0,0.0,1.0,1.0,1.0,3.9058354551729595,3.9058354551729595,3.9058354551729595,-3.445302772110906,-3.445302772110906,-3.445302772110906,4.0,2.0,0.0,0.0,0.0,1.0,12.0,2.0,1.0,0.0,1.0,1.0,79.0,0.0,3.721518987341772,13.0,3.0,14.0,25.0,81.0,0.0,4.45679012345679,13.0,4.0,13.0,24.0
2026_02_MIA_SF,2026,2,SF,MIA,10.0,7.0,0.1436013220243637,0.1436013220243637,0.1436013220243637,0.5733333333333334,0.5733333333333334,0.5733333333333334,0.08,0.08,0.08,0.013333333333333334,0.013333333333333334,0.013333333333333334,0.4594594594594595,0.4594594594594595,0.4594594594594595,0.14193022164355665,0.14193022164355665,0.14193022164355665,0.2205165465323565,0.2205165465323565,0.2205165465323565,-0.2200656967261622,-0.2200656967261622,-0.2200656967261622,0.43283582089552236,0.43283582089552236,0.43283582089552236,0.05970149253731343,0.05970149253731343,0.05970149253731343,0.029850746268656716,0.029850746268656716,0.029850746268656716,-0.19975576007538653,-0.19975576007538653,-0.19975576007538653,0.36923076923076925,0.36923076923076925,0.36923076923076925,0.1076923076923077,0.1076923076923077,0.1076923076923077,0.03076923076923077,0.03076923076923077,0.03076923076923077,0.5,0.5,0.5,-0.288433956995324,-0.288433956995324,-0.288433956995324,-0.14247820392168295,-0.14247820392168295,-0.14247820392168295,0.03251949564847898,0.03251949564847898,0.03251949564847898,0.4868421052631579,0.4868421052631579,0.4868421052631579,0.06578947368421052,0.06578947368421052,0.06578947368421052,0.02631578947368421,0.02631578947368421,0.02631578947368421,34.0,34.0,34.0,205.0,205.0,205.0,3.0,3.0,3.0,1.0,1.0,1.0,0.0,0.0,0.0,4.825627535880926,4.825627535880926,4.825627535880926,0.7715561810661765,0.7715561810661765,0.7715561810661765,27.0,27.0,27.0,220.0,220.0,220.0,0.0,0.0,0.0,1.0,1.0,1.0,5.0,5.0,5.0,-5.48974969708947,-5.48974969708947,-5.48974969708947,-8.850246557482967,-8.850246557482967,-8.850246557482967,12.0,1.0,2.0,0.0,1.0,0.0,6.0,2.0,1.0,0.0,0.0,2.0,85.0,0.0,4.047058823529412,15.0,3.0,15.0,26.0,77.0,0.0,2.4285714285714284,18.0,3.0,11.0,24.0
2026_02_IND_KC,2026,2,KC,IND,6.0,7.0,0.1797654512935813,0.1797654512935813,0.1797654512935813,0.4935064935064935,0.4935064935064935,0.4935064935064935,0.09090909090909091,0.09090909090909091,0.09090909090909091,0.012987012987012988,0.012987012987012988,0.012987012987012988,0.3815789473684211,0.3815789473684211,0.3815789473684211,-0.07937349637153422,-0.07937349637153422,-0.07937349637153422,0.36643374804739975,0.36643374804739975,0.36643374804739975,-0.19950637912122063,-0.19950637912122063,-0.19950637912122063,0.45901639344262296,0.45901639344262296,0.45901639344262296,0.01639344262295082,0.01639344262295082,0.01639344262295082,0.03278688524590164,0.03278688524590164,0.03278688524590164,-0.12185351495339501,-0.12185351495339501,-0.12185351495339501,0.4492753623188406,0.4492753623188406,0.4492753623188406,0.10144927536231885,0.10144927536231885,0.10144927536231885,0.028985507246376812,0.028985507246376812,0.028985507246376812,0.4782608695652174,0.4782608695652174,0.4782608695652174,-0.46160670501400386,-0.46160670501400386,-0.46160670501400386,0.12237417112919502,0.12237417112919502,0.12237417112919502,0.31312249699747097,0.31312249699747097,0.31312249699747097,0.5454545454545454,0.5454545454545454,0.5454545454545454,0.11688311688311688,0.11688311688311688,0.11688311688311688,0.012987012987012988,0.012987012987012988,0.012987012987012988,27.0,27.0,27.0,184.0,184.0,184.0,2.0,2.0,2.0,1.0,1.0,1.0,2.0,2.0,2.0,-2.3018313947744926,-2.3018313947744926,-2.3018313947744926,-11.91810131072998,-11.91810131072998,-11.91810131072998,31.0,31.0,31.0,166.0,166.0,166.0,1.0,1.0,1.0,1.0,1.0,1.0,2.0,2.0,2.0,-9.612229877368634,-9.612229877368634,-9.612229877368634,-5.060457874988687,-5.060457874988687,-5.060457874988687,9.0,2.0,2.0,0.0,0.0,1.0,11.0,1.0,1.0,0.0,1.0,0.0,78.0,0.0,2.8846153846153846,20.0,3.0,13.0,25.0,76.0,0.0,3.263157894736842,20.0,3.0,13.0,24.0
2026_02_NYG_LA,2026,2,LA,NYG,11.0,8.0,-0.2200656967261622,-0.2200656967261622,-0.2200656967261622,0.43283582089552236,0.43283582089552236,0.43283582089552236,0.05970149253731343,0.05970149253731343,0.05970149253731343,0.029850746268656716,0.029850746268656716,0.029850746268656716,0.42424242424242425,0.42424242424242425,0.42424242424242425,-0.3938521855889121,-0.3938521855889121,-0.3938521855889121,-0.1354256611250873,-0.1354256611250873,-0.1354256611250873,0.1436013220243637,0.1436013220243637,0.1436013220243637,0.5733333333333334,0.5733333333333334,0.5733333333333334,0.08,0.08,0.08,0.013333333333333334,0.013333333333333334,0.013333333333333334,0.32357290071839406,0.32357290071839406,0.32357290071839406,0.618421052631579,0.618421052631579,0.618421052631579,0.05263157894736842,0.05263157894736842,0.05263157894736842,0.013157894736842105,0.013157894736842105,0.013157894736842105,0.4189189189189189,0.4189189189189189,0.4189189189189189,0.7068532854290454,0.7068532854290454,0.7068532854290454,0.06072637816353509,0.06072637816353509,0.06072637816353509,0.16685275730167992,0.16685275730167992,0.16685275730167992,0.46774193548387094,0.46774193548387094,0.46774193548387094,0.016129032258064516,0.016129032258064516,0.016129032258064516,0.016129032258064516,0.016129032258064516,0.016129032258064516,25.0,25.0,25.0,155.0,155.0,155.0,0.0,0.0,0.0,1.0,1.0,1.0,0.0,0.0,0.0,-5.611142354202457,-5.611142354202457,-5.611142354202457,-4.688520357012749,-4.688520357012749,-4.688520357012749,29.0,29.0,29.0,230.0,230.0,230.0,3.0,3.0,3.0,0.0,0.0,0.0,2.0,2.0,2.0,21.912451848300407,21.912451848300407,21.912451848300407,13.383558186991461,13.383558186991461,13.383558186991461,11.0,2.0,1.0,0.0,1.0,0.0,7.0,0.0,2.0,0.0,0.0,0.0,77.0,0.0,3.3896103896103895,16.0,4.0,13.0,24.0,79.0,0.0,3.6835443037974684,14.0,3.0,14.0,24.0
2026_03_ATL_GB,2026,3,GB,ATL,4.0,4.0,-0.08746697362049892,-0.08746697362049892,-0.08746697362049892,0.43141025641025643,0.43141025641025643,0.43141025641025643,0.07664835164835165,0.07664835164835165,0.07664835164835165,0.019597069597069597,0.019597069597069597,0.019597069597069597,0.5304878048780488,0.5304878048780488,0.5304878048780488,-0.07889533701333327,-0.07889533701333327,-0.07889533701333327,-0.43508728697714916,-0.43508728697714916,-0.43508728697714916,-0.03631074619907665,-0.03631074619907665,-0.03631074619907665,0.42785026405716065,0.42785026405716065,0.42785026405716065,0.03075489282385834,0.03075489282385834,0.03075489282385834,0.006756756756756757,0.006756756756756757,0.006756756756756757,-0.36982438497614134,-0.36982438497614134,-0.36982438497614134,0.39020270270270274,0.39020270270270274,0.39020270270270274,0.059290540540540546,0.059290540540540546,0.059290540540540546,0.044763513513513514,0.044763513513513514,0.044763513513513514,0.3996011791225941,0.3996011791225941,0.3996011791225941,-0.6610313544064214,-0.6610313544064214,-0.6610313544064214,-0.14499406568060463,-0.14499406568060463,-0.14499406568060463,-0.04954796426913412,-0.04954796426913412,-0.04954796426913412,0.45,0.45,0.45,0.06833333333333333,0.06833333333333333,0.06833333333333333,0.006666666666666667,0.006666666666666667,0.006666666666666667,35.5,35.5,35.5,266.0,266.0,266.0,2.0,2.0,2.0,0.5,0.5,0.5,3.5,3.5,3.5,-2.9360751899856936,-2.9360751899856936,-2.9360751899856936,-11.625058093461497,-11.625058093461497,-11.625058093461497,19.5,19.5,19.5,114.5,114.5,114.5,0.5,0.5,0.5,2.0,2.0,2.0,2.5,2.5,2.5,-13.977811749499484,-13.977811749499484,-13.977811749499484,-13.613432521236938,-13.613432521236938,-13.613432521236938,12.0,4.0,2.0,0.0,1.0,3.0,10.0,1.0,1.0,0.0,0.0,1.0,79.0,0.0,2.8987341772151898,12.0,3.0,14.0,25.0,80.0,0.0,4.1,14.0,4.0,16.0,23.0
2026_03_LAC_BUF,2026,3,BUF,LAC,10.0,7.0,0.31260216783056727,0.31260216783056727,0.31260216783056727,0.5325559701492537,0.5325559701492537,0.5325559701492537,0.13470149253731342,0.13470149253731342,0.13470149253731342,0.0,0.0,0.0,0.4512850019179133,0.4512850019179133,0.4512850019179133,0.45512199181620683,0.45512199181620683,0.45512199181620683,0.1412862593545552,0.1412862593545552,0.1412862593545552,0.15734866007598225,0.15734866007598225,0.15734866007598225,0.5367227708999861,0.5367227708999861,0.5367227708999861,0.08825984142439838,0.08825984142439838,0.08825984142439838,0.01098901098901099,0.01098901098901099,0.01098901098901099,-0.25695322448208413,-0.25695322448208413,-0.25695322448208413,0.398981324278438,0.398981324278438,0.398981324278438,0.05857385398981324,0.05857385398981324,0.05857385398981324,0.03586587436332767,0.03586587436332767,0.03586587436332767,0.44193548387096776,0.44193548387096776,0.44193548387096776,-0.10284666576950527,-0.10284666576950527,-0.10284666576950527,-0.4068404381928953,-0.4068404381928953,-0.4068404381928953,0.012673729227228654,0.012673729227228654,0.012673729227228654,0.4513888888888889,0.4513888888888889,0.4513888888888889,0.057539682539682536,0.057539682539682536,0.057539682539682536,0.006944444444444444,0.006944444444444444,0.006944444444444444,30.0,30.0,30.0,291.0,291.0,291.0,2.5,2.5,2.5,0.0,0.0,0.0,2.0,2.0,2.0,14.791915981090424,14.791915981090424,14.791915981090424,6.930085271596909,6.930085271596909,6.930085271596909,27.0,27.0,27.0,200.5,200.5,200.5,1.0,1.0,1.0,1.5,1.5,1.5,3.0,3.0,3.0,-3.085399973085158,-3.085399973085158,-3.085399973085158,-6.243003223441605,-6.243003223441605,-6.243003223441605,10.0,2.0,4.0,0.0,0.0,1.0,15.0,6.0,2.0,0.0,2.0,3.0,74.0,0.0,3.7972972972972974,11.0,3.0,12.0,22.0,77.0,0.0,3.4358974358974357,16.0,3.0,16.0,25.0
2026_03_CAR_CLE,2026,3,CLE,CAR,7.0,7.0,0.0043165800682012125,0.0043165800682012125,0.0043165800682012125,0.5069013112491373,0.5069013112491373,0.5069013112491373,0.04623878536922015,0.04623878536922015,0.04623878536922015,0.015873015873015872,0.015873015873015872,0.015873015873015872,0.45660559305689485,0.45660559305689485,0.45660559305689485,-0.020039428562814432,-0.020039428562814432,-0.020039428562814432,-0.21686215508189727,-0.21686215508189727,-0.21686215508189727,0.15594096588067438,0.15594096588067438,0.15594096588067438,0.5578125,0.5578125,0.5578125,0.1140625,0.1140625,0.1140625,0.00625,0.00625,0.00625,0.1335032842990091,0.1335032842990091,0.1335032842990091,0.5030120481927711,0.5030120481927711,0.5030120481927711,0.08985943775100402,0.08985943775100402,0.08985943775100402,0.012048192771084338,0.012048192771084338,0.012048192771084338,0.5145192140497304,0.5145192140497304,0.5145192140497304,0.2711876369858595,0.2711876369858595,0.2711876369858595,-0.03639127869066758,-0.03639127869066758,-0.03639127869066758,-0.03137711807824323,-0.03137711807824323,-0.03137711807824323,0.4772727272727273,0.4772727272727273,0.4772727272727273,0.06988636363636364,0.06988636363636364,0.06988636363636364,0.04261363636363637,0.04261363636363637,0.04261363636363637,26.0,26.0,26.0,221.5,221.5,221.5,1.5,1.5,1.5,0.5,0.5,0.5,3.5,3.5,3.5,2.406844051365957,2.406844051365957,2.406844051365957,8.374716689189276,8.374716689189276,8.374716689189276,36.5,36.5,36.5,324.0,324.0,324.0,3.0,3.0,3.0,0.5,0.5,0.5,2.0,2.0,2.0,13.29489904886099,13.29489904886099,13.29489904886099,9.111874926637746,9.111874926637746,9.111874926637746,7.0,1.0,2.0,0.0,0.0,1.0,9.0,3.0,2.0,0.0,0.0,2.0,83.0,0.0,3.0,17.0,4.0,14.0,23.0,82.0,0.0,3.451219512195122,13.0,4.0,15.0,26.0
2026_03_NYJ_DET,2026,3,DET,NYJ,10.0,7.0,0.1066236953187039,0.1066236953187039,0.1066236953187039,0.525792840615217,0.525792840615217,0.525792840615217,0.08731455015652648,0.08731455015652648,0.08731455015652648,0.005376344086021506,0.005376344086021506,0.005376344086021506,0.489010989010989,0.489010989010989,0.489010989010989,0.23036032796227016,0.23036032796227016,0.23036032796227016,-0.11488508520710583,-0.11488508520710583,-0.11488508520710583,0.16597799278863318,0.16597799278863318,0.16597799278863318,0.509436274509804,0.509436274509804,0.509436274509804,0.1142156862745098,0.1142156862745098,0.1142156862745098,0.014705882352941176,0.014705882352941176,0.014705882352941176,0.042903730329144164,0.042903730329144164,0.042903730329144164,0.48866107486797145,0.48866107486797145,0.48866107486797145,0.06453867660764212,0.06453867660764212,0.06453867660764212,0.0,0.0,0.0,0.42248062015503873,0.42248062015503873,0.42248062015503873,0.2521374399886174,0.2521374399886174,0.2521374399886174,-0.21448346599987475,-0.21448346599987475,-0.21448346599987475,-0.12405028579687834,-0.12405028579687834,-0.12405028579687834,0.45745192307692306,0.45745192307692306,0.45745192307692306,0.03870192307692308,0.03870192307692308,0.03870192307692308,0.015504807692307693,0.015504807692307693,0.015504807692307693,38.5,38.5,38.5,266.5,266.5,266.5,3.0,3.0,3.0,0.0,0.0,0.0,2.5,2.5,2.5,12.215398857253927,12.215398857253927,12.215398857253927,1.5437156293797591,1.5437156293797591,1.5437156293797591,32.5,32.5,32.5,231.0,231.0,231.0,0.5,0.5,0.5,0.0,0.0,0.0,2.0,2.0,2.0,7.019544557984587,7.019544557984587,7.019544557984587,9.350420322251205,9.350420322251205,9.350420322251205,8.0,2.0,0.0,0.0,0.0,1.0,7.0,4.0,2.0,0.0,2.0,1.0,80.0,0.0,3.6,11.0,4.0,14.0,22.0,80.0,0.0,3.3950617283950617,14.0,4.0,11.0,26.0
2026_03_HOU_IND,2026,3,IND,HOU,7.0,7.0,0.0293244842018096,0.0293244842018096,0.0293244842018096,0.49046046596954684,0.49046046596954684,0.49046046596954684,0.08869932122546323,0.08869932122546323,0.08869932122546323,0.02082186754723904,0.02082186754723904,0.02082186754723904,0.43784838350055744,0.43784838350055744,0.43784838350055744,-0.13586220773871432,-0.13586220773871432,-0.13586220773871432,0.12127777346813673,0.12127777346813673,0.12127777346813673,0.25711483740720764,0.25711483740720764,0.25711483740720764,0.5716963448922212,0.5716963448922212,0.5716963448922212,0.10483331101887802,0.10483331101887802,0.10483331101887802,0.006493506493506494,0.006493506493506494,0.006493506493506494,-0.07511601643119098,-0.07511601643119098,-0.07511601643119098,0.44157509157509156,0.44157509157509156,0.44157509157509156,0.0884004884004884,0.0884004884004884,0.0884004884004884,0.01098901098901099,0.01098901098901099,0.01098901098901099,0.5536204744069912,0.5536204744069912,0.5536204744069912,-0.06027197807113474,-0.06027197807113474,-0.06027197807113474,-0.21392954695842248,-0.21392954695842248,-0.21392954695842248,0.10416146612030439,0.10416146612030439,0.10416146612030439,0.4144816458249294,0.4144816458249294,0.4144816458249294,0.10024203307785398,0.10024203307785398,0.10024203307785398,0.0,0.0,0.0,31.0,31.0,31.0,188.0,188.0,188.0,1.0,1.0,1.0,1.0,1.0,1.0,1.0,1.0,1.0,-1.862939450867401,-1.862939450867401,-1.862939450867401,-0.5588098812377316,-0.5588098812377316,-0.5588098812377316,46.5,46.5,46.5,313.5,313.5,313.5,1.0,1.0,1.0,0.0,0.0,0.0,3.5,3.5,3.5,-2.4313982816216595,-2.4313982816216595,-2.4313982816216595,-2.6348150090591327,-2.6348150090591327,-2.6348150090591327,10.0,2.0,1.0,0.0,2.0,0.0,11.0,5.0,1.0,0.0,1.0,3.0,77.0,0.0,3.324675324675325,19.0,3.0,13.0,26.0,84.0,0.0,3.511904761904762,15.0,3.0,15.0,26.0
2026_03_NE_JAX,2026,3,JAX,NE,7.0,7.0,0.1464326109010123,0.1464326109010123,0.1464326109010123,0.5739356884057971,0.5739356884057971,0.5739356884057971,0.10654438405797101,0.10654438405797101,0.10654438405797101,0.007246376811594203,0.007246376811594203,0.007246376811594203,0.4154411764705882,0.4154411764705882,0.4154411764705882,0.3299089115124546,0.3299089115124546,0.3299089115124546,0.012286905098058007,0.012286905098058007,0.012286905098058007,0.0436305977819219,0.0436305977819219,0.0436305977819219,0.4997630893153281,0.4997630893153281,0.4997630893153281,0.09891021085050936,0.09891021085050936,0.09891021085050936,0.023335702440180052,0.023335702440180052,0.023335702440180052,-0.0784360574653988,-0.0784360574653988,-0.0784360574653988,0.4501654259718776,0.4501654259718776,0.4501654259718776,0.0837468982630273,0.0837468982630273,0.0837468982630273,0.03535980148883375,0.03535980148883375,0.03535980148883375,0.438684266553119,0.438684266553119,0.438684266553119,-0.16979085174015573,-0.16979085174015573,-0.16979085174015573,-0.010720150243512888,-0.010720150243512888,-0.010720150243512888,-0.12411932565245412,-0.12411932565245412,-0.12411932565245412,0.4421074127016541,0.4421074127016541,0.4421074127016541,0.06891974678374516,0.06891974678374516,0.06891974678374516,0.012048192771084338,0.012048192771084338,0.012048192771084338,26.0,26.0,26.0,217.0,217.0,217.0,2.0,2.0,2.0,0.5,0.5,0.5,1.5,1.5,1.5,7.4532110438166335,7.4532110438166335,7.4532110438166335,11.620372099181015,11.620372099181015,11.620372099181015,27.5,27.5,27.5,193.0,193.0,193.0,0.5,0.5,0.5,2.0,2.0,2.0,3.0,3.0,3.0,-2.942386003175569,-2.942386003175569,-2.942386003175569,3.411407125527225,3.411407125527225,3.411407125527225,8.0,1.0,0.0,0.0,0.0,1.0,10.0,3.0,2.0,0.0,0.0,2.0,81.0,0.0,3.197530864197531,19.0,4.0,17.0,25.0,81.0,0.0,3.1728395061728394,17.0,3.0,14.0,25.0
2026_03_KC_MIA,2026,3,MIA,KC,7.0,7.0,-0.10871058327795928,-0.10871058327795928,-0.10871058327795928,0.42032967032967034,0.42032967032967034,0.42032967032967034,0.07527472527472528,0.07527472527472528,0.07527472527472528,0.015384615384615385,0.015384615384615385,0.015384615384615385,0.44565217391304346,0.44565217391304346,0.44565217391304346,-0.06173703865047532,-0.06173703865047532,-0.06173703865047532,-0.14899761227892236,-0.14899761227892236,-0.14899761227892236,0.21635524867285474,0.21635524867285474,0.21635524867285474,0.5537658802177858,0.5537658802177858,0.5537658802177858,0.09323956442831216,0.09323956442831216,0.09323956442831216,0.013157894736842105,0.013157894736842105,0.013157894736842105,0.19043631455526283,0.19043631455526283,0.19043631455526283,0.5457223189181952,0.5457223189181952,0.5457223189181952,0.09184629803186505,0.09184629803186505,0.09184629803186505,0.006493506493506494,0.006493506493506494,0.006493506493506494,0.4459978070175439,0.4459978070175439,0.4459978070175439,0.09729850818522068,0.09729850818522068,0.09729850818522068,0.2596589261872936,0.2596589261872936,0.2596589261872936,-0.009501947882103207,-0.009501947882103207,-0.009501947882103207,0.49533098153143806,0.49533098153143806,0.49533098153143806,0.04617140485577921,0.04617140485577921,0.04617140485577921,0.022722556547001452,0.022722556547001452,0.022722556547001452,25.0,25.0,25.0,208.5,208.5,208.5,0.5,0.5,0.5,0.5,0.5,0.5,4.5,4.5,4.5,-0.5179164726706951,-0.5179164726706951,-0.5179164726706951,-8.733678521549452,-8.733678521549452,-8.733678521549452,37.0,37.0,37.0,283.0,283.0,283.0,2.5,2.5,2.5,0.5,0.5,0.5,2.0,2.0,2.0,5.561361864791156,5.561361864791156,5.561361864791156,-4.093409887579984,-4.093409887579984,-4.093409887579984,10.0,3.0,2.0,0.0,2.0,1.0,12.0,2.0,0.0,0.0,0.0,1.0,79.0,0.0,2.367088607594937,19.0,3.0,11.0,25.0,77.0,0.0,2.883116883116883,20.0,3.0,13.0,25.0
2026_03_TEN_NYG,2026,3,NYG,TEN,6.0,7.0,0.02559323455957932,0.02559323455957932,0.02559323455957932,0.4877819548872181,0.4877819548872181,0.4877819548872181,0.033458646616541354,0.033458646616541354,0.033458646616541354,0.013721804511278194,0.013721804511278194,0.013721804511278194,0.45945945945945943,0.45945945945945943,0.45945945945945943,0.09451114154287588,0.09451114154287588,0.09451114154287588,-0.11248579161256009,-0.11248579161256009,-0.11248579161256009,0.17772529403063597,0.17772529403063597,0.17772529403063597,0.5174530572941742,0.5174530572941742,0.5174530572941742,0.09015406836783824,0.09015406836783824,0.09015406836783824,0.022989889263360617,0.022989889263360617,0.022989889263360617,-0.04301213765268992,-0.04301213765268992,-0.04301213765268992,0.49591346153846155,0.49591346153846155,0.49591346153846155,0.06947115384615385,0.06947115384615385,0.06947115384615385,0.0078125,0.0078125,0.0078125,0.4453125,0.4453125,0.4453125,-0.10723869552071456,-0.10723869552071456,-0.10723869552071456,0.12260728107887803,0.12260728107887803,0.12260728107887803,0.1484400156403709,0.1484400156403709,0.1484400156403709,0.5052100293064149,0.5052100293064149,0.5052100293064149,0.07139368283946598,0.07139368283946598,0.07139368283946598,0.012048192771084338,0.012048192771084338,0.012048192771084338,28.0,28.0,28.0,170.5,170.5,170.5,1.5,1.5,1.5,0.5,0.5,0.5,2.0,2.0,2.0,2.710993445171889,2.710993445171889,2.710993445171889,-5.974518969217327,-5.974518969217327,-5.974518969217327,26.0,26.0,26.0,161.5,161.5,161.5,0.5,0.5,0.5,0.0,0.0,0.0,2.5,2.5,2.5,-3.724484139911671,-3.724484139911671,-3.724484139911671,3.467295506671697,3.467295506671697,3.467295506671697,12.0,0.0,3.0,0.0,0.0,0.0,9.0,0.0,2.0,0.0,0.0,0.0,80.0,0.0,3.6625,14.0,3.0,14.0,24.0,78.0,0.0,3.5,11.0,3.0,13.0,23.0
2026_03_CIN_PIT,2026,3,PIT,CIN,7.0,7.0,-0.2795667410790957,-0.2795667410790957,-0.2795667410790957,0.40481927710843374,0.40481927710843374,0.40481927710843374,0.044738955823293174,0.044738955823293174,0.044738955823293174,0.018714859437751006,0.018714859437751006,0.018714859437751006,0.5588332234673699,0.5588332234673699,0.5588332234673699,-0.4100103622306366,-0.4100103622306366,-0.4100103622306366,-0.16973493055478164,-0.16973493055478164,-0.16973493055478164,-0.17704369862349714,-0.17704369862349714,-0.17704369862349714,0.42850915431560593,0.42850915431560593,0.42850915431560593,0.1050566695727986,0.1050566695727986,0.1050566695727986,0.02964254577157803,0.02964254577157803,0.02964254577157803,0.017896233226407706,0.017896233226407706,0.017896233226407706,0.4354159354159354,0.4354159354159354,0.4354159354159354,0.085995085995086,0.085995085995086,0.085995085995086,0.006493506493506494,0.006493506493506494,0.006493506493506494,0.48341744772891126,0.48341744772891126,0.48341744772891126,-0.04409275908423542,-0.04409275908423542,-0.04409275908423542,-0.060064561447440865,-0.060064561447440865,-0.060064561447440865,-0.15899963752308827,-0.15899963752308827,-0.15899963752308827,0.4525641025641025,0.4525641025641025,0.4525641025641025,0.06752136752136753,0.06752136752136753,0.06752136752136753,0.03076923076923077,0.03076923076923077,0.03076923076923077,39.5,39.5,39.5,204.0,204.0,204.0,0.5,0.5,0.5,0.5,0.5,0.5,3.0,3.0,3.0,-14.623787741608721,-14.623787741608721,-14.623787741608721,-2.588042087696336,-2.588042087696336,-2.588042087696336,33.0,33.0,33.0,230.5,230.5,230.5,1.5,1.5,1.5,0.5,0.5,0.5,3.0,3.0,3.0,-1.587339327032475,-1.587339327032475,-1.587339327032475,-0.07835566799599913,-0.07835566799599913,-0.07835566799599913,8.0,2.0,4.0,0.0,1.0,1.0,4.0,2.0,0.0,0.0,1.0,1.0,77.0,0.0,3.935064935064935,12.0,4.0,12.0,25.0,71.0,0.0,3.6338028169014085,10.0,4.0,12.0,22.0
2026_03_SEA_WAS,2026,3,WAS,SEA,7.0,7.0,0.04106945779826923,0.04106945779826923,0.04106945779826923,0.4883855981416957,0.4883855981416957,0.4883855981416957,0.07244483159117306,0.07244483159117306,0.07244483159117306,0.006097560975609756,0.006097560975609756,0.006097560975609756,0.43291685259556745,0.43291685259556745,0.43291685259556745,0.07156453342169969,0.07156453342169969,0.07156453342169969,0.055641618531200296,0.055641618531200296,0.055641618531200296,0.16268108153714822,0.16268108153714822,0.16268108153714822,0.5220588235294117,0.5220588235294117,0.5220588235294117,0.08088235294117647,0.08088235294117647,0.08088235294117647,0.0,0.0,0.0,0.12019662855622643,0.12019662855622643,0.12019662855622643,0.4970283953334801,0.4970283953334801,0.4970283953334801,0.08980849658815761,0.08980849658815761,0.08980849658815761,0.006493506493506494,0.006493506493506494,0.006493506493506494,0.4017695099818512,0.4017695099818512,0.4017695099818512,0.3819581788248124,0.3819581788248124,0.3819581788248124,-0.11978530044391283,-0.11978530044391283,-0.11978530044391283,-0.18634425211530753,-0.18634425211530753,-0.18634425211530753,0.4017783291976841,0.4017783291976841,0.4017783291976841,0.02729528535980149,0.02729528535980149,0.02729528535980149,0.02729528535980149,0.02729528535980149,0.02729528535980149,25.5,25.5,25.5,130.0,130.0,130.0,1.5,1.5,1.5,0.0,0.0,0.0,0.5,0.5,0.5,2.0425996296722557,2.0425996296722557,2.0425996296722557,0.024649276044862,0.024649276044862,0.024649276044862,24.0,24.0,24.0,211.0,211.0,211.0,2.0,2.0,2.0,0.0,0.0,0.0,1.0,1.0,1.0,11.266935219066962,11.266935219066962,11.266935219066962,6.721697846701095,6.721697846701095,6.721697846701095,16.0,5.0,0.0,1.0,2.0,2.0,10.0,2.0,1.0,0.0,0.0,0.0,79.0,0.0,4.493670886075949,13.0,4.0,13.0,24.0,79.0,0.0,3.2658227848101267,13.0,3.0,14.0,26.0
2026_03_ARI_SF,2026,3,SF,ARI,7.0,7.0,0.2718961618607971,0.2718961618607971,0.2718961618607971,0.5970114942528736,0.5970114942528736,0.5970114942528736,0.1003448275862069,0.1003448275862069,0.1003448275862069,0.006666666666666667,0.006666666666666667,0.006666666666666667,0.42271218587008064,0.42271218587008064,0.42271218587008064,0.6012017818747679,0.6012017818747679,0.6012017818747679,0.0764713776569503,0.0764713776569503,0.0764713776569503,-0.11886555160334711,-0.11886555160334711,-0.11886555160334711,0.4521321961620469,0.4521321961620469,0.4521321961620469,0.05127931769722814,0.05127931769722814,0.05127931769722814,0.014925373134328358,0.014925373134328358,0.014925373134328358,-0.11012633129093474,-0.11012633129093474,-0.11012633129093474,0.4274193548387097,0.4274193548387097,0.4274193548387097,0.03782642089093702,0.03782642089093702,0.03782642089093702,0.008064516129032258,0.008064516129032258,0.008064516129032258,0.47760895641743306,0.47760895641743306,0.47760895641743306,-0.016147678266943605,-0.016147678266943605,-0.016147678266943605,-0.19676966534985063,-0.19676966534985063,-0.19676966534985063,-0.0520453051136326,-0.0520453051136326,-0.0520453051136326,0.46135316296606615,0.46135316296606615,0.46135316296606615,0.07121910347716799,0.07121910347716799,0.07121910347716799,0.02262253875157101,0.02262253875157101,0.02262253875157101,28.0,28.0,28.0,246.0,246.0,246.0,2.5,2.5,2.5,0.5,0.5,0.5,0.0,0.0,0.0,14.078020531106233,14.078020531106233,14.078020531106233,14.905979603278537,14.905979603278537,14.905979603278537,32.5,32.5,32.5,186.0,186.0,186.0,1.0,1.0,1.0,0.5,0.5,0.5,1.5,1.5,1.5,0.46429225042887534,0.46429225042887534,0.46429225042887534,-0.48161176751656276,-0.48161176751656276,-0.48161176751656276,8.0,4.0,1.0,0.0,1.0,3.0,9.0,1.0,2.0,0.0,0.0,0.0,88.0,0.0,4.136363636363637,15.0,3.0,15.0,27.0,80.0,0.0,3.425,12.0,3.0,14.0,24.0
2026_03_MIN_TB,2026,3,TB,MIN,7.0,7.0,-0.04021600756680929,-0.04021600756680929,-0.04021600756680929,0.5067307692307692,0.5067307692307692,0.5067307692307692,0.06682692307692308,0.06682692307692308,0.06682692307692308,0.03701923076923077,0.03701923076923077,0.03701923076923077,0.4902597402597403,0.4902597402597403,0.4902597402597403,-0.3068803393328644,-0.3068803393328644,-0.3068803393328644,0.049756756807021844,0.049756756807021844,0.049756756807021844,0.06369637248769838,0.06369637248769838,0.06369637248769838,0.520609824957651,0.520609824957651,0.520609824957651,0.059947299077733864,0.059947299077733864,0.059947299077733864,0.006493506493506494,0.006493506493506494,0.006493506493506494,0.0016534332406587544,0.0016534332406587544,0.0016534332406587544,0.4110723626852659,0.4110723626852659,0.4110723626852659,0.045771578029642546,0.045771578029642546,0.045771578029642546,0.006756756756756757,0.006756756756756757,0.006756756756756757,0.37467306015693114,0.37467306015693114,0.37467306015693114,0.020423362596785365,0.020423362596785365,0.020423362596785365,-0.10711752957158668,-0.10711752957158668,-0.10711752957158668,-0.09870457119254006,-0.09870457119254006,-0.09870457119254006,0.3935185185185185,0.3935185185185185,0.3935185185185185,0.10295414462081129,0.10295414462081129,0.10295414462081129,0.024250440917107582,0.024250440917107582,0.024250440917107582,31.0,31.0,31.0,199.0,199.0,199.0,0.5,0.5,0.5,0.5,0.5,0.5,3.5,3.5,3.5,-9.485555352340356,-9.485555352340356,-9.485555352340356,9.135160808410708,9.135160808410708,9.135160808410708,19.5,19.5,19.5,138.0,138.0,138.0,1.5,1.5,1.5,0.0,0.0,0.0,3.0,3.0,3.0,2.750207688588609,2.750207688588609,2.750207688588609,-7.790953705185338,-7.790953705185338,-7.790953705185338,7.0,2.0,0.0,0.0,0.0,2.0,10.0,2.0,0.0,0.0,0.0,1.0,74.0,0.0,3.22972972972973,18.0,3.0,13.0,22.0,82.0,0.0,3.8292682926829267,17.0,4.0,13.0,27.0
2026_03_BAL_DAL,2026,3,DAL,BAL,7.0,7.0,0.21151676388691767,0.21151676388691767,0.21151676388691767,0.5353415559772295,0.5353415559772295,0.5353415559772295,0.0448292220113852,0.0448292220113852,0.0448292220113852,0.008064516129032258,0.008064516129032258,0.008064516129032258,0.5204622051035146,0.5204622051035146,0.5204622051035146,0.3815092133278666,0.3815092133278666,0.3815092133278666,-0.03782613523695286,-0.03782613523695286,-0.03782613523695286,0.17760956293532176,0.17760956293532176,0.17760956293532176,0.571405648267009,0.571405648267009,0.571405648267009,0.06899871630295251,0.06899871630295251,0.06899871630295251,0.012676508344030809,0.012676508344030809,0.012676508344030809,0.17910872296051614,0.17910872296051614,0.17910872296051614,0.5861601085481682,0.5861601085481682,0.5861601085481682,0.09575499127737933,0.09575499127737933,0.09575499127737933,0.013956193060670672,0.013956193060670672,0.013956193060670672,0.41960199004975124,0.41960199004975124,0.41960199004975124,0.23945581420224044,0.23945581420224044,0.23945581420224044,0.20794410794042387,0.20794410794042387,0.20794410794042387,0.028756937550779883,0.028756937550779883,0.028756937550779883,0.471390927912667,0.471390927912667,0.471390927912667,0.08968567664219838,0.08968567664219838,0.08968567664219838,0.014492753623188406,0.014492753623188406,0.014492753623188406,32.5,32.5,32.5,227.0,227.0,227.0,3.0,3.0,3.0,0.5,0.5,0.5,1.0,1.0,1.0,12.742464374592569,12.742464374592569,12.742464374592569,12.876967260594009,12.876967260594009,12.876967260594009,28.0,28.0,28.0,279.5,279.5,279.5,1.0,1.0,1.0,0.5,0.5,0.5,2.5,2.5,2.5,6.830535001067538,6.830535001067538,6.830535001067538,6.328987835467547,6.328987835467547,6.328987835467547,5.0,4.0,0.0,0.0,0.0,1.0,10.0,1.0,1.0,0.0,0.0,1.0,79.0,0.0,3.721518987341772,13.0,3.0,14.0,25.0,79.0,0.0,3.848101265822785,15.0,4.0,15.0,25.0
2026_03_LV_NO,2026,3,NO,LV,7.0,7.0,0.06507769447328361,0.06507769447328361,0.06507769447328361,0.46243952126305066,0.46243952126305066,0.46243952126305066,0.07817672523554876,0.07817672523554876,0.07817672523554876,0.014705882352941176,0.014705882352941176,0.014705882352941176,0.5456862745098039,0.5456862745098039,0.5456862745098039,0.13963989689555448,0.13963989689555448,0.13963989689555448,-0.058852625138795245,-0.058852625138795245,-0.058852625138795245,0.023039826249909336,0.023039826249909336,0.023039826249909336,0.5607446637778848,0.5607446637778848,0.5607446637778848,0.08032418552399294,0.08032418552399294,0.08032418552399294,0.012839030653185684,0.012839030653185684,0.012839030653185684,-0.006899448698022805,-0.006899448698022805,-0.006899448698022805,0.4448099415204678,0.4448099415204678,0.4448099415204678,0.06067251461988304,0.06067251461988304,0.06067251461988304,0.02010233918128655,0.02010233918128655,0.02010233918128655,0.4183098591549296,0.4183098591549296,0.4183098591549296,0.10288777510989096,0.10288777510989096,0.10288777510989096,-0.2632579635014202,-0.2632579635014202,-0.2632579635014202,-0.2219880180170692,-0.2219880180170692,-0.2219880180170692,0.3819838056680162,0.3819838056680162,0.3819838056680162,0.08016194331983806,0.08016194331983806,0.08016194331983806,0.03512145748987854,0.03512145748987854,0.03512145748987854,45.0,45.0,45.0,331.0,331.0,331.0,2.0,2.0,2.0,1.0,1.0,1.0,4.0,4.0,4.0,4.960831536259868,4.960831536259868,4.960831536259868,6.4227167803507585,6.4227167803507585,6.4227167803507585,29.5,29.5,29.5,206.5,206.5,206.5,3.0,3.0,3.0,1.5,1.5,1.5,1.0,1.0,1.0,3.1829677840339645,3.1829677840339645,3.1829677840339645,1.7997392292680412,1.7997392292680412,1.7997392292680412,10.0,2.0,1.0,0.0,1.0,1.0,10.0,1.0,3.0,0.0,0.0,0.0,85.0,0.0,3.3529411764705883,14.0,3.0,14.0,29.0,80.0,0.0,3.075,18.0,3.0,14.0,27.0
2026_03_LA_DEN,2026,3,DEN,LA,7.0,6.0,-0.032495740953034896,-0.032495740953034896,-0.032495740953034896,0.48323954000489355,0.48323954000489355,0.48323954000489355,0.07536090041595302,0.07536090041595302,0.07536090041595302,0.023856129190115,0.023856129190115,0.023856129190115,0.5015151515151515,0.5015151515151515,0.5015151515151515,-0.0887275307423935,-0.0887275307423935,-0.0887275307423935,-0.08050993720727889,-0.08050993720727889,-0.08050993720727889,0.07282466764680956,0.07282466764680956,0.07282466764680956,0.5003764351590438,0.5003764351590438,0.5003764351590438,0.08168642951251648,0.08168642951251648,0.08168642951251648,0.013739883305100696,0.013739883305100696,0.013739883305100696,-0.015733932983285084,-0.015733932983285084,-0.015733932983285084,0.5,0.5,0.5,0.11194029850746269,0.11194029850746269,0.11194029850746269,0.029850746268656716,0.029850746268656716,0.029850746268656716,0.4434644957033017,0.4434644957033017,0.4434644957033017,0.1008524884107887,0.1008524884107887,0.1008524884107887,-0.11213972643500061,-0.11213972643500061,-0.11213972643500061,-0.06439255478743586,-0.06439255478743586,-0.06439255478743586,0.46523809523809523,0.46523809523809523,0.46523809523809523,0.047142857142857146,0.047142857142857146,0.047142857142857146,0.01380952380952381,0.01380952380952381,0.01380952380952381,29.5,29.5,29.5,209.5,209.5,209.5,1.0,1.0,1.0,1.0,1.0,1.0,2.0,2.0,2.0,-2.9752626995009805,-2.9752626995009805,-2.9752626995009805,1.8481233776909796,1.8481233776909796,1.8481233776909796,28.0,28.0,28.0,241.0,241.0,241.0,2.0,2.0,2.0,1.0,1.0,1.0,0.5,0.5,0.5,6.511405523782786,6.511405523782786,6.511405523782786,1.292058564722538,1.292058564722538,1.292058564722538,4.0,1.0,1.0,0.0,1.0,0.0,10.0,2.0,1.0,0.0,1.0,0.0,77.0,0.0,3.7532467532467533,12.0,3.0,15.0,24.0,78.0,0.0,3.3461538461538463,17.0,4.0,13.0,24.0
2026_03_PHI_CHI,2026,3,CHI,PHI,8.0,8.0,0.1496615840284312,0.1496615840284312,0.1496615840284312,0.47495791245791247,0.47495791245791247,0.47495791245791247,0.10051907968574636,0.10051907968574636,0.10051907968574636,0.023709315375982042,0.023709315375982042,0.023709315375982042,0.4166426927502877,0.4166426927502877,0.4166426927502877,0.17604663454327618,0.17604663454327618,0.17604663454327618,0.10888202504082405,0.10888202504082405,0.10888202504082405,0.05388490102969754,0.05388490102969754,0.05388490102969754,0.4546249514185775,0.4546249514185775,0.4546249514185775,0.08045083560046638,0.08045083560046638,0.08045083560046638,0.012048192771084338,0.012048192771084338,0.012048192771084338,0.09104502289360689,0.09104502289360689,0.09104502289360689,0.45552799433026225,0.45552799433026225,0.45552799433026225,0.06821403260099221,0.06821403260099221,0.06821403260099221,0.012048192771084338,0.012048192771084338,0.012048192771084338,0.45285766290498725,0.45285766290498725,0.45285766290498725,0.13232652766259415,0.13232652766259415,0.13232652766259415,-0.04208311567938084,-0.04208311567938084,-0.04208311567938084,0.06772904430188725,0.06772904430188725,0.06772904430188725,0.4877289377289378,0.4877289377289378,0.4877289377289378,0.08360805860805862,0.08360805860805862,0.08360805860805862,0.0,0.0,0.0,27.5,27.5,27.5,203.5,203.5,203.5,1.0,1.0,1.0,0.5,0.5,0.5,2.5,2.5,2.5,8.758702562730877,8.758702562730877,8.758702562730877,5.501640323910825,5.501640323910825,5.501640323910825,31.0,31.0,31.0,233.5,233.5,233.5,2.5,2.5,2.5,1.0,1.0,1.0,3.0,3.0,3.0,5.02019475054486,5.02019475054486,5.02019475054486,8.40484812297923,8.40484812297923,8.40484812297923,9.0,3.0,1.0,1.0,1.0,2.0,11.0,3.0,1.0,0.0,2.0,1.0,85.0,0.0,3.7411764705882353,15.0,4.0,13.0,26.0,78.0,0.0,3.717948717948718,12.0,4.0,13.0,26.0
2026_04_PIT_CLE,2026,4,CLE,PIT,4.0,4.0,0.0002562966479734534,0.0002562966479734534,0.0002562966479734534,0.48323335279857016,0.48323335279857016,0.48323335279857016,0.05646688255383908,0.05646688255383908,0.05646688255383908,0.014855514855514854,0.014855514855514854,0.014855514855514854,0.45158987589074373,0.45158987589074373,0.45158987589074373,0.007600653217549593,0.007600653217549593,0.007600653217549593,-0.18625054991640647,-0.18625054991640647,-0.18625054991640647,0.08930254327661834,0.08930254327661834,0.08930254327661834,0.5098060344827586,0.5098060344827586,0.5098060344827586,0.10286159003831417,0.10286159003831417,0.10286159003831417,0.00799808429118774,0.00799808429118774,0.00799808429118774,-0.09768719384882572,-0.09768719384882572,-0.09768719384882572,0.45828531517373844,0.45828531517373844,0.45828531517373844,0.07330423141842733,0.07330423141842733,0.07330423141842733,0.02213840870729294,0.02213840870729294,0.02213840870729294,0.5416376079154447,0.5416376079154447,0.5416376079154447,-0.19182955158665668,-0.19182955158665668,-0.19182955158665668,-0.0706790999801651,-0.0706790999801651,-0.0706790999801651,-0.024204148377095558,-0.024204148377095558,-0.024204148377095558,0.48011721398818175,0.48011721398818175,0.48011721398818175,0.09781555749297684,0.09781555749297684,0.09781555749297684,0.02439132681068165,0.02439132681068165,0.02439132681068165,27.333333333333332,27.333333333333332,27.333333333333332,195.66666666666666,195.66666666666666,195.66666666666666,1.6666666666666667,1.6666666666666667,1.6666666666666667,0.3333333333333333,0.3333333333333333,0.3333333333333333,3.0,3.0,3.0,2.452019412017416,2.452019412017416,2.452019412017416,1.0281403436971353,1.0281403436971353,1.0281403436971353,37.666666666666664,37.666666666666664,37.666666666666664,233.33333333333334,233.33333333333334,233.33333333333334,1.3333333333333333,1.3333333333333333,1.3333333333333333,0.6666666666666666,0.6666666666666666,0.6666666666666666,2.6666666666666665,2.6666666666666665,2.6666666666666665,-6.907444240645674,-6.907444240645674,-6.907444240645674,-2.458915050047115,-2.458915050047115,-2.458915050047115,6.0,3.0,0.0,0.0,1.0,2.0,5.0,2.0,2.0,0.0,1.0,0.0,83.0,0.0,2.963855421686747,17.0,4.0,14.0,24.0,76.0,0.0,3.9473684210526314,12.0,4.0,12.0,25.0
2026_04_IND_WAS,2026,4,WAS,IND,7.0,7.0,0.024576049154880403,0.024576049154880403,0.024576049154880403,0.46380178087495155,0.46380178087495155,0.46380178087495155,0.06049167634533489,0.06049167634533489,0.06049167634533489,0.0040650406504065045,0.0040650406504065045,0.0040650406504065045,0.4227575765271263,0.4227575765271263,0.4227575765271263,0.0865708225881308,0.0865708225881308,0.0865708225881308,-0.061558045706085425,-0.061558045706085425,-0.061558045706085425,0.11004405941076682,0.11004405941076682,0.11004405941076682,0.5167634955216655,0.5167634955216655,0.5167634955216655,0.07449770031469378,0.07449770031469378,0.07449770031469378,0.012345679012345678,0.012345679012345678,0.012345679012345678,0.016690166548938866,0.016690166548938866,0.016690166548938866,0.4836001500037943,0.4836001500037943,0.4836001500037943,0.07921320210211605,0.07921320210211605,0.07921320210211605,0.025929437802577032,0.025929437802577032,0.025929437802577032,0.4565079758316473,0.4565079758316473,0.4565079758316473,-0.14783766017065755,-0.14783766017065755,-0.14783766017065755,0.06792794689785277,0.06792794689785277,0.06792794689785277,0.14993833016584007,0.14993833016584007,0.14993833016584007,0.534977050440968,0.534977050440968,0.534977050440968,0.0801452842689956,0.0801452842689956,0.0801452842689956,0.004329004329004329,0.004329004329004329,0.004329004329004329,27.333333333333332,27.333333333333332,27.333333333333332,147.66666666666666,147.66666666666666,147.66666666666666,2.0,2.0,2.0,0.0,0.0,0.0,1.0,1.0,1.0,2.6441504965790936,2.6441504965790936,2.6441504965790936,-0.058279485366810345,-0.058279485366810345,-0.058279485366810345,32.666666666666664,32.666666666666664,32.666666666666664,203.66666666666666,203.66666666666666,203.66666666666666,1.0,1.0,1.0,1.0,1.0,1.0,2.0,2.0,2.0,-3.532473834372187,-3.532473834372187,-3.532473834372187,-0.6257761294683865,-0.6257761294683865,-0.6257761294683865,15.0,4.0,2.0,1.0,2.0,1.0,8.0,0.0,2.0,0.0,0.0,0.0,81.0,0.0,4.555555555555555,13.0,4.0,13.0,25.0,77.0,0.0,3.324675324675325,19.0,3.0,13.0,25.0
2026_04_TEN_BAL,2026,4,BAL,TEN,7.0,7.0,0.1622048423071045,0.1622048423071045,0.1622048423071045,0.5641067390321122,0.5641067390321122,0.5641067390321122,0.1127255497404751,0.1127255497404751,0.1127255497404751,0.00930412870711378,0.00930412870711378,0.00930412870711378,0.3698247501232576,0.3698247501232576,0.3698247501232576,0.35843684939890813,0.35843684939890813,0.35843684939890813,0.10208031797976858,0.10208031797976858,0.10208031797976858,0.04812773311853405,0.04812773311853405,0.04812773311853405,0.490505829336414,0.490505829336414,0.490505829336414,0.07894753921740429,0.07894753921740429,0.07894753921740429,0.013493253373313344,0.013493253373313344,0.013493253373313344,-0.09428125068801259,-0.09428125068801259,-0.09428125068801259,0.4678638763197587,0.4678638763197587,0.4678638763197587,0.061019984917043746,0.061019984917043746,0.061019984917043746,0.015012254901960785,0.015012254901960785,0.015012254901960785,0.4733455882352941,0.4733455882352941,0.4733455882352941,-0.13156955840829046,-0.13156955840829046,-0.13156955840829046,0.05202046484413302,0.05202046484413302,0.05202046484413302,0.0883211806935989,0.0883211806935989,0.0883211806935989,0.47765175662681186,0.47765175662681186,0.47765175662681186,0.07106996696339986,0.07106996696339986,0.07106996696339986,0.008032128514056226,0.008032128514056226,0.008032128514056226,25.333333333333332,25.333333333333332,25.333333333333332,248.33333333333334,248.33333333333334,248.33333333333334,1.3333333333333333,1.3333333333333333,1.3333333333333333,0.3333333333333333,0.3333333333333333,0.3333333333333333,1.6666666666666667,1.6666666666666667,1.6666666666666667,8.529682799326649,8.529682799326649,8.529682799326649,7.284120509108365,7.284120509108365,7.284120509108365,29.333333333333332,29.333333333333332,29.333333333333332,168.0,168.0,168.0,0.6666666666666666,0.6666666666666666,0.6666666666666666,0.3333333333333333,0.3333333333333333,0.3333333333333333,1.6666666666666667,1.6666666666666667,1.6666666666666667,-4.645764836809088,-4.645764836809088,-4.645764836809088,2.2726989902702033,2.2726989902702033,2.2726989902702033,12.0,3.0,3.0,0.0,0.0,3.0,4.0,0.0,2.0,0.0,0.0,0.0,81.0,0.0,3.8641975308641974,15.0,4.0,17.0,25.0,79.0,0.0,3.481012658227848,11.0,3.0,14.0,23.0
2026_04_NE_BUF,2026,4,BUF,NE,7.0,7.0,0.2195324215864528,0.2195324215864528,0.2195324215864528,0.535217493613016,0.535217493613016,0.535217493613016,0.12583703106091165,0.12583703106091165,0.12583703106091165,0.022522522522522525,0.022522522522522525,0.022522522522522525,0.43974555683416444,0.43974555683416444,0.43974555683416444,0.24368873148313552,0.24368873148313552,0.24368873148313552,0.13667792973671813,0.13667792973671813,0.13667792973671813,0.0727489637447198,0.0727489637447198,0.0727489637447198,0.5266463494311595,0.5266463494311595,0.5266463494311595,0.09347192891496688,0.09347192891496688,0.09347192891496688,0.011655011655011656,0.011655011655011656,0.011655011655011656,-0.13762617429306964,-0.13762617429306964,-0.13762617429306964,0.434369543240511,0.434369543240511,0.434369543240511,0.07897941365683302,0.07897941365683302,0.07897941365683302,0.03746208988144472,0.03746208988144472,0.03746208988144472,0.45208059084761926,0.45208059084761926,0.45208059084761926,-0.2495928019147773,-0.2495928019147773,-0.2495928019147773,-0.023196381821562487,-0.023196381821562487,-0.023196381821562487,-0.01941587577622732,-0.01941587577622732,-0.01941587577622732,0.47066420106036205,0.47066420106036205,0.47066420106036205,0.05983538674471899,0.05983538674471899,0.05983538674471899,0.012661758143685855,0.012661758143685855,0.012661758143685855,28.666666666666668,28.666666666666668,28.666666666666668,262.0,262.0,262.0,1.6666666666666667,1.6666666666666667,1.6666666666666667,0.6666666666666666,0.6666666666666666,0.6666666666666666,2.6666666666666665,2.6666666666666665,2.6666666666666665,9.721756081842532,9.721756081842532,9.721756081842532,4.32618587062909,4.32618587062909,4.32618587062909,26.666666666666668,26.666666666666668,26.666666666666668,195.0,195.0,195.0,0.3333333333333333,0.3333333333333333,0.3333333333333333,2.0,2.0,2.0,3.0,3.0,3.0,-6.6845723521946185,-6.6845723521946185,-6.6845723521946185,2.407894103086367,2.407894103086367,2.407894103086367,13.0,1.0,2.0,0.0,0.0,1.0,11.0,3.0,7.0,0.0,0.0,1.0,74.0,0.0,3.7972972972972974,11.0,3.0,12.0,22.0,83.0,0.0,3.1927710843373496,18.0,3.0,16.0,25.0
2026_04_NYJ_CHI,2026,4,CHI,NYJ,6.0,7.0,0.13969560659206112,0.13969560659206112,0.13969560659206112,0.48979878146544814,0.48979878146544814,0.48979878146544814,0.0843287371065149,0.0843287371065149,0.0843287371065149,0.015806210250654696,0.015806210250654696,0.015806210250654696,0.42887290627796953,0.42887290627796953,0.42887290627796953,0.18847094159586406,0.18847094159586406,0.18847094159586406,0.06221397133486725,0.06221397133486725,0.06221397133486725,-0.036520373072190825,-0.036520373072190825,-0.036520373072190825,0.4467614618652586,0.4467614618652586,0.4467614618652586,0.08236952258421897,0.08236952258421897,0.08236952258421897,0.02527350782440105,0.02527350782440105,0.02527350782440105,0.05836146552906901,0.05836146552906901,0.05836146552906901,0.4902184943564254,0.4902184943564254,0.4902184943564254,0.07858133996065031,0.07858133996065031,0.07858133996065031,0.0044444444444444444,0.0044444444444444444,0.0044444444444444444,0.479851944968224,0.479851944968224,0.479851944968224,0.2505101619411099,0.2505101619411099,0.2505101619411099,-0.22889167746959196,-0.22889167746959196,-0.22889167746959196,-0.015047468672944106,-0.015047468672944106,-0.015047468672944106,0.518301282051282,0.518301282051282,0.518301282051282,0.04802350427350427,0.04802350427350427,0.04802350427350427,0.010336538461538461,0.010336538461538461,0.010336538461538461,29.666666666666668,29.666666666666668,29.666666666666668,218.0,218.0,218.0,1.3333333333333333,1.3333333333333333,1.3333333333333333,0.3333333333333333,0.3333333333333333,0.3333333333333333,1.6666666666666667,1.6666666666666667,1.6666666666666667,8.256756673099035,8.256756673099035,8.256756673099035,4.593169045601527,4.593169045601527,4.593169045601527,34.0,34.0,34.0,261.0,261.0,261.0,1.3333333333333333,1.3333333333333333,1.3333333333333333,0.0,0.0,0.0,3.0,3.0,3.0,8.306111924399119,8.306111924399119,8.306111924399119,11.161198380632678,11.161198380632678,11.161198380632678,10.0,6.0,0.0,1.0,1.0,3.0,10.0,5.0,2.0,0.0,3.0,2.0,83.0,0.0,3.7228915662650603,15.0,4.0,12.0,25.0,81.0,0.0,3.3658536585365852,15.0,3.0,13.0,25.0
2026_04_JAX_CIN,2026,4,CIN,JAX,7.0,7.0,0.10575580618950768,0.10575580618950768,0.10575580618950768,0.4847217347217347,0.4847217347217347,0.4847217347217347,0.08510783510783511,0.08510783510783511,0.08510783510783511,0.00895863395863396,0.00895863395863396,0.00895863395863396,0.5032306794383218,0.5032306794383218,0.5032306794383218,0.09913261722955939,0.09913261722955939,0.09913261722955939,-0.02022997891742647,-0.02022997891742647,-0.02022997891742647,-0.017309124811487442,-0.017309124811487442,-0.017309124811487442,0.4901151988108509,0.4901151988108509,0.4901151988108509,0.08849250588381023,0.08849250588381023,0.08849250588381023,0.030174656261612785,0.030174656261612785,0.030174656261612785,0.16095208192608365,0.16095208192608365,0.16095208192608365,0.5585497181964573,0.5585497181964573,0.5585497181964573,0.08491847826086957,0.08491847826086957,0.08491847826086957,0.009460547504025765,0.009460547504025765,0.009460547504025765,0.41311101905550957,0.41311101905550957,0.41311101905550957,0.3077523695276568,0.3077523695276568,0.3077523695276568,0.07616414619625983,0.07616414619625983,0.07616414619625983,-0.056248404128189176,-0.056248404128189176,-0.056248404128189176,0.4674346521361447,0.4674346521361447,0.4674346521361447,0.0890882887151544,0.0890882887151544,0.0890882887151544,0.029446023849008924,0.029446023849008924,0.029446023849008924,34.333333333333336,34.333333333333336,34.333333333333336,247.66666666666666,247.66666666666666,247.66666666666666,2.0,2.0,2.0,0.3333333333333333,0.3333333333333333,0.3333333333333333,2.3333333333333335,2.3333333333333335,2.3333333333333335,3.8258298001689037,3.8258298001689037,3.8258298001689037,2.911094941243022,2.911094941243022,2.911094941243022,27.0,27.0,27.0,205.33333333333334,205.33333333333334,205.33333333333334,2.3333333333333335,2.3333333333333335,2.3333333333333335,0.6666666666666666,0.6666666666666666,0.6666666666666666,1.3333333333333333,1.3333333333333333,1.3333333333333333,7.488036431093373,7.488036431093373,7.488036431093373,9.73453157937821,9.73453157937821,9.73453157937821,10.0,2.0,4.0,0.0,1.0,0.0,9.0,0.0,3.0,0.0,0.0,0.0,73.0,0.0,3.5616438356164384,11.0,4.0,12.0,23.0,81.0,0.0,3.197530864197531,19.0,4.0,17.0,25.0
2026_04_DAL_HOU,2026,4,HOU,DAL,7.0,7.0,-0.07154890572642568,-0.07154890572642568,-0.07154890572642568,0.44822954822954825,0.44822954822954825,0.44822954822954825,0.06919006919006919,0.06919006919006919,0.06919006919006919,0.007326007326007327,0.007326007326007327,0.007326007326007327,0.5229264701174814,0.5229264701174814,0.5229264701174814,-0.07453367975531676,-0.07453367975531676,-0.07453367975531676,-0.1681926942132926,-0.1681926942132926,-0.1681926942132926,0.0665814878279354,0.0665814878279354,0.0665814878279354,0.432947603240716,0.432947603240716,0.432947603240716,0.08690834333704323,0.08690834333704323,0.08690834333704323,0.012048192771084336,0.012048192771084336,0.012048192771084336,0.16996761734262592,0.16996761734262592,0.16996761734262592,0.5331395813794557,0.5331395813794557,0.5331395813794557,0.04904323613019549,0.04904323613019549,0.04904323613019549,0.009207761710542578,0.009207761710542578,0.009207761710542578,0.5097655010767617,0.5097655010767617,0.5097655010767617,0.3211130148787679,0.3211130148787679,0.3211130148787679,-0.03563873523861052,-0.03563873523861052,-0.03563873523861052,0.16120540229030825,0.16120540229030825,0.16120540229030825,0.554270432178006,0.554270432178006,0.554270432178006,0.09488803309085724,0.09488803309085724,0.09488803309085724,0.008451005562687205,0.008451005562687205,0.008451005562687205,40.0,40.0,40.0,264.6666666666667,264.6666666666667,264.6666666666667,1.0,1.0,1.0,0.0,0.0,0.0,3.3333333333333335,3.3333333333333335,3.3333333333333335,-2.651503018984581,-2.651503018984581,-2.651503018984581,-1.7030892184188773,-1.7030892184188773,-1.7030892184188773,35.0,35.0,35.0,243.33333333333334,243.33333333333334,243.33333333333334,2.3333333333333335,2.3333333333333335,2.3333333333333335,0.3333333333333333,0.3333333333333333,0.3333333333333333,1.0,1.0,1.0,12.935486947975187,12.935486947975187,12.935486947975187,7.305377593871513,7.305377593871513,7.305377593871513,13.0,2.0,4.0,0.0,0.0,1.0,5.0,2.0,0.0,0.0,0.0,1.0,87.0,0.0,3.5172413793103448,17.0,3.0,15.0,27.0,82.0,0.0,3.597560975609756,13.0,3.0,13.0,25.0
2026_04_ARI_NYG,2026,4,NYG,ARI,7.0,7.0,0.006423326639737846,0.006423326639737846,0.006423326639737846,0.4660330403473473,0.4660330403473473,0.4660330403473473,0.045779942814783446,0.045779942814783446,0.045779942814783446,0.009147869674185462,0.009147869674185462,0.009147869674185462,0.4270792531662097,0.4270792531662097,0.4270792531662097,-0.01852201465114256,-0.01852201465114256,-0.01852201465114256,-0.08024519368424478,-0.08024519368424478,-0.08024519368424478,0.05287703710087135,0.05287703710087135,0.05287703710087135,0.4822236068235671,0.4822236068235671,0.4822236068235671,0.07480859459816668,0.07480859459816668,0.07480859459816668,0.02513051441086786,0.02513051441086786,0.02513051441086786,0.007655509641672553,0.007655509641672553,0.007655509641672553,0.48222514812376566,0.48222514812376566,0.48222514812376566,0.025217613927291344,0.025217613927291344,0.025217613927291344,0.008777704630239191,0.008777704630239191,0.008777704630239191,0.5024337487227332,0.5024337487227332,0.5024337487227332,0.05951679065876835,0.05951679065876835,0.05951679065876835,-0.1022392173467685,-0.1022392173467685,-0.1022392173467685,0.0993648339993793,0.0993648339993793,0.0993648339993793,0.4994879672299027,0.4994879672299027,0.4994879672299027,0.0979844528231625,0.0979844528231625,0.0979844528231625,0.015081692501047341,0.015081692501047341,0.015081692501047341,26.0,26.0,26.0,153.0,153.0,153.0,1.0,1.0,1.0,0.3333333333333333,0.3333333333333333,0.3333333333333333,2.3333333333333335,2.3333333333333335,2.3333333333333335,-0.23090709521190256,-0.23090709521190256,-0.23090709521190256,-5.5813602986710125,-5.5813602986710125,-5.5813602986710125,39.0,39.0,39.0,217.33333333333334,217.33333333333334,217.33333333333334,1.3333333333333333,1.3333333333333333,1.3333333333333333,0.3333333333333333,0.3333333333333333,0.3333333333333333,1.6666666666666667,1.6666666666666667,1.6666666666666667,3.6675041345364323,3.6675041345364323,3.6675041345364323,2.3500815768334404,2.3500815768334404,2.3500815768334404,8.0,0.0,0.0,0.0,0.0,0.0,8.0,1.0,1.0,0.0,0.0,0.0,81.0,0.0,3.753086419753086,14.0,4.0,13.0,25.0,80.0,0.0,3.35,12.0,3.0,14.0,24.0
2026_04_LA_PHI,2026,4,PHI,LA,6.0,7.0,-0.011746958496251264,-0.011746958496251264,-0.011746958496251264,0.4473634904730484,0.4473634904730484,0.4473634904730484,0.07421165391790285,0.07421165391790285,0.07421165391790285,0.02527350782440105,0.02527350782440105,0.02527350782440105,0.4628246488332099,0.4628246488332099,0.4628246488332099,-0.15122755516930667,-0.15122755516930667,-0.15122755516930667,0.0742954699165091,0.0742954699165091,0.0742954699165091,0.08507391344103184,0.08507391344103184,0.08507391344103184,0.49831279831279834,0.49831279831279834,0.49831279831279834,0.07305472305472306,0.07305472305472306,0.07305472305472306,0.0,0.0,0.0,-0.003037675042430735,-0.003037675042430735,-0.003037675042430735,0.47766323024054985,0.47766323024054985,0.47766323024054985,0.1021182746063497,0.1021182746063497,0.1021182746063497,0.026773349746114786,0.026773349746114786,0.026773349746114786,0.49564299713553445,0.49564299713553445,0.49564299713553445,0.060618634897654046,0.060618634897654046,0.060618634897654046,-0.04199376881673574,-0.04199376881673574,-0.04199376881673574,-0.05010446447859577,-0.05010446447859577,-0.05010446447859577,0.459281537176274,0.459281537176274,0.459281537176274,0.048972431077694244,0.048972431077694244,0.048972431077694244,0.013592314118629907,0.013592314118629907,0.013592314118629907,29.0,29.0,29.0,206.66666666666666,206.66666666666666,206.66666666666666,1.6666666666666667,1.6666666666666667,1.6666666666666667,1.0,1.0,1.0,2.6666666666666665,2.6666666666666665,2.6666666666666665,-0.305166847943165,-0.305166847943165,-0.305166847943165,5.637080897480267,5.637080897480267,5.637080897480267,37.0,37.0,37.0,290.6666666666667,290.6666666666667,290.6666666666667,2.0,2.0,2.0,1.3333333333333333,1.3333333333333333,1.3333333333333333,1.6666666666666667,1.6666666666666667,1.6666666666666667,4.109621097290496,4.109621097290496,4.109621097290496,0.9144035209806599,0.9144035209806599,0.9144035209806599,16.0,6.0,0.0,0.0,3.0,2.0,14.0,3.0,2.0,0.0,1.0,1.0,79.0,0.0,3.7088607594936707,12.0,4.0,13.0,26.0,78.0,0.0,3.3461538461538463,17.0,4.0,13.0,24.0
2026_04_GB_TB,2026,4,TB,GB,7.0,10.0,-0.096541957080668,-0.096541957080668,-0.096541957080668,0.45686813186813185,0.45686813186813185,0.45686813186813185,0.05645604395604396,0.05645604395604396,0.05645604395604396,0.03261599511599512,0.03261599511599512,0.03261599511599512,0.4995305898920357,0.4995305898920357,0.4995305898920357,-0.2924511342779263,-0.2924511342779263,-0.2924511342779263,-0.03672141719345352,-0.03672141719345352,-0.03672141719345352,0.0028544574078444435,0.0028544574078444435,0.0028544574078444435,0.45968582925104656,0.45968582925104656,0.45968582925104656,0.062487388574345104,0.062487388574345104,0.062487388574345104,0.008833508833508833,0.008833508833508833,0.008833508833508833,-0.058193342043619506,-0.058193342043619506,-0.058193342043619506,0.4395055717840528,0.4395055717840528,0.4395055717840528,0.06797653822970279,0.06797653822970279,0.06797653822970279,0.017284122347413486,0.017284122347413486,0.017284122347413486,0.5844277673545967,0.5844277673545967,0.5844277673545967,-0.030552394375120518,-0.030552394375120518,-0.030552394375120518,-0.39050150348985985,-0.39050150348985985,-0.39050150348985985,0.0807131245144737,0.0807131245144737,0.0807131245144737,0.5045317549854755,0.5045317549854755,0.5045317549854755,0.055590981180817844,0.055590981180817844,0.055590981180817844,0.008890469416785207,0.008890469416785207,0.008890469416785207,32.0,32.0,32.0,205.0,205.0,205.0,0.6666666666666666,0.6666666666666666,0.6666666666666666,0.6666666666666666,0.6666666666666666,0.6666666666666666,4.333333333333333,4.333333333333333,4.333333333333333,-9.949626474228618,-9.949626474228618,-9.949626474228618,1.1488184851294279,1.1488184851294279,1.1488184851294279,41.333333333333336,41.333333333333336,41.333333333333336,281.3333333333333,281.3333333333333,281.3333333333333,2.0,2.0,2.0,0.6666666666666666,0.6666666666666666,0.6666666666666666,2.6666666666666665,2.6666666666666665,2.6666666666666665,-0.7669806237669724,-0.7669806237669724,-0.7669806237669724,-10.58680915207188,-10.58680915207188,-10.58680915207188,14.0,4.0,3.0,1.0,2.0,1.0,8.0,4.0,2.0,0.0,0.0,4.0,74.0,0.0,3.324324324324324,17.0,4.0,13.0,23.0,83.0,0.0,3.0963855421686746,13.0,3.0,17.0,26.0
2026_04_MIA_MIN,2026,4,MIN,MIA,7.0,7.0,-0.03850750209018198,-0.03850750209018198,-0.03850750209018198,0.38666085440278986,0.38666085440278986,0.38666085440278986,0.05303690787561755,0.05303690787561755,0.05303690787561755,0.009009009009009009,0.009009009009009009,0.009009009009009009,0.39590076156580795,0.39590076156580795,0.39590076156580795,-0.11236303572421492,-0.11236303572421492,-0.11236303572421492,-0.10630679042598312,-0.10630679042598312,-0.10630679042598312,-0.1355343328311552,-0.1355343328311552,-0.1355343328311552,0.38139329805996475,0.38139329805996475,0.38139329805996475,0.0805408583186361,0.0805408583186361,0.0805408583186361,0.024103468547912992,0.024103468547912992,0.024103468547912992,-0.1163519526173283,-0.1163519526173283,-0.1163519526173283,0.3942548679390785,0.3942548679390785,0.3942548679390785,0.08088490456911511,0.08088490456911511,0.08088490456911511,0.01902834008097166,0.01902834008097166,0.01902834008097166,0.45499618611746756,0.45499618611746756,0.45499618611746756,-0.07863022430480605,-0.07863022430480605,-0.07863022430480605,-0.16466781561591293,-0.16466781561591293,-0.16466781561591293,0.17942156253261285,0.17942156253261285,0.17942156253261285,0.5580661423674128,0.5580661423674128,0.5580661423674128,0.0954930429522081,0.0954930429522081,0.0954930429522081,0.014327485380116958,0.014327485380116958,0.014327485380116958,22.666666666666668,22.666666666666668,22.666666666666668,148.0,148.0,148.0,1.3333333333333333,1.3333333333333333,1.3333333333333333,0.3333333333333333,0.3333333333333333,0.3333333333333333,3.0,3.0,3.0,-2.1978437528472257,-2.1978437528472257,-2.1978437528472257,-6.501760588403333,-6.501760588403333,-6.501760588403333,28.666666666666668,28.666666666666668,28.666666666666668,209.0,209.0,209.0,0.3333333333333333,0.3333333333333333,0.3333333333333333,0.6666666666666666,0.6666666666666666,0.6666666666666666,3.0,3.0,3.0,-1.6942767958087401,-1.6942767958087401,-1.6942767958087401,-8.177315435035856,-8.177315435035856,-8.177315435035856,7.0,3.0,0.0,0.0,1.0,0.0,13.0,3.0,0.0,0.0,1.0,1.0,83.0,0.0,3.7590361445783134,15.0,3.0,14.0,27.0,78.0,0.0,2.3461538461538463,18.0,3.0,11.0,25.0
2026_04_KC_LV,2026,4,LV,KC,7.0,7.0,0.015066609430448965,0.015066609430448965,0.015066609430448965,0.4567131211868054,0.4567131211868054,0.4567131211868054,0.057764360395939345,0.057764360395939345,0.057764360395939345,0.01773056378319536,0.01773056378319536,0.01773056378319536,0.44553990610328637,0.44553990610328637,0.44553990610328637,0.14737586195637772,0.14737586195637772,0.14737586195637772,-0.20664866957893616,-0.20664866957893616,-0.20664866957893616,-0.17153044504855142,-0.17153044504855142,-0.17153044504855142,0.4385639164223556,0.4385639164223556,0.4385639164223556,0.068766966044643,0.068766966044643,0.068766966044643,0.038739975491336655,0.038739975491336655,0.038739975491336655,0.1621422731208849,0.1621422731208849,0.1621422731208849,0.5527037681676857,0.5527037681676857,0.5527037681676857,0.09456419868791004,0.09456419868791004,0.09456419868791004,0.009884559884559885,0.009884559884559885,0.009884559884559885,0.43526290582778787,0.43526290582778787,0.43526290582778787,0.24436372886718385,0.24436372886718385,0.24436372886718385,0.09101729636224017,0.09101729636224017,0.09101729636224017,-0.05021286235342424,-0.05021286235342424,-0.05021286235342424,0.44425574207359025,0.44425574207359025,0.44425574207359025,0.06148269095648438,0.06148269095648438,0.06148269095648438,0.023920300855895704,0.023920300855895704,0.023920300855895704,30.666666666666668,30.666666666666668,30.666666666666668,220.33333333333334,220.33333333333334,220.33333333333334,3.0,3.0,3.0,1.0,1.0,1.0,1.6666666666666667,1.6666666666666667,1.6666666666666667,5.115770974247759,5.115770974247759,5.115770974247759,4.054468822205204,4.054468822205204,4.054468822205204,32.666666666666664,32.666666666666664,32.666666666666664,270.6666666666667,270.6666666666667,270.6666666666667,2.3333333333333335,2.3333333333333335,2.3333333333333335,0.6666666666666666,0.6666666666666666,0.6666666666666666,1.3333333333333333,1.3333333333333333,1.3333333333333333,8.01552793837632,8.01552793837632,8.01552793837632,3.4964007263758945,3.4964007263758945,3.4964007263758945,11.0,1.0,1.0,0.0,0.0,1.0,11.0,1.0,0.0,0.0,0.0,1.0,81.0,0.0,3.0987654320987654,18.0,3.0,14.0,28.0,77.0,0.0,2.883116883116883,20.0,3.0,13.0,25.0
2026_04_LAC_SEA,2026,4,SEA,LAC,7.0,7.0,0.08172109075681895,0.08172109075681895,0.08172109075681895,0.5000765433910443,0.5000765433910443,0.5000765433910443,0.08044846274601454,0.08044846274601454,0.08044846274601454,0.01667468334135001,0.01667468334135001,0.01667468334135001,0.46193916699212023,0.46193916699212023,0.46193916699212023,0.29090869961582816,0.29090869961582816,0.29090869961582816,-0.22756774871908922,-0.22756774871908922,-0.22756774871908922,-0.1270330907875041,-0.1270330907875041,-0.1270330907875041,0.40606360157894383,0.40606360157894383,0.40606360157894383,0.030391978857753837,0.030391978857753837,0.030391978857753837,0.018196856906534328,0.018196856906534328,0.018196856906534328,-0.20345229262732445,-0.20345229262732445,-0.20345229262732445,0.4348187183501275,0.4348187183501275,0.4348187183501275,0.07368127062524346,0.07368127062524346,0.07368127062524346,0.028239587237889444,0.028239587237889444,0.028239587237889444,0.4504678117581344,0.4504678117581344,0.4504678117581344,-0.12754231097611243,-0.12754231097611243,-0.12754231097611243,-0.24978559864444053,-0.24978559864444053,-0.24978559864444053,0.019580129184227076,0.019580129184227076,0.019580129184227076,0.48110610610610616,0.48110610610610616,0.48110610610610616,0.07439582439582439,0.07439582439582439,0.07439582439582439,0.027152152152152154,0.027152152152152154,0.027152152152152154,31.0,31.0,31.0,267.0,267.0,267.0,2.6666666666666665,2.6666666666666665,2.6666666666666665,0.6666666666666666,0.6666666666666666,0.6666666666666666,0.6666666666666666,0.6666666666666666,0.6666666666666666,8.871342639567938,8.871342639567938,8.871342639567938,6.244324891022591,6.244324891022591,6.244324891022591,29.333333333333332,29.333333333333332,29.333333333333332,209.0,209.0,209.0,1.0,1.0,1.0,1.3333333333333333,1.3333333333333333,1.3333333333333333,2.6666666666666665,2.6666666666666665,2.6666666666666665,-4.1801365320620265,-4.1801365320620265,-4.1801365320620265,-4.486824524229717,-4.486824524229717,-4.486824524229717,12.0,2.0,2.0,0.0,2.0,0.0,13.0,4.0,5.0,0.0,2.0,2.0,81.0,0.0,3.2098765432098766,14.0,3.0,14.0,26.0,78.0,0.0,3.5128205128205128,15.0,3.0,16.0,25.0
2026_04_DEN_SF,2026,4,SF,DEN,7.0,7.0,0.3153258119823325,0.3153258119823325,0.3153258119823325,0.5899268547544411,0.5899268547544411,0.5899268547544411,0.11740160222918844,0.11740160222918844,0.11740160222918844,0.0044444444444444444,0.0044444444444444444,0.0044444444444444444,0.4202696623749256,0.4202696623749256,0.4202696623749256,0.68389122631796,0.68389122631796,0.68389122631796,0.06706005849862574,0.06706005849862574,0.06706005849862574,0.001829362766730976,0.001829362766730976,0.001829362766730976,0.4987003756726571,0.4987003756726571,0.4987003756726571,0.034186211798152094,0.034186211798152094,0.034186211798152094,0.013351609300436593,0.013351609300436593,0.013351609300436593,-0.028839921922328465,-0.028839921922328465,-0.028839921922328465,0.4712825003541396,0.4712825003541396,0.4712825003541396,0.06778445992642482,0.06778445992642482,0.06778445992642482,0.020290051039024034,0.020290051039024034,0.020290051039024034,0.4966241360978203,0.4966241360978203,0.4966241360978203,-0.06881634595875978,-0.06881634595875978,-0.06881634595875978,-0.04511663202091996,-0.04511663202091996,-0.04511663202091996,0.05600139204429903,0.05600139204429903,0.05600139204429903,0.47791418701324573,0.47791418701324573,0.47791418701324573,0.08194902860971888,0.08194902860971888,0.08194902860971888,0.01603277443707744,0.01603277443707744,0.01603277443707744,27.666666666666668,27.666666666666668,27.666666666666668,263.0,263.0,263.0,3.0,3.0,3.0,0.3333333333333333,0.3333333333333333,0.3333333333333333,0.0,0.0,0.0,17.028778057576584,17.028778057576584,17.028778057576584,8.299572119179073,8.299572119179073,8.299572119179073,31.0,31.0,31.0,201.66666666666666,201.66666666666666,201.66666666666666,1.3333333333333333,1.3333333333333333,1.3333333333333333,1.0,1.0,1.0,1.6666666666666667,1.6666666666666667,1.6666666666666667,-2.341100841829059,-2.341100841829059,-2.341100841829059,-2.5637763089168386,-2.5637763089168386,-2.5637763089168386,11.0,3.0,4.0,0.0,0.0,3.0,6.0,1.0,0.0,0.0,0.0,1.0,90.0,0.0,4.322222222222222,15.0,3.0,15.0,29.0,78.0,0.0,3.717948717948718,12.0,3.0,15.0,24.0
2026_04_DET_CAR,2026,4,CAR,DET,7.0,7.0,0.07434408888884148,0.07434408888884148,0.07434408888884148,0.473272399944606,0.473272399944606,0.473272399944606,0.0867262152056502,0.0867262152056502,0.0867262152056502,0.011863546138577298,0.011863546138577298,0.011863546138577298,0.53681125897889,0.53681125897889,0.53681125897889,0.1418424243758577,0.1418424243758577,0.1418424243758577,-0.07349370304353416,-0.07349370304353416,-0.07349370304353416,-0.02353950211632284,-0.02353950211632284,-0.02353950211632284,0.4634809634809635,0.4634809634809635,0.4634809634809635,0.07223193473193473,0.07223193473193473,0.07223193473193473,0.032682595182595184,0.032682595182595184,0.032682595182595184,0.1387351854041107,0.1387351854041107,0.1387351854041107,0.5638618937434781,0.5638618937434781,0.5638618937434781,0.0804319223265732,0.0804319223265732,0.0804319223265732,0.003584229390681004,0.003584229390681004,0.003584229390681004,0.47916047916047916,0.47916047916047916,0.47916047916047916,0.2725553915976121,0.2725553915976121,0.2725553915976121,-0.0801295185324736,-0.0801295185324736,-0.0801295185324736,0.14041097383539503,0.14041097383539503,0.14041097383539503,0.5040686274509805,0.5040686274509805,0.5040686274509805,0.11169934640522876,0.11169934640522876,0.11169934640522876,0.014248366013071896,0.014248366013071896,0.014248366013071896,40.333333333333336,40.333333333333336,40.333333333333336,313.0,313.0,313.0,2.3333333333333335,2.3333333333333335,2.3333333333333335,0.6666666666666666,0.6666666666666666,0.6666666666666666,2.3333333333333335,2.3333333333333335,2.3333333333333335,6.89193885403061,6.89193885403061,6.89193885403061,5.179203942641187,5.179203942641187,5.179203942641187,36.333333333333336,36.333333333333336,36.333333333333336,267.3333333333333,267.3333333333333,267.3333333333333,2.6666666666666665,2.6666666666666665,2.6666666666666665,0.0,0.0,0.0,2.3333333333333335,2.3333333333333335,2.3333333333333335,12.188981785343307,12.188981785343307,12.188981785343307,3.3429863212660886,3.3429863212660886,3.3429863212660886,12.0,2.0,4.0,0.0,1.0,1.0,3.0,1.0,1.0,0.0,0.0,1.0,85.0,0.0,3.5294117647058822,13.0,4.0,17.0,25.0,81.0,0.0,3.54320987654321,12.0,4.0,14.0,24.0
2026_04_ATL_NO,2026,4,NO,ATL,8.0,11.0,0.019846696611683787,0.019846696611683787,0.019846696611683787,0.4922010601523786,0.4922010601523786,0.4922010601523786,0.06744348732178347,0.06744348732178347,0.06744348732178347,0.025129592066711743,0.025129592066711743,0.025129592066711743,0.5343334853321173,0.5343334853321173,0.5343334853321173,0.03931600689375283,0.03931600689375283,0.03931600689375283,-0.010366803725380036,-0.010366803725380036,-0.010366803725380036,0.035026126062403726,0.035026126062403726,0.035026126062403726,0.5340029360250834,0.5340029360250834,0.5340029360250834,0.07086547433201261,0.07086547433201261,0.07086547433201261,0.012888358097794783,0.012888358097794783,0.012888358097794783,-0.14162930133690277,-0.14162930133690277,-0.14162930133690277,0.47943338074917025,0.47943338074917025,0.47943338074917025,0.07461474632527264,0.07461474632527264,0.07461474632527264,0.034228307254623044,0.034228307254623044,0.034228307254623044,0.3819563416372849,0.3819563416372849,0.3819563416372849,-0.3187507103600291,-0.3187507103600291,-0.3187507103600291,0.0063260196902023376,0.0063260196902023376,0.0063260196902023376,-0.032914002476042974,-0.032914002476042974,-0.032914002476042974,0.4518987341772152,0.4518987341772152,0.4518987341772152,0.06243319268635724,0.06243319268635724,0.06243319268635724,0.008663853727144866,0.008663853727144866,0.008663853727144866,44.0,44.0,44.0,305.6666666666667,305.6666666666667,305.6666666666667,2.6666666666666665,2.6666666666666665,2.6666666666666665,1.0,1.0,1.0,3.3333333333333335,3.3333333333333335,3.3333333333333335,2.0981873658526955,2.0981873658526955,2.0981873658526955,5.735342422356972,5.735342422356972,5.735342422356972,21.333333333333332,21.333333333333332,21.333333333333332,161.66666666666666,161.66666666666666,161.66666666666666,0.6666666666666666,0.6666666666666666,0.6666666666666666,1.6666666666666667,1.6666666666666667,1.6666666666666667,1.6666666666666667,1.6666666666666667,1.6666666666666667,-6.148182825982443,-6.148182825982443,-6.148182825982443,-6.150842536938335,-6.150842536938335,-6.150842536938335,13.0,3.0,2.0,0.0,0.0,3.0,7.0,0.0,3.0,0.0,0.0,0.0,86.0,0.0,3.3488372093023258,14.0,3.0,14.0,29.0,81.0,0.0,4.098765432098766,14.0,4.0,16.0,23.0
2026_05_TB_DAL,2026,5,DAL,TB,4.0,4.0,0.16012706161710769,0.15788516305558356,0.16012706161710769,0.5234810596609654,0.542060767719997,0.5234810596609654,0.0532659435811631,0.06564491402219597,0.0532659435811631,0.0069058212829069335,0.0038314176245210726,0.0069058212829069335,0.5171555864817285,0.5067450830509069,0.5171555864817285,0.29203132298283724,0.2876015407951354,0.29203132298283724,-0.020189098131197084,-0.04717694437999781,-0.020189098131197084,0.16746099151762128,0.11542368845069702,0.16746099151762128,0.5351058092081313,0.5073340614003156,0.5351058092081313,0.10101677108679964,0.11714516846661005,0.10101677108679964,0.006338254172015404,0.0040650406504065045,0.006338254172015404,-0.08614008487593638,-0.09307591013692167,-0.08614008487593638,0.45180602847856366,0.42292085848423877,0.45180602847856366,0.05642654000928649,0.05985077129443326,0.05642654000928649,0.0315042498581231,0.02149284596467695,0.0315042498581231,0.4817907995618839,0.4757210660825119,0.4817907995618839,-0.2553665432504918,-0.2580693202665265,-0.2553665432504918,-0.011232668870502185,0.011929151758878723,-0.011232668870502185,0.010685284145078714,-0.009588248869124153,0.010685284145078714,0.46778024495415793,0.4505468201120375,0.46778024495415793,0.05877030333552073,0.048057374144330665,0.05877030333552073,0.014561639561639562,0.015086515086515087,0.014561639561639562,37.5,38.666666666666664,37.5,266.25,296.6666666666667,266.25,2.0,2.0,2.0,0.25,0.0,0.25,1.5,2.0,1.5,12.159050178521934,12.751765983175227,12.159050178521934,6.298653113689049,5.8215819502486434,6.298653113689049,30.75,31.666666666666668,30.75,190.75,182.33333333333334,190.75,0.75,1.0,0.75,1.0,1.3333333333333333,1.0,4.0,4.0,4.0,-8.543065631932876,-9.587247694064805,-8.543065631932876,1.1619188566879113,-3.1242621736926623,1.1619188566879113,,,,,,,,,,,,,,,,,,,,,,,,,,
2026_05_PHI_JAX,2026,5,JAX,PHI,7.0,7.0,0.1806901514807951,0.13192642270706453,0.1806901514807951,0.540006038647343,0.506466384863124,0.540006038647343,0.08712635869565218,0.06929347826086957,0.08712635869565218,0.007095410628019324,0.009460547504025765,0.007095410628019324,0.41920826429163216,0.4339443523888429,0.41920826429163216,0.3137043547700914,0.15408530987731625,0.3137043547700914,0.06556005055766415,0.10004080026360397,0.06556005055766415,-0.029490075920002308,-0.02356886734290074,-0.029490075920002308,0.47259979862591805,0.4661119008133934,0.47259979862591805,0.07574478796493722,0.07982902945589514,0.07574478796493722,0.028036898839137646,0.02680052120350628,0.028036898839137646,-0.04612291219001544,-0.0845576804540676,-0.04612291219001544,0.4368739692061377,0.43543980207877175,0.4368739692061377,0.0624154971951839,0.0538088982210295,0.0624154971951839,0.01895513086830079,0.02527350782440105,0.01895513086830079,0.4532828701865512,0.46507367766167035,0.4532828701865512,-0.17917476706950808,-0.2540589314237278,-0.17917476706950808,-0.022929830756340988,-0.06460872897547452,-0.022929830756340988,0.05983369056922259,0.06294735727753378,0.05983369056922259,0.5001082251082252,0.516017316017316,0.5001082251082252,0.06578005328005329,0.06786546786546788,0.06578005328005329,0.005494505494505495,0.007326007326007327,0.005494505494505495,26.0,27.0,26.0,210.75,199.33333333333334,210.75,2.0,1.3333333333333333,2.0,0.5,0.6666666666666666,0.5,2.0,2.3333333333333335,2.0,7.936949496801796,4.242107413481726,7.936949496801796,10.380772024171124,6.399239413026021,10.380772024171124,28.5,29.666666666666668,28.5,178.25,170.0,178.25,1.75,1.3333333333333333,1.75,0.75,1.0,0.75,3.0,3.0,3.0,-2.2672522574257448,-3.4474617858370693,-2.2672522574257448,-0.40759184242038593,-0.8327695559832003,-0.40759184242038593,,,,,,,,,,,,,,,,,,,,,,,,,,
2026_05_CIN_MIA,2026,5,MIA,CIN,7.0,7.0,-0.14076859746921866,-0.12110620993382935,-0.14076859746921866,0.39069115095430884,0.39784461152882206,0.39069115095430884,0.07566367842683633,0.06498746867167919,0.07566367842683633,0.019271255060728746,0.015438596491228071,0.019271255060728746,0.4362471395881007,0.4149961861174676,0.4362471395881007,-0.2222894383428996,-0.20024126545875817,-0.2222894383428996,-0.055899321524586806,-0.02703969405888808,-0.055899321524586806,0.13925104021792037,0.1748282217410675,0.13925104021792037,0.5269833417153186,0.540363753866039,0.5269833417153186,0.08969207137078258,0.09765960393297328,0.08969207137078258,0.010745614035087718,0.005555555555555556,0.010745614035087718,0.09201308181827032,0.09884881469513133,0.09201308181827032,0.48556511056511054,0.4742599742599743,0.48556511056511054,0.07275944775944776,0.0667095667095667,0.07275944775944776,0.01267135642135642,0.012566137566137565,0.01267135642135642,0.5481547168958145,0.5729782190189808,0.5481547168958145,0.10733583649416452,0.1674380881257543,0.10733583649416452,-0.08384502616603288,-0.14423211792592597,-0.08384502616603288,0.04699424642761679,0.08443653160114924,0.04699424642761679,0.4886801491081382,0.47208635265700477,0.4886801491081382,0.08980687941285767,0.10435789049919485,0.08980687941285767,0.02263099219620959,0.00966183574879227,0.02263099219620959,25.75,25.333333333333332,25.75,178.0,164.0,178.0,0.25,0.3333333333333333,0.25,0.5,0.3333333333333333,0.5,2.75,2.0,2.75,-4.373726229028161,-4.001718406341058,-4.373726229028161,-9.202447275063797,-9.319847514257406,-9.202447275063797,39.25,40.666666666666664,39.25,292.75,305.6666666666667,292.75,1.75,2.0,1.75,0.75,0.6666666666666666,0.75,2.25,2.6666666666666665,2.25,4.716609270158397,7.164463381018454,4.716609270158397,4.632584458671904,4.059535021751475,4.632584458671904,,,,,,,,,,,,,,,,,,,,,,,,,,
2026_05_LV_NE,2026,5,NE,LV,7.0,7.0,-0.060419780865163704,-0.053636377770297054,-0.060419780865163704,0.46107127507744206,0.46518905053060644,0.46107127507744206,0.08276397200733064,0.09753144985592803,0.08276397200733064,0.03397892035226001,0.03248471431583386,0.03397892035226001,0.4537663254886556,0.4491776114740516,0.4537663254886556,-0.11651124840408737,-0.11255801495557961,-0.11651124840408737,0.0033094769725084995,0.033700162535733214,0.0033094769725084995,0.014683888407503457,-0.005354046901429298,0.014683888407503457,0.4708552936524144,0.46961496780773887,0.4708552936524144,0.07344796862996782,0.06403231975521133,0.07344796862996782,0.016639175750621533,0.022185567667495378,0.016639175750621533,0.021463399893859685,0.01777803464231992,0.021463399893859685,0.4786459520012152,0.4759139009139009,0.4786459520012152,0.06554549251917673,0.06546416546416546,0.06554549251917673,0.018853478392952077,0.016366041366041365,0.018853478392952077,0.4730438184663537,0.4973917579551383,0.4730438184663537,0.15941266353436606,0.20818138846405143,0.15941266353436606,-0.21418225715379746,-0.2571573260438323,-0.21418225715379746,-0.09598422869260231,-0.06139371823167424,-0.09598422869260231,0.45225627065010005,0.47993143778987696,0.45225627065010005,0.07824189120014892,0.06842508570276266,0.07824189120014892,0.02905498161850249,0.028483565234926397,0.02905498161850249,29.25,28.0,29.25,213.5,225.33333333333334,213.5,1.0,1.0,1.0,1.75,1.3333333333333333,1.75,2.5,2.3333333333333335,2.5,-2.2567784958981347,-1.4685866095355185,-2.2567784958981347,2.080397172537725,0.7837126770662883,2.080397172537725,36.0,38.0,36.0,256.5,288.6666666666667,256.5,2.75,2.6666666666666665,2.75,1.0,0.6666666666666666,1.0,1.25,1.6666666666666667,1.25,6.281335473132113,8.244049076723051,6.281335473132113,2.2832901943903203,2.8080865725075603,2.2832901943903203,,,,,,,,,,,,,,,,,,,,,,,,,,
2026_05_MIN_NO,2026,5,NO,MIN,6.0,7.0,-0.005293048360227478,0.00934660255582588,-0.005293048360227478,0.4754726341947437,0.4901726625864557,0.4754726341947437,0.05920330514651001,0.052793949345673476,0.05920330514651001,0.021720757268424613,0.019157088122605363,0.021720757268424613,0.5478089375284998,0.5310655114759082,0.5478089375284998,0.032825762864047925,0.0491337286368859,0.032825762864047925,-0.08292202773960373,-0.08847953817173927,-0.08292202773960373,0.10647199924817373,0.14163443113881255,0.10647199924817373,0.554913966724695,0.5750107369949337,0.554913966724695,0.08623734104312711,0.0863092862653881,0.08623734104312711,0.009666268573346088,0.00930412870711378,0.009666268573346088,-0.024195758249175733,-0.04077515267864346,-0.024195758249175733,0.39842937574185144,0.3915995280161623,0.39842937574185144,0.05784997006333967,0.06812428440877721,0.05784997006333967,0.006756756756756757,0.0045045045045045045,0.006756756756756757,0.4234687810508992,0.43849891527507284,0.4234687810508992,-0.08832344442676934,-0.12394098261348968,-0.08832344442676934,-0.10269216522773571,-0.1189112699376209,-0.10269216522773571,-0.15515538262958883,-0.17426616046874957,-0.15515538262958883,0.3810449735449736,0.36917107583774245,0.3810449735449736,0.07540564373897707,0.06482657260435037,0.07540564373897707,0.023077601410934744,0.022833627278071724,0.023077601410934744,45.0,41.333333333333336,45.0,300.75,264.3333333333333,300.75,2.25,2.0,2.25,0.75,0.3333333333333333,0.75,3.0,2.3333333333333335,3.0,1.740578409076187,2.656544636290428,1.740578409076187,4.253017598071094,6.0725582861308505,4.253017598071094,26.25,28.666666666666668,26.25,172.75,186.0,172.75,1.0,0.3333333333333333,1.0,0.25,0.3333333333333333,0.25,3.25,3.3333333333333335,3.25,-1.8144806876133537,-4.081678120415504,-1.8144806876133537,-2.9832216492412904,-1.5571783016386782,-2.9832216492412904,,,,,,,,,,,,,,,,,,,,,,,,,,
2026_05_CLE_NYJ,2026,5,NYJ,CLE,7.0,10.0,0.027433912679672805,-0.024745242458992612,0.027433912679672805,0.4872290881586234,0.4694586040313176,0.4872290881586234,0.06980557018787903,0.06154256205230718,0.06980557018787903,0.0033333333333333335,0.0044444444444444444,0.0033333333333333335,0.459888958726168,0.5020741671904463,0.459888958726168,0.12044471333778163,0.025108894110670466,0.12044471333778163,-0.163229287570642,-0.22084418451509147,-0.163229287570642,-0.0019136686206546096,0.05444499966074898,-0.0019136686206546096,0.5293509615384615,0.5495512820512821,0.5293509615384615,0.06466346153846153,0.07580128205128205,0.06466346153846153,0.012960737179487179,0.012072649572649571,0.012960737179487179,0.03646472644512655,0.06437086914393775,0.03646472644512655,0.4990916812655943,0.5014344109996284,0.4990916812655943,0.059016828582045974,0.05752508361204014,0.059016828582045974,0.017808302808302808,0.013162393162393163,0.017808302808302808,0.45693565016130105,0.46170654994184407,0.45693565016130105,0.07129367323799057,0.216478373955558,0.07129367323799057,-0.1719729892608971,-0.2415060652994603,-0.1719729892608971,0.08159016303944597,-0.00020689521473431458,0.08159016303944597,0.5058113159855258,0.46087342131403436,0.5058113159855258,0.09875113080034056,0.08479317440045409,0.09875113080034056,0.012171402724563643,0.016228536966084856,0.012171402724563643,29.25,31.0,29.25,225.5,229.0,225.5,1.25,1.6666666666666667,1.25,0.0,0.0,0.0,3.0,4.0,3.0,5.0157015971744245,3.4359847614129784,5.0157015971744245,5.5156565927293,3.075535148382187,5.5156565927293,28.75,31.0,28.75,213.75,216.66666666666666,213.75,1.5,1.6666666666666667,1.5,0.5,0.3333333333333333,0.5,2.75,2.0,2.75,4.134775975382055,7.366408698682321,4.134775975382055,1.71397661613135,-1.1550297611725535,1.71397661613135,,,,,,,,,,,,,,,,,,,,,,,,,,
2026_05_IND_PIT,2026,5,PIT,IND,10.0,7.0,-0.05865213980463708,0.0004961924334776976,-0.05865213980463708,0.4671707765037606,0.4895610353383475,0.4671707765037606,0.07658311183542543,0.08433303800278946,0.07658311183542543,0.022776646036642544,0.025924416937745613,0.022776646036642544,0.5499782059365834,0.5396105808884176,0.5499782059365834,-0.13070207208742093,-0.06628752703161858,-0.13070207208742093,-0.02495502485644363,0.050795171167058784,-0.02495502485644363,0.018119392676324793,0.11682094772375318,0.018119392676324793,0.49675457715780297,0.5272043010752688,0.49675457715780297,0.0900283347863993,0.09301075268817204,0.0900283347863993,0.024960161774677907,0.024271206690561528,0.024960161774677907,0.022634621076697316,0.0707973330867281,0.022634621076697316,0.4892823909838584,0.502618067205531,0.4892823909838584,0.07523268638671363,0.0664938233948452,0.07523268638671363,0.025776192275983406,0.024706420619185602,0.025776192275983406,0.45776559725835086,0.4509338398227287,0.45776559725835086,-0.20362434170788263,-0.11763022060584222,-0.20362434170788263,0.12113213959231584,0.12071812908002277,0.12113213959231584,0.06436357819500677,-0.018556061405814634,0.06436357819500677,0.4867591036201997,0.4671939563420844,0.4867591036201997,0.07655633162279933,0.06311406986936015,0.07655633162279933,0.006536226930963773,0.0043859649122807015,0.006536226930963773,38.25,37.666666666666664,38.25,249.75,259.3333333333333,249.75,1.75,2.0,1.75,1.0,1.3333333333333333,1.0,3.25,3.6666666666666665,3.25,-4.5747589667659625,-3.4869635321114525,-4.5747589667659625,-3.4437064553965655,-5.003102898238917,-3.4437064553965655,33.0,33.666666666666664,33.0,188.5,196.0,188.5,0.75,0.6666666666666666,0.75,1.0,1.0,1.0,2.0,2.0,2.0,-5.988214852655161,-4.780209844417336,-5.988214852655161,-1.7621563027547107,-0.662722445343385,-1.7621563027547107,,,,,,,,,,,,,,,,,,,,,,,,,,
2026_05_HOU_TEN,2026,5,TEN,HOU,7.0,7.0,-0.08613970667452825,-0.05785638441108254,-0.08613970667452825,0.45301058329615707,0.44776411106154274,0.45301058329615707,0.06337062249059972,0.07407749665413295,0.06337062249059972,0.018301444697597348,0.0191935929301298,0.018301444697597348,0.47286633403361344,0.4481967787114846,0.47286633403361344,-0.12028579062453473,-0.09036911373240779,-0.12028579062453473,-0.011253756088963715,-0.05164045572881565,-0.011253756088963715,0.10522877133938018,0.07898123575395055,0.10522877133938018,0.48157215080344223,0.46191602089107603,0.48157215080344223,0.07996914188921657,0.07509399098742388,0.07996914188921657,0.006024096385542169,0.008032128514056226,0.006024096385542169,-0.007104739494929159,-0.04361786369017689,-0.007104739494929159,0.4555751462467881,0.43527235616787857,0.4555751462467881,0.08174329816120861,0.07968703491091551,0.08174329816120861,0.005494505494505495,0.0,0.005494505494505495,0.5078664943791558,0.5253034739870225,0.5078664943791558,0.06468450506761518,0.07407980502283656,0.06468450506761518,-0.16633112135104772,-0.25858544165020897,-0.16633112135104772,0.08258746448108978,0.028771169649626147,0.08258746448108978,0.44833707605691064,0.43857878797637834,0.44833707605691064,0.0816647739862989,0.06908537029018957,0.0816647739862989,0.009036144578313253,0.012048192771084336,0.009036144578313253,29.75,29.0,29.75,181.5,195.33333333333334,181.5,0.75,0.6666666666666666,0.75,0.5,0.6666666666666666,0.5,1.5,1.0,1.5,-3.379584406637437,-2.0556946270059013,-3.379584406637437,3.4139458071283935,4.422012252800939,3.4139458071283935,37.75,37.666666666666664,37.75,285.25,289.0,285.25,1.25,1.0,1.25,0.0,0.0,0.0,3.0,3.0,3.0,1.8068844877002688,1.9103650458403614,1.8068844877002688,2.5078010023755493,2.2898421776600375,2.5078010023755493,,,,,,,,,,,,,,,,,,,,,,,,,,
2026_05_NYG_WAS,2026,5,WAS,NYG,7.0,7.0,-0.029658132563212994,-0.05637507356571366,-0.029658132563212994,0.43337765144568735,0.427043217800599,0.43337765144568735,0.06181612568005379,0.06258023106546855,0.06181612568005379,0.006338254172015404,0.008451005562687205,0.006338254172015404,0.44706818239534474,0.4515125966074476,0.44706818239534474,0.004333421250685879,-0.030387248102538834,0.004333421250685879,-0.11193082254276396,-0.15098220459818143,-0.11193082254276396,0.09265004072306829,0.10047292343004403,0.09265004072306829,0.5141549001222617,0.5384810433002706,0.5141549001222617,0.07169606004614693,0.06618298202231354,0.07169606004614693,0.01558837318330989,0.02078449757774652,0.01558837318330989,0.006493002490323427,-0.09920029691903344,0.006493002490323427,0.4428581135938438,0.38433713391459867,0.4428581135938438,0.051001623777754246,0.05045830538788285,0.051001623777754246,0.016860902255639097,0.018095238095238095,0.016860902255639097,0.4351743047395221,0.4405927666797232,0.4351743047395221,0.014663715912634719,-0.2160661405928355,0.014663715912634719,-0.13802534070292533,-0.2042759136584121,-0.13802534070292533,-0.0012634584217439404,-0.05730219699621856,-0.0012634584217439404,0.4851244952411321,0.49091868182688586,0.4851244952411321,0.06845212496097068,0.0858931558619394,0.06845212496097068,0.028107145067410154,0.03209984933719203,0.028107145067410154,28.75,27.0,28.75,157.25,155.0,157.25,1.75,1.6666666666666667,1.75,0.25,0.3333333333333333,0.25,1.0,1.0,1.0,-0.5671165852674691,-2.0581005987476115,-0.5671165852674691,-3.005027401437662,-2.8582689445465803,-3.005027401437662,26.75,26.0,26.75,177.25,159.66666666666666,177.25,1.5,1.0,1.5,0.75,1.0,0.75,2.75,3.0,2.75,0.7976973932247889,-6.2405540918004165,0.7976973932247889,-3.849986347403323,-9.594501192201585,-3.849986347403323,,,,,,,,,,,,,,,,,,,,,,,,,,
2026_05_DEN_LAC,2026,5,LAC,DEN,7.0,7.0,-0.16480540260291193,-0.1298451458020771,-0.16480540260291193,0.43657915504166533,0.44769693790501625,0.43657915504166533,0.07560979017823492,0.07930767722689387,0.07560979017823492,0.029900620660975222,0.02911480604259062,0.029900620660975222,0.4449937159614579,0.43203463203463205,0.4449937159614579,-0.1553756493588359,-0.144860128955956,-0.1553756493588359,-0.16545872561455968,-0.11213158877207674,-0.16545872561455968,0.023020096041020576,0.006804844221700135,0.023020096041020576,0.4790728228228229,0.4720970970970971,0.4790728228228229,0.07944551694551694,0.08608608608608609,0.07944551694551694,0.027120870870870874,0.036161161161161165,0.027120870870870874,0.007821444896673267,0.07693071956930457,0.007821444896673267,0.46422136893649074,0.46595636076777996,0.46422136893649074,0.057167458868869245,0.07075879761750872,0.057167458868869245,0.015217538279268026,0.009361089290390154,0.015217538279268026,0.5070834866887498,0.498333537807222,0.5070834866887498,-0.023530806317518787,0.1184317559011629,-0.023530806317518787,-0.022547862340055153,0.004123489999893533,-0.022547862340055153,0.08924681035233478,0.05907393003858596,0.08924681035233478,0.4933040613125659,0.49323658391459,0.4933040613125659,0.08777756093097337,0.0867337176049342,0.08777756093097337,0.015314054512018605,0.016089735020353813,0.015314054512018605,29.75,30.666666666666668,29.75,204.0,202.33333333333334,204.0,1.0,1.0,1.0,1.5,1.6666666666666667,1.5,3.0,3.0,3.0,-5.143134782981752,-4.988290938300914,-5.143134782981752,-4.346979795763358,-3.726181019945671,-4.346979795763358,33.75,35.666666666666664,33.75,204.75,229.33333333333334,204.75,1.25,1.3333333333333333,1.25,0.75,0.6666666666666666,0.75,1.25,0.3333333333333333,1.25,-0.5764045990066502,4.02525779304248,-0.5764045990066502,-2.9256460681492484,-1.307681144526116,-2.9256460681492484,,,,,,,,,,,,,,,,,,,,,,,,,,
2026_05_DET_ARI,2026,5,ARI,DET,7.0,7.0,-0.035179604016143035,-0.07079475585451801,-0.035179604016143035,0.48512565121628104,0.4801675349550414,0.48512565121628104,0.03125888945781419,0.021837249435815744,0.03125888945781419,0.015842537731938652,0.02112338364258487,0.015842537731938652,0.4924503115420499,0.5021288706739527,0.4924503115420499,-0.07808093794245746,-0.18316813379304195,-0.07808093794245746,-0.053516651231944455,-0.0813877511119224,-0.053516651231944455,0.07619913301005453,0.19149423501521148,0.07619913301005453,0.46794930875576035,0.4895238095238095,0.46794930875576035,0.09015500628403854,0.09870129870129869,0.09015500628403854,0.021311269375785508,0.01766233766233766,0.021311269375785508,0.15670622136136952,0.2086133939564069,0.15670622136136952,0.5523081850134909,0.571536361379995,0.5523081850134909,0.07502982409787108,0.07136593033838008,0.07502982409787108,0.002688172043010753,0.0,0.002688172043010753,0.5190089135872269,0.5454917382628226,0.5190089135872269,0.26255129545484124,0.34392568915045024,0.26255129545484124,-0.06592612583036535,-0.0807579939558867,-0.06592612583036535,0.1665762074666667,0.23850561032501813,0.1665762074666667,0.510404411764706,0.536748366013072,0.510404411764706,0.10730392156862745,0.1169281045751634,0.10730392156862745,0.010686274509803922,0.0044444444444444444,0.010686274509803922,38.0,38.333333333333336,38.0,204.5,180.33333333333334,204.5,1.5,1.6666666666666667,1.5,1.0,1.3333333333333333,1.0,1.75,2.0,1.75,-1.789957543749424,-5.39089828671698,-1.789957543749424,0.9892456997191476,-0.21630676500089896,0.9892456997191476,40.25,40.666666666666664,40.25,303.5,336.0,303.5,2.25,2.3333333333333335,2.25,0.0,0.0,0.0,2.0,2.3333333333333335,2.0,12.222878182108985,14.345667253100727,12.222878182108985,2.056106808235179,3.7113713119630223,2.056106808235179,,,,,,,,,,,,,,,,,,,,,,,,,,
2026_05_CHI_GB,2026,5,GB,CHI,7.0,7.0,-0.03510056544351925,-0.014193070887323482,-0.03510056544351925,0.45264505185391263,0.4646378469163279,0.45264505185391263,0.062887165577039,0.04813526838843294,0.062887165577039,0.02089959969706805,0.01992962499291613,0.02089959969706805,0.5592885674514314,0.5587262200165426,0.5592885674514314,0.03467342086398541,0.06582286617860096,0.03467342086398541,-0.36062054344857286,-0.33781668758934075,-0.36062054344857286,0.046801226320419886,0.0538874934141507,0.046801226320419886,0.4875537458165714,0.5104320214491223,0.4875537458165714,0.055777742927866907,0.06536131489481353,0.055777742927866907,0.013710105583715666,0.013775636273783051,0.013710105583715666,0.1141436378280993,0.019221763327520427,0.1141436378280993,0.5079740860990861,0.48411696328362996,0.5079740860990861,0.0918923861632195,0.08843227246005024,0.0918923861632195,0.017062991021324355,0.015174897119341562,0.017062991021324355,0.4137599428663719,0.4342556813975868,0.4137599428663719,0.19803596807468607,0.11431392938111713,0.19803596807468607,0.0323862323957393,-0.08272822032860595,0.0323862323957393,-0.043727466271272074,-0.10163840856746444,-0.043727466271272074,0.45463631379024827,0.4375070529251503,0.45463631379024827,0.07264670715555553,0.06473376215118247,0.07264670715555553,0.01895513086830079,0.017241379310344827,0.01895513086830079,38.5,37.333333333333336,38.5,260.25,218.0,260.25,2.0,2.0,2.0,0.75,0.6666666666666666,0.75,2.0,1.3333333333333333,2.0,1.1523960315345447,2.437743406603932,1.1523960315345447,-6.6163849212516395,-5.603828397431513,-6.6163849212516395,30.75,31.333333333333332,30.75,230.5,217.66666666666666,230.5,1.0,0.6666666666666666,1.0,0.5,0.6666666666666666,0.5,1.5,1.3333333333333333,1.5,8.176464170546858,4.713523170106895,8.176464170546858,5.433587391452958,1.7180039022315883,5.433587391452958,,,,,,,,,,,,,,,,,,,,,,,,,,
2026_05_SF_SEA,2026,5,SEA,SF,7.0,7.0,0.06962581722046447,0.06790185818251875,0.06962581722046447,0.4933006507865265,0.4995421106532218,0.4933006507865265,0.08398499570815955,0.0780816891928003,0.08398499570815955,0.019262769262769264,0.025683692350359017,0.019262769262769264,0.4309138347035496,0.425126492248411,0.4309138347035496,0.16643086328697054,0.16590206254841208,0.16643086328697054,-0.1688324932304218,-0.20471159713694417,-0.1688324932304218,-0.10749100122304668,-0.11639800491414103,-0.10749100122304668,0.4150128174632777,0.4037777737117206,0.4150128174632777,0.043142821352617704,0.04470324898297745,0.043142821352617704,0.022368572912458883,0.01700425106276569,0.022368572912458883,0.2837401253058599,0.33045305973302525,0.2837401253058599,0.5773135621184624,0.5786403050468386,0.5773135621184624,0.11436699114557554,0.12582265486076738,0.11436699114557554,0.00662280701754386,0.0043859649122807015,0.00662280701754386,0.41186891344786086,0.39600539811066127,0.41186891344786086,0.5827797552460245,0.7297295997801805,0.5827797552460245,0.045266618070794115,-0.01315002474972668,0.045266618070794115,0.030823408413467847,0.11445311012667786,0.030823408413467847,0.4847847754253789,0.5021010936019977,0.4847847754253789,0.0319687727726647,0.02272453285111513,0.0319687727726647,0.010013706975327444,0.003401360544217687,0.010013706975327444,28.75,31.0,28.75,242.25,260.6666666666667,242.25,2.5,3.0,2.5,0.75,1.0,0.75,1.25,1.3333333333333333,1.25,5.35974044405344,4.998122275349421,5.35974044405344,4.746487511881998,4.735512551102604,4.746487511881998,28.25,26.333333333333332,28.25,251.75,267.3333333333333,251.75,2.75,2.6666666666666665,2.75,0.25,0.0,0.25,0.0,0.0,0.0,14.896443385994043,18.253382002698416,14.896443385994043,6.132157008781988,7.919023951353924,6.132157008781988,,,,,,,,,,,,,,,,,,,,,,,,,,
2026_05_BAL_ATL,2026,5,ATL,BAL,6.0,7.0,-0.026019571301306138,0.05796899575357858,-0.026019571301306138,0.5139868002677601,0.5501805985552116,0.5139868002677601,0.08904929503807213,0.09170536635706915,0.08904929503807213,0.025671230440967283,0.025219298245614034,0.025671230440967283,0.3636731385809049,0.3661760569206585,0.3636731385809049,-0.11227903529296565,0.05240420208961133,-0.11227903529296565,0.09627633399283132,0.1556026228577863,0.09627633399283132,-0.04486357267602255,0.018880948604963727,-0.04486357267602255,0.4452458897133712,0.4603278529511616,0.4452458897133712,0.055445584169940346,0.05614966778214268,0.055445584169940346,0.009371453513749455,0.008050826907221495,0.009371453513749455,0.16064151754950937,0.10981452440018885,0.16064151754950937,0.5464133876074174,0.5467330016583748,0.5464133876074174,0.111210828972023,0.10932006633499171,0.111210828972023,0.006978096530335336,0.004975124378109453,0.006978096530335336,0.3820982923221729,0.39390883420734163,0.3820982923221729,0.3656025607512006,0.36212635779913627,0.3656025607512006,0.05693271481630258,-0.01734681333870776,0.05693271481630258,0.02066703118038173,0.06817387989164064,0.02066703118038173,0.4699920480586486,0.4768976099719178,0.4699920480586486,0.07681628821587012,0.06860529250038722,0.07681628821587012,0.01716219355111177,0.013221088986023422,0.01716219355111177,21.0,20.666666666666668,21.0,177.0,188.33333333333334,177.0,0.75,0.6666666666666666,0.75,1.25,1.0,1.25,1.5,0.6666666666666666,1.5,-1.9486731724686526,2.6566182478611684,-1.9486731724686526,-4.174953236767758,-2.093933193808626,-4.174953236767758,24.0,23.666666666666668,24.0,241.75,214.33333333333334,241.75,1.5,1.6666666666666667,1.5,0.25,0.3333333333333333,0.25,1.75,1.6666666666666667,1.75,9.335359061520757,8.999254332877127,9.335359061520757,8.28603445670043,9.447465859267902,8.28603445670043,,,,,,,,,,,,,,,,,,,,,,,,,,
2026_05_BUF_LA,2026,5,LA,BUF,8.0,8.0,-0.006250000793374344,0.06502189785088827,-0.006250000793374344,0.48462104905403874,0.5018827917735442,0.48462104905403874,0.08757771694377327,0.09686979174592654,0.08757771694377327,0.025574517804091586,0.02414910831590321,0.025574517804091586,0.5161766922960953,0.5468214483139856,0.5161766922960953,0.05073602099405059,0.19893208985503819,0.05073602099405059,0.003712331235477047,0.05009166202233184,0.003712331235477047,-0.07489104167677382,-0.147721829577153,-0.07489104167677382,0.4458125042335569,0.40330556120029804,0.4458125042335569,0.04348608006502744,0.03131477342003658,0.04348608006502744,0.010194235588972431,0.009147869674185462,0.010194235588972431,0.19389511142951354,0.17718136558085787,0.19389511142951354,0.5192702630669048,0.5331563706563708,0.5192702630669048,0.1229492018671123,0.12413127413127413,0.1229492018671123,0.024034749034749035,0.032046332046332046,0.024034749034749035,0.4584856382138586,0.44969802266898323,0.4584856382138586,0.20221865158416258,0.11821836954928329,0.20221865158416258,0.13684891029334226,0.22602513157811643,0.13684891029334226,0.09736157266317838,0.09567055252063317,0.09736157266317838,0.5302788797204284,0.5348773341327324,0.5302788797204284,0.09363335845093104,0.09554044863054544,0.09363335845093104,0.014623611682435212,0.01217214158390629,0.014623611682435212,40.5,45.666666666666664,40.5,297.25,344.6666666666667,297.25,1.5,2.0,1.5,1.5,1.6666666666666667,1.5,1.5,2.0,1.5,3.3563621536499952,6.345530322934145,3.3563621536499952,0.05398762446581107,1.6348236182919977,0.05398762446581107,29.75,30.0,29.75,259.75,235.0,259.75,1.5,1.3333333333333333,1.5,0.75,1.0,0.75,2.25,2.3333333333333335,2.25,8.485946157317821,6.469586901076558,8.485946157317821,5.820897312309498,5.047367988961665,5.820897312309498,,,,,,,,,,,,,,,,,,,,,,,,,,
2026_06_SEA_DEN,2026,6,DEN,SEA,4.0,4.0,0.007821444896673267,0.07693071956930457,0.007821444896673267,0.46422136893649074,0.46595636076777996,0.46422136893649074,0.057167458868869245,0.07075879761750872,0.057167458868869245,0.015217538279268026,0.009361089290390154,0.015217538279268026,0.5070834866887498,0.498333537807222,0.5070834866887498,-0.023530806317518787,0.1184317559011629,-0.023530806317518787,-0.022547862340055153,0.004123489999893533,-0.022547862340055153,0.08924681035233478,0.05907393003858596,0.08924681035233478,0.4933040613125659,0.49323658391459,0.4933040613125659,0.08777756093097337,0.0867337176049342,0.08777756093097337,0.015314054512018605,0.016089735020353813,0.015314054512018605,0.06962581722046447,0.06790185818251875,0.06962581722046447,0.4933006507865265,0.4995421106532218,0.4933006507865265,0.08398499570815955,0.0780816891928003,0.08398499570815955,0.019262769262769264,0.025683692350359017,0.019262769262769264,0.4309138347035496,0.425126492248411,0.4309138347035496,0.16643086328697054,0.16590206254841208,0.16643086328697054,-0.1688324932304218,-0.20471159713694417,-0.1688324932304218,-0.10749100122304668,-0.11639800491414103,-0.10749100122304668,0.4150128174632777,0.4037777737117206,0.4150128174632777,0.043142821352617704,0.04470324898297745,0.043142821352617704,0.022368572912458883,0.01700425106276569,0.022368572912458883,33.75,35.666666666666664,33.75,204.75,229.33333333333334,204.75,1.25,1.3333333333333333,1.25,0.75,0.6666666666666666,0.75,1.25,0.3333333333333333,1.25,-0.5764045990066502,4.02525779304248,-0.5764045990066502,-2.9256460681492484,-1.307681144526116,-2.9256460681492484,28.75,31.0,28.75,242.25,260.6666666666667,242.25,2.5,3.0,2.5,0.75,1.0,0.75,1.25,1.3333333333333333,1.25,5.35974044405344,4.998122275349421,5.35974044405344,4.746487511881998,4.735512551102604,4.746487511881998,,,,,,,,,,,,,,,,,,,,,,,,,,
2026_06_HOU_JAX,2026,6,JAX,HOU,7.0,7.0,0.1806901514807951,0.13192642270706453,0.1806901514807951,0.540006038647343,0.506466384863124,0.540006038647343,0.08712635869565218,0.06929347826086957,0.08712635869565218,0.007095410628019324,0.009460547504025765,0.007095410628019324,0.41920826429163216,0.4339443523888429,0.41920826429163216,0.3137043547700914,0.15408530987731625,0.3137043547700914,0.06556005055766415,0.10004080026360397,0.06556005055766415,-0.029490075920002308,-0.02356886734290074,-0.029490075920002308,0.47259979862591805,0.4661119008133934,0.47259979862591805,0.07574478796493722,0.07982902945589514,0.07574478796493722,0.028036898839137646,0.02680052120350628,0.028036898839137646,-0.007104739494929159,-0.04361786369017689,-0.007104739494929159,0.4555751462467881,0.43527235616787857,0.4555751462467881,0.08174329816120861,0.07968703491091551,0.08174329816120861,0.005494505494505495,0.0,0.005494505494505495,0.5078664943791558,0.5253034739870225,0.5078664943791558,0.06468450506761518,0.07407980502283656,0.06468450506761518,-0.16633112135104772,-0.25858544165020897,-0.16633112135104772,0.08258746448108978,0.028771169649626147,0.08258746448108978,0.44833707605691064,0.43857878797637834,0.44833707605691064,0.0816647739862989,0.06908537029018957,0.0816647739862989,0.009036144578313253,0.012048192771084336,0.009036144578313253,26.0,27.0,26.0,210.75,199.33333333333334,210.75,2.0,1.3333333333333333,2.0,0.5,0.6666666666666666,0.5,2.0,2.3333333333333335,2.0,7.936949496801796,4.242107413481726,7.936949496801796,10.380772024171124,6.399239413026021,10.380772024171124,37.75,37.666666666666664,37.75,285.25,289.0,285.25,1.25,1.0,1.25,0.0,0.0,0.0,3.0,3.0,3.0,1.8068844877002688,1.9103650458403614,1.8068844877002688,2.5078010023755493,2.2898421776600375,2.5078010023755493,,,,,,,,,,,,,,,,,,,,,,,,,,
2026_06_CHI_ATL,2026,6,ATL,CHI,7.0,7.0,-0.026019571301306138,0.05796899575357858,-0.026019571301306138,0.5139868002677601,0.5501805985552116,0.5139868002677601,0.08904929503807213,0.09170536635706915,0.08904929503807213,0.025671230440967283,0.025219298245614034,0.025671230440967283,0.3636731385809049,0.3661760569206585,0.3636731385809049,-0.11227903529296565,0.05240420208961133,-0.11227903529296565,0.09627633399283132,0.1556026228577863,0.09627633399283132,-0.04486357267602255,0.018880948604963727,-0.04486357267602255,0.4452458897133712,0.4603278529511616,0.4452458897133712,0.055445584169940346,0.05614966778214268,0.055445584169940346,0.009371453513749455,0.008050826907221495,0.009371453513749455,0.1141436378280993,0.019221763327520427,0.1141436378280993,0.5079740860990861,0.48411696328362996,0.5079740860990861,0.0918923861632195,0.08843227246005024,0.0918923861632195,0.017062991021324355,0.015174897119341562,0.017062991021324355,0.4137599428663719,0.4342556813975868,0.4137599428663719,0.19803596807468607,0.11431392938111713,0.19803596807468607,0.0323862323957393,-0.08272822032860595,0.0323862323957393,-0.043727466271272074,-0.10163840856746444,-0.043727466271272074,0.45463631379024827,0.4375070529251503,0.45463631379024827,0.07264670715555553,0.06473376215118247,0.07264670715555553,0.01895513086830079,0.017241379310344827,0.01895513086830079,21.0,20.666666666666668,21.0,177.0,188.33333333333334,177.0,0.75,0.6666666666666666,0.75,1.25,1.0,1.25,1.5,0.6666666666666666,1.5,-1.9486731724686526,2.6566182478611684,-1.9486731724686526,-4.174953236767758,-2.093933193808626,-4.174953236767758,30.75,31.333333333333332,30.75,230.5,217.66666666666666,230.5,1.0,0.6666666666666666,1.0,0.5,0.6666666666666666,0.5,1.5,1.3333333333333333,1.5,8.176464170546858,4.713523170106895,8.176464170546858,5.433587391452958,1.7180039022315883,5.433587391452958,,,,,,,,,,,,,,,,,,,,,,,,,,
2026_06_BAL_CLE,2026,6,CLE,BAL,7.0,7.0,0.03646472644512655,0.06437086914393775,0.03646472644512655,0.4990916812655943,0.5014344109996284,0.4990916812655943,0.059016828582045974,0.05752508361204014,0.059016828582045974,0.017808302808302808,0.013162393162393163,0.017808302808302808,0.45693565016130105,0.46170654994184407,0.45693565016130105,0.07129367323799057,0.216478373955558,0.07129367323799057,-0.1719729892608971,-0.2415060652994603,-0.1719729892608971,0.08159016303944597,-0.00020689521473431458,0.08159016303944597,0.5058113159855258,0.46087342131403436,0.5058113159855258,0.09875113080034056,0.08479317440045409,0.09875113080034056,0.012171402724563643,0.016228536966084856,0.012171402724563643,0.16064151754950937,0.10981452440018885,0.16064151754950937,0.5464133876074174,0.5467330016583748,0.5464133876074174,0.111210828972023,0.10932006633499171,0.111210828972023,0.006978096530335336,0.004975124378109453,0.006978096530335336,0.3820982923221729,0.39390883420734163,0.3820982923221729,0.3656025607512006,0.36212635779913627,0.3656025607512006,0.05693271481630258,-0.01734681333870776,0.05693271481630258,0.02066703118038173,0.06817387989164064,0.02066703118038173,0.4699920480586486,0.4768976099719178,0.4699920480586486,0.07681628821587012,0.06860529250038722,0.07681628821587012,0.01716219355111177,0.013221088986023422,0.01716219355111177,28.75,31.0,28.75,213.75,216.66666666666666,213.75,1.5,1.6666666666666667,1.5,0.5,0.3333333333333333,0.5,2.75,2.0,2.75,4.134775975382055,7.366408698682321,4.134775975382055,1.71397661613135,-1.1550297611725535,1.71397661613135,24.0,23.666666666666668,24.0,241.75,214.33333333333334,241.75,1.5,1.6666666666666667,1.5,0.25,0.3333333333333333,0.25,1.75,1.6666666666666667,1.75,9.335359061520757,8.999254332877127,9.335359061520757,8.28603445670043,9.447465859267902,8.28603445670043,,,,,,,,,,,,,,,,,,,,,,,,,,
2026_06_TEN_IND,2026,6,IND,TEN,7.0,7.0,0.022634621076697316,0.0707973330867281,0.022634621076697316,0.4892823909838584,0.502618067205531,0.4892823909838584,0.07523268638671363,0.0664938233948452,0.07523268638671363,0.025776192275983406,0.024706420619185602,0.025776192275983406,0.45776559725835086,0.4509338398227287,0.45776559725835086,-0.20362434170788263,-0.11763022060584222,-0.20362434170788263,0.12113213959231584,0.12071812908002277,0.12113213959231584,0.06436357819500677,-0.018556061405814634,0.06436357819500677,0.4867591036201997,0.4671939563420844,0.4867591036201997,0.07655633162279933,0.06311406986936015,0.07655633162279933,0.006536226930963773,0.0043859649122807015,0.006536226930963773,-0.08613970667452825,-0.05785638441108254,-0.08613970667452825,0.45301058329615707,0.44776411106154274,0.45301058329615707,0.06337062249059972,0.07407749665413295,0.06337062249059972,0.018301444697597348,0.0191935929301298,0.018301444697597348,0.47286633403361344,0.4481967787114846,0.47286633403361344,-0.12028579062453473,-0.09036911373240779,-0.12028579062453473,-0.011253756088963715,-0.05164045572881565,-0.011253756088963715,0.10522877133938018,0.07898123575395055,0.10522877133938018,0.48157215080344223,0.46191602089107603,0.48157215080344223,0.07996914188921657,0.07509399098742388,0.07996914188921657,0.006024096385542169,0.008032128514056226,0.006024096385542169,33.0,33.666666666666664,33.0,188.5,196.0,188.5,0.75,0.6666666666666666,0.75,1.0,1.0,1.0,2.0,2.0,2.0,-5.988214852655161,-4.780209844417336,-5.988214852655161,-1.7621563027547107,-0.662722445343385,-1.7621563027547107,29.75,29.0,29.75,181.5,195.33333333333334,181.5,0.75,0.6666666666666666,0.75,0.5,0.6666666666666666,0.5,1.5,1.0,1.5,-3.379584406637437,-2.0556946270059013,-3.379584406637437,3.4139458071283935,4.422012252800939,3.4139458071283935,,,,,,,,,,,,,,,,,,,,,,,,,,
2026_06_NYJ_NE,2026,6,NE,NYJ,7.0,7.0,-0.060419780865163704,-0.053636377770297054,-0.060419780865163704,0.46107127507744206,0.46518905053060644,0.46107127507744206,0.08276397200733064,0.09753144985592803,0.08276397200733064,0.03397892035226001,0.03248471431583386,0.03397892035226001,0.4537663254886556,0.4491776114740516,0.4537663254886556,-0.11651124840408737,-0.11255801495557961,-0.11651124840408737,0.0033094769725084995,0.033700162535733214,0.0033094769725084995,0.014683888407503457,-0.005354046901429298,0.014683888407503457,0.4708552936524144,0.46961496780773887,0.4708552936524144,0.07344796862996782,0.06403231975521133,0.07344796862996782,0.016639175750621533,0.022185567667495378,0.016639175750621533,0.027433912679672805,-0.024745242458992612,0.027433912679672805,0.4872290881586234,0.4694586040313176,0.4872290881586234,0.06980557018787903,0.06154256205230718,0.06980557018787903,0.0033333333333333335,0.0044444444444444444,0.0033333333333333335,0.459888958726168,0.5020741671904463,0.459888958726168,0.12044471333778163,0.025108894110670466,0.12044471333778163,-0.163229287570642,-0.22084418451509147,-0.163229287570642,-0.0019136686206546096,0.05444499966074898,-0.0019136686206546096,0.5293509615384615,0.5495512820512821,0.5293509615384615,0.06466346153846153,0.07580128205128205,0.06466346153846153,0.012960737179487179,0.012072649572649571,0.012960737179487179,29.25,28.0,29.25,213.5,225.33333333333334,213.5,1.0,1.0,1.0,1.75,1.3333333333333333,1.75,2.5,2.3333333333333335,2.5,-2.2567784958981347,-1.4685866095355185,-2.2567784958981347,2.080397172537725,0.7837126770662883,2.080397172537725,29.25,31.0,29.25,225.5,229.0,225.5,1.25,1.6666666666666667,1.25,0.0,0.0,0.0,3.0,4.0,3.0,5.0157015971744245,3.4359847614129784,5.0157015971744245,5.5156565927293,3.075535148382187,5.5156565927293,,,,,,,,,,,,,,,,,,,,,,,,,,
2026_06_NO_NYG,2026,6,NYG,NO,7.0,7.0,0.006493002490323427,-0.09920029691903344,0.006493002490323427,0.4428581135938438,0.38433713391459867,0.4428581135938438,0.051001623777754246,0.05045830538788285,0.051001623777754246,0.016860902255639097,0.018095238095238095,0.016860902255639097,0.4351743047395221,0.4405927666797232,0.4351743047395221,0.014663715912634719,-0.2160661405928355,0.014663715912634719,-0.13802534070292533,-0.2042759136584121,-0.13802534070292533,-0.0012634584217439404,-0.05730219699621856,-0.0012634584217439404,0.4851244952411321,0.49091868182688586,0.4851244952411321,0.06845212496097068,0.0858931558619394,0.06845212496097068,0.028107145067410154,0.03209984933719203,0.028107145067410154,-0.005293048360227478,0.00934660255582588,-0.005293048360227478,0.4754726341947437,0.4901726625864557,0.4754726341947437,0.05920330514651001,0.052793949345673476,0.05920330514651001,0.021720757268424613,0.019157088122605363,0.021720757268424613,0.5478089375284998,0.5310655114759082,0.5478089375284998,0.032825762864047925,0.0491337286368859,0.032825762864047925,-0.08292202773960373,-0.08847953817173927,-0.08292202773960373,0.10647199924817373,0.14163443113881255,0.10647199924817373,0.554913966724695,0.5750107369949337,0.554913966724695,0.08623734104312711,0.0863092862653881,0.08623734104312711,0.009666268573346088,0.00930412870711378,0.009666268573346088,26.75,26.0,26.75,177.25,159.66666666666666,177.25,1.5,1.0,1.5,0.75,1.0,0.75,2.75,3.0,2.75,0.7976973932247889,-6.2405540918004165,0.7976973932247889,-3.849986347403323,-9.594501192201585,-3.849986347403323,45.0,41.333333333333336,45.0,300.75,264.3333333333333,300.75,2.25,2.0,2.25,0.75,0.3333333333333333,0.75,3.0,2.3333333333333335,3.0,1.740578409076187,2.656544636290428,1.740578409076187,4.253017598071094,6.0725582861308505,4.253017598071094,,,,,,,,,,,,,,,,,,,,,,,,,,
2026_06_CAR_PHI,2026,6,PHI,CAR,7.0,14.0,-0.04612291219001544,-0.0845576804540676,-0.04612291219001544,0.4368739692061377,0.43543980207877175,0.4368739692061377,0.0624154971951839,0.0538088982210295,0.0624154971951839,0.01895513086830079,0.02527350782440105,0.01895513086830079,0.4532828701865512,0.46507367766167035,0.4532828701865512,-0.17917476706950808,-0.2540589314237278,-0.17917476706950808,-0.022929830756340988,-0.06460872897547452,-0.022929830756340988,0.05983369056922259,0.06294735727753378,0.05983369056922259,0.5001082251082252,0.516017316017316,0.5001082251082252,0.06578005328005329,0.06786546786546788,0.06578005328005329,0.005494505494505495,0.007326007326007327,0.005494505494505495,0.11702604375675155,0.11269960480323371,0.11702604375675155,0.4873072411349251,0.48106828938471935,0.4873072411349251,0.08857407316894353,0.08597025016903313,0.08857407316894353,0.008897659603932974,0.0038314176245210726,0.008897659603932974,0.5320202089400499,0.5447512250887908,0.5320202089400499,0.22300513001539274,0.21365398378342618,0.22300513001539274,-0.05775023295628121,-0.09537727561531535,-0.05775023295628121,0.035000205721044356,-0.0863028128152195,0.035000205721044356,0.477022487316605,0.4428481649069885,0.477022487316605,0.06887983340189223,0.05774886877828054,0.06887983340189223,0.024511946386946388,0.025106837606837604,0.024511946386946388,28.5,29.666666666666668,28.5,178.25,170.0,178.25,1.75,1.3333333333333333,1.75,0.75,1.0,0.75,3.0,3.0,3.0,-2.2672522574257448,-3.4474617858370693,-2.2672522574257448,-0.40759184242038593,-0.8327695559832003,-0.40759184242038593,40.5,41.666666666666664,40.5,317.0,302.3333333333333,317.0,2.25,2.0,2.25,0.5,0.3333333333333333,0.5,2.5,2.6666666666666665,2.5,10.300379856796933,8.560585376453988,10.300379856796933,6.132159628809991,5.964684393882333,6.132159628809991,,,,,,,,,,,,,,,,,,,,,,,,,,
2026_06_PIT_TB,2026,6,TB,PIT,10.0,7.0,-0.08614008487593638,-0.09307591013692167,-0.08614008487593638,0.45180602847856366,0.42292085848423877,0.45180602847856366,0.05642654000928649,0.05985077129443326,0.05642654000928649,0.0315042498581231,0.02149284596467695,0.0315042498581231,0.4817907995618839,0.4757210660825119,0.4817907995618839,-0.2553665432504918,-0.2580693202665265,-0.2553665432504918,-0.011232668870502185,0.011929151758878723,-0.011232668870502185,0.010685284145078714,-0.009588248869124153,0.010685284145078714,0.46778024495415793,0.4505468201120375,0.46778024495415793,0.05877030333552073,0.048057374144330665,0.05877030333552073,0.014561639561639562,0.015086515086515087,0.014561639561639562,-0.05865213980463708,0.0004961924334776976,-0.05865213980463708,0.4671707765037606,0.4895610353383475,0.4671707765037606,0.07658311183542543,0.08433303800278946,0.07658311183542543,0.022776646036642544,0.025924416937745613,0.022776646036642544,0.5499782059365834,0.5396105808884176,0.5499782059365834,-0.13070207208742093,-0.06628752703161858,-0.13070207208742093,-0.02495502485644363,0.050795171167058784,-0.02495502485644363,0.018119392676324793,0.11682094772375318,0.018119392676324793,0.49675457715780297,0.5272043010752688,0.49675457715780297,0.0900283347863993,0.09301075268817204,0.0900283347863993,0.024960161774677907,0.024271206690561528,0.024960161774677907,30.75,31.666666666666668,30.75,190.75,182.33333333333334,190.75,0.75,1.0,0.75,1.0,1.3333333333333333,1.0,4.0,4.0,4.0,-8.543065631932876,-9.587247694064805,-8.543065631932876,1.1619188566879113,-3.1242621736926623,1.1619188566879113,38.25,37.666666666666664,38.25,249.75,259.3333333333333,249.75,1.75,2.0,1.75,1.0,1.3333333333333333,1.0,3.25,3.6666666666666665,3.25,-4.5747589667659625,-3.4869635321114525,-4.5747589667659625,-3.4437064553965655,-5.003102898238917,-3.4437064553965655,,,,,,,,,,,,,,,,,,,,,,,,,,
2026_06_ARI_LA,2026,6,LA,ARI,6.0,7.0,-0.006250000793374344,0.06502189785088827,-0.006250000793374344,0.48462104905403874,0.5018827917735442,0.48462104905403874,0.08757771694377327,0.09686979174592654,0.08757771694377327,0.025574517804091586,0.02414910831590321,0.025574517804091586,0.5161766922960953,0.5468214483139856,0.5161766922960953,0.05073602099405059,0.19893208985503819,0.05073602099405059,0.003712331235477047,0.05009166202233184,0.003712331235477047,-0.07489104167677382,-0.147721829577153,-0.07489104167677382,0.4458125042335569,0.40330556120029804,0.4458125042335569,0.04348608006502744,0.03131477342003658,0.04348608006502744,0.010194235588972431,0.009147869674185462,0.010194235588972431,-0.035179604016143035,-0.07079475585451801,-0.035179604016143035,0.48512565121628104,0.4801675349550414,0.48512565121628104,0.03125888945781419,0.021837249435815744,0.03125888945781419,0.015842537731938652,0.02112338364258487,0.015842537731938652,0.4924503115420499,0.5021288706739527,0.4924503115420499,-0.07808093794245746,-0.18316813379304195,-0.07808093794245746,-0.053516651231944455,-0.0813877511119224,-0.053516651231944455,0.07619913301005453,0.19149423501521148,0.07619913301005453,0.46794930875576035,0.4895238095238095,0.46794930875576035,0.09015500628403854,0.09870129870129869,0.09015500628403854,0.021311269375785508,0.01766233766233766,0.021311269375785508,40.5,45.666666666666664,40.5,297.25,344.6666666666667,297.25,1.5,2.0,1.5,1.5,1.6666666666666667,1.5,1.5,2.0,1.5,3.3563621536499952,6.345530322934145,3.3563621536499952,0.05398762446581107,1.6348236182919977,0.05398762446581107,38.0,38.333333333333336,38.0,204.5,180.33333333333334,204.5,1.5,1.6666666666666667,1.5,1.0,1.3333333333333333,1.0,1.75,2.0,1.75,-1.789957543749424,-5.39089828671698,-1.789957543749424,0.9892456997191476,-0.21630676500089896,0.9892456997191476,,,,,,,,,,,,,,,,,,,,,,,,,,
2026_06_LAC_KC,2026,6,KC,LAC,14.0,7.0,0.15427030993447494,0.14577192948143947,0.15427030993447494,0.5378611594590976,0.5526460481099656,0.5378611594590976,0.0975898156825992,0.09981672394043528,0.0975898156825992,0.007413419913419914,0.005555555555555556,0.007413419913419914,0.4394608780009779,0.4587548548784968,0.4394608780009779,0.19644463331241604,0.2883840098737328,0.19644463331241604,0.1264897111985765,0.046508365582302036,0.1264897111985765,-0.02749620394404522,0.029840521115013247,-0.02749620394404522,0.46930291766630383,0.47273175907419746,0.46930291766630383,0.06833424043958551,0.08564783971179707,0.06833424043958551,0.023495781197477333,0.020398746514669233,0.023495781197477333,-0.16480540260291193,-0.1298451458020771,-0.16480540260291193,0.43657915504166533,0.44769693790501625,0.43657915504166533,0.07560979017823492,0.07930767722689387,0.07560979017823492,0.029900620660975222,0.02911480604259062,0.029900620660975222,0.4449937159614579,0.43203463203463205,0.4449937159614579,-0.1553756493588359,-0.144860128955956,-0.1553756493588359,-0.16545872561455968,-0.11213158877207674,-0.16545872561455968,0.023020096041020576,0.006804844221700135,0.023020096041020576,0.4790728228228229,0.4720970970970971,0.4790728228228229,0.07944551694551694,0.08608608608608609,0.07944551694551694,0.027120870870870874,0.036161161161161165,0.027120870870870874,32.0,33.666666666666664,32.0,259.25,284.3333333333333,259.25,2.25,2.3333333333333335,2.25,0.5,0.3333333333333333,0.5,1.5,1.3333333333333333,1.5,6.446316563629169,9.362365883097056,6.446316563629169,0.7971588863963264,5.035578952105095,0.7971588863963264,29.75,30.666666666666668,29.75,204.0,202.33333333333334,204.0,1.0,1.0,1.0,1.5,1.6666666666666667,1.5,3.0,3.0,3.0,-5.143134782981752,-4.988290938300914,-5.143134782981752,-4.346979795763358,-3.726181019945671,-4.346979795763358,,,,,,,,,,,,,,,,,,,,,,,,,,
2026_06_BUF_LV,2026,6,LV,BUF,7.0,6.0,0.021463399893859685,0.01777803464231992,0.021463399893859685,0.4786459520012152,0.4759139009139009,0.4786459520012152,0.06554549251917673,0.06546416546416546,0.06554549251917673,0.018853478392952077,0.016366041366041365,0.018853478392952077,0.4730438184663537,0.4973917579551383,0.4730438184663537,0.15941266353436606,0.20818138846405143,0.15941266353436606,-0.21418225715379746,-0.2571573260438323,-0.21418225715379746,-0.09598422869260231,-0.06139371823167424,-0.09598422869260231,0.45225627065010005,0.47993143778987696,0.45225627065010005,0.07824189120014892,0.06842508570276266,0.07824189120014892,0.02905498161850249,0.028483565234926397,0.02905498161850249,0.19389511142951354,0.17718136558085787,0.19389511142951354,0.5192702630669048,0.5331563706563708,0.5192702630669048,0.1229492018671123,0.12413127413127413,0.1229492018671123,0.024034749034749035,0.032046332046332046,0.024034749034749035,0.4584856382138586,0.44969802266898323,0.4584856382138586,0.20221865158416258,0.11821836954928329,0.20221865158416258,0.13684891029334226,0.22602513157811643,0.13684891029334226,0.09736157266317838,0.09567055252063317,0.09736157266317838,0.5302788797204284,0.5348773341327324,0.5302788797204284,0.09363335845093104,0.09554044863054544,0.09363335845093104,0.014623611682435212,0.01217214158390629,0.014623611682435212,36.0,38.0,36.0,256.5,288.6666666666667,256.5,2.75,2.6666666666666665,2.75,1.0,0.6666666666666666,1.0,1.25,1.6666666666666667,1.25,6.281335473132113,8.244049076723051,6.281335473132113,2.2832901943903203,2.8080865725075603,2.2832901943903203,29.75,30.0,29.75,259.75,235.0,259.75,1.5,1.3333333333333333,1.5,0.75,1.0,0.75,2.25,2.3333333333333335,2.25,8.485946157317821,6.469586901076558,8.485946157317821,5.820897312309498,5.047367988961665,5.820897312309498,,,,,,,,,,,,,,,,,,,,,,,,,,
2026_06_DAL_GB,2026,6,GB,DAL,7.0,10.0,-0.03510056544351925,-0.014193070887323482,-0.03510056544351925,0.45264505185391263,0.4646378469163279,0.45264505185391263,0.062887165577039,0.04813526838843294,0.062887165577039,0.02089959969706805,0.01992962499291613,0.02089959969706805,0.5592885674514314,0.5587262200165426,0.5592885674514314,0.03467342086398541,0.06582286617860096,0.03467342086398541,-0.36062054344857286,-0.33781668758934075,-0.36062054344857286,0.046801226320419886,0.0538874934141507,0.046801226320419886,0.4875537458165714,0.5104320214491223,0.4875537458165714,0.055777742927866907,0.06536131489481353,0.055777742927866907,0.013710105583715666,0.013775636273783051,0.013710105583715666,0.16012706161710769,0.15788516305558356,0.16012706161710769,0.5234810596609654,0.542060767719997,0.5234810596609654,0.0532659435811631,0.06564491402219597,0.0532659435811631,0.0069058212829069335,0.0038314176245210726,0.0069058212829069335,0.5171555864817285,0.5067450830509069,0.5171555864817285,0.29203132298283724,0.2876015407951354,0.29203132298283724,-0.020189098131197084,-0.04717694437999781,-0.020189098131197084,0.16746099151762128,0.11542368845069702,0.16746099151762128,0.5351058092081313,0.5073340614003156,0.5351058092081313,0.10101677108679964,0.11714516846661005,0.10101677108679964,0.006338254172015404,0.0040650406504065045,0.006338254172015404,38.5,37.333333333333336,38.5,260.25,218.0,260.25,2.0,2.0,2.0,0.75,0.6666666666666666,0.75,2.0,1.3333333333333333,2.0,1.1523960315345447,2.437743406603932,1.1523960315345447,-6.6163849212516395,-5.603828397431513,-6.6163849212516395,37.5,38.666666666666664,37.5,266.25,296.6666666666667,266.25,2.0,2.0,2.0,0.25,0.0,0.25,1.5,2.0,1.5,12.159050178521934,12.751765983175227,12.159050178521934,6.298653113689049,5.8215819502486434,6.298653113689049,,,,,,,,,,,,,,,,,,,,,,,,,,
2026_06_WAS_SF,2026,6,SF,WAS,8.0,8.0,0.2837401253058599,0.33045305973302525,0.2837401253058599,0.5773135621184624,0.5786403050468386,0.5773135621184624,0.11436699114557554,0.12582265486076738,0.11436699114557554,0.00662280701754386,0.0043859649122807015,0.00662280701754386,0.41186891344786086,0.39600539811066127,0.41186891344786086,0.5827797552460245,0.7297295997801805,0.5827797552460245,0.045266618070794115,-0.01315002474972668,0.045266618070794115,0.030823408413467847,0.11445311012667786,0.030823408413467847,0.4847847754253789,0.5021010936019977,0.4847847754253789,0.0319687727726647,0.02272453285111513,0.0319687727726647,0.010013706975327444,0.003401360544217687,0.010013706975327444,-0.029658132563212994,-0.05637507356571366,-0.029658132563212994,0.43337765144568735,0.427043217800599,0.43337765144568735,0.06181612568005379,0.06258023106546855,0.06181612568005379,0.006338254172015404,0.008451005562687205,0.006338254172015404,0.44706818239534474,0.4515125966074476,0.44706818239534474,0.004333421250685879,-0.030387248102538834,0.004333421250685879,-0.11193082254276396,-0.15098220459818143,-0.11193082254276396,0.09265004072306829,0.10047292343004403,0.09265004072306829,0.5141549001222617,0.5384810433002706,0.5141549001222617,0.07169606004614693,0.06618298202231354,0.07169606004614693,0.01558837318330989,0.02078449757774652,0.01558837318330989,28.25,26.333333333333332,28.25,251.75,267.3333333333333,251.75,2.75,2.6666666666666665,2.75,0.25,0.0,0.25,0.0,0.0,0.0,14.896443385994043,18.253382002698416,14.896443385994043,6.132157008781988,7.919023951353924,6.132157008781988,28.75,27.0,28.75,157.25,155.0,157.25,1.75,1.6666666666666667,1.75,0.25,0.3333333333333333,0.25,1.0,1.0,1.0,-0.5671165852674691,-2.0581005987476115,-0.5671165852674691,-3.005027401437662,-2.8582689445465803,-3.005027401437662,,,,,,,,,,,,,,,,,,,,,,,,,,
2026_07_NE_CHI,2026,7,CHI,NE,4.0,4.0,0.1141436378280993,0.019221763327520427,0.1141436378280993,0.5079740860990861,0.48411696328362996,0.5079740860990861,0.0918923861632195,0.08843227246005024,0.0918923861632195,0.017062991021324355,0.015174897119341562,0.017062991021324355,0.4137599428663719,0.4342556813975868,0.4137599428663719,0.19803596807468607,0.11431392938111713,0.19803596807468607,0.0323862323957393,-0.08272822032860595,0.0323862323957393,-0.043727466271272074,-0.10163840856746444,-0.043727466271272074,0.45463631379024827,0.4375070529251503,0.45463631379024827,0.07264670715555553,0.06473376215118247,0.07264670715555553,0.01895513086830079,0.017241379310344827,0.01895513086830079,-0.060419780865163704,-0.053636377770297054,-0.060419780865163704,0.46107127507744206,0.46518905053060644,0.46107127507744206,0.08276397200733064,0.09753144985592803,0.08276397200733064,0.03397892035226001,0.03248471431583386,0.03397892035226001,0.4537663254886556,0.4491776114740516,0.4537663254886556,-0.11651124840408737,-0.11255801495557961,-0.11651124840408737,0.0033094769725084995,0.033700162535733214,0.0033094769725084995,0.014683888407503457,-0.005354046901429298,0.014683888407503457,0.4708552936524144,0.46961496780773887,0.4708552936524144,0.07344796862996782,0.06403231975521133,0.07344796862996782,0.016639175750621533,0.022185567667495378,0.016639175750621533,30.75,31.333333333333332,30.75,230.5,217.66666666666666,230.5,1.0,0.6666666666666666,1.0,0.5,0.6666666666666666,0.5,1.5,1.3333333333333333,1.5,8.176464170546858,4.713523170106895,8.176464170546858,5.433587391452958,1.7180039022315883,5.433587391452958,29.25,28.0,29.25,213.5,225.33333333333334,213.5,1.0,1.0,1.0,1.75,1.3333333333333333,1.75,2.5,2.3333333333333335,2.5,-2.2567784958981347,-1.4685866095355185,-2.2567784958981347,2.080397172537725,0.7837126770662883,2.080397172537725,,,,,,,,,,,,,,,,,,,,,,,,,,
2026_07_PIT_NO,2026,7,NO,PIT,7.0,7.0,-0.005293048360227478,0.00934660255582588,-0.005293048360227478,0.4754726341947437,0.4901726625864557,0.4754726341947437,0.05920330514651001,0.052793949345673476,0.05920330514651001,0.021720757268424613,0.019157088122605363,0.021720757268424613,0.5478089375284998,0.5310655114759082,0.5478089375284998,0.032825762864047925,0.0491337286368859,0.032825762864047925,-0.08292202773960373,-0.08847953817173927,-0.08292202773960373,0.10647199924817373,0.14163443113881255,0.10647199924817373,0.554913966724695,0.5750107369949337,0.554913966724695,0.08623734104312711,0.0863092862653881,0.08623734104312711,0.009666268573346088,0.00930412870711378,0.009666268573346088,-0.05865213980463708,0.0004961924334776976,-0.05865213980463708,0.4671707765037606,0.4895610353383475,0.4671707765037606,0.07658311183542543,0.08433303800278946,0.07658311183542543,0.022776646036642544,0.025924416937745613,0.022776646036642544,0.5499782059365834,0.5396105808884176,0.5499782059365834,-0.13070207208742093,-0.06628752703161858,-0.13070207208742093,-0.02495502485644363,0.050795171167058784,-0.02495502485644363,0.018119392676324793,0.11682094772375318,0.018119392676324793,0.49675457715780297,0.5272043010752688,0.49675457715780297,0.0900283347863993,0.09301075268817204,0.0900283347863993,0.024960161774677907,0.024271206690561528,0.024960161774677907,45.0,41.333333333333336,45.0,300.75,264.3333333333333,300.75,2.25,2.0,2.25,0.75,0.3333333333333333,0.75,3.0,2.3333333333333335,3.0,1.740578409076187,2.656544636290428,1.740578409076187,4.253017598071094,6.0725582861308505,4.253017598071094,38.25,37.666666666666664,38.25,249.75,259.3333333333333,249.75,1.75,2.0,1.75,1.0,1.3333333333333333,1.0,3.25,3.6666666666666665,3.25,-4.5747589667659625,-3.4869635321114525,-4.5747589667659625,-3.4437064553965655,-5.003102898238917,-3.4437064553965655,,,,,,,,,,,,,,,,,,,,,,,,,,
2026_07_SF_ATL,2026,7,ATL,SF,7.0,6.0,-0.026019571301306138,0.05796899575357858,-0.026019571301306138,0.5139868002677601,0.5501805985552116,0.5139868002677601,0.08904929503807213,0.09170536635706915,0.08904929503807213,0.025671230440967283,0.025219298245614034,0.025671230440967283,0.3636731385809049,0.3661760569206585,0.3636731385809049,-0.11227903529296565,0.05240420208961133,-0.11227903529296565,0.09627633399283132,0.1556026228577863,0.09627633399283132,-0.04486357267602255,0.018880948604963727,-0.04486357267602255,0.4452458897133712,0.4603278529511616,0.4452458897133712,0.055445584169940346,0.05614966778214268,0.055445584169940346,0.009371453513749455,0.008050826907221495,0.009371453513749455,0.2837401253058599,0.33045305973302525,0.2837401253058599,0.5773135621184624,0.5786403050468386,0.5773135621184624,0.11436699114557554,0.12582265486076738,0.11436699114557554,0.00662280701754386,0.0043859649122807015,0.00662280701754386,0.41186891344786086,0.39600539811066127,0.41186891344786086,0.5827797552460245,0.7297295997801805,0.5827797552460245,0.045266618070794115,-0.01315002474972668,0.045266618070794115,0.030823408413467847,0.11445311012667786,0.030823408413467847,0.4847847754253789,0.5021010936019977,0.4847847754253789,0.0319687727726647,0.02272453285111513,0.0319687727726647,0.010013706975327444,0.003401360544217687,0.010013706975327444,21.0,20.666666666666668,21.0,177.0,188.33333333333334,177.0,0.75,0.6666666666666666,0.75,1.25,1.0,1.25,1.5,0.6666666666666666,1.5,-1.9486731724686526,2.6566182478611684,-1.9486731724686526,-4.174953236767758,-2.093933193808626,-4.174953236767758,28.25,26.333333333333332,28.25,251.75,267.3333333333333,251.75,2.75,2.6666666666666665,2.75,0.25,0.0,0.25,0.0,0.0,0.0,14.896443385994043,18.253382002698416,14.896443385994043,6.132157008781988,7.919023951353924,6.132157008781988,,,,,,,,,,,,,,,,,,,,,,,,,,
2026_07_CIN_BAL,2026,7,BAL,CIN,7.0,14.0,0.16064151754950937,0.10981452440018885,0.16064151754950937,0.5464133876074174,0.5467330016583748,0.5464133876074174,0.111210828972023,0.10932006633499171,0.111210828972023,0.006978096530335336,0.004975124378109453,0.006978096530335336,0.3820982923221729,0.39390883420734163,0.3820982923221729,0.3656025607512006,0.36212635779913627,0.3656025607512006,0.05693271481630258,-0.01734681333870776,0.05693271481630258,0.02066703118038173,0.06817387989164064,0.02066703118038173,0.4699920480586486,0.4768976099719178,0.4699920480586486,0.07681628821587012,0.06860529250038722,0.07681628821587012,0.01716219355111177,0.013221088986023422,0.01716219355111177,0.09201308181827032,0.09884881469513133,0.09201308181827032,0.48556511056511054,0.4742599742599743,0.48556511056511054,0.07275944775944776,0.0667095667095667,0.07275944775944776,0.01267135642135642,0.012566137566137565,0.01267135642135642,0.5481547168958145,0.5729782190189808,0.5481547168958145,0.10733583649416452,0.1674380881257543,0.10733583649416452,-0.08384502616603288,-0.14423211792592597,-0.08384502616603288,0.04699424642761679,0.08443653160114924,0.04699424642761679,0.4886801491081382,0.47208635265700477,0.4886801491081382,0.08980687941285767,0.10435789049919485,0.08980687941285767,0.02263099219620959,0.00966183574879227,0.02263099219620959,24.0,23.666666666666668,24.0,241.75,214.33333333333334,241.75,1.5,1.6666666666666667,1.5,0.25,0.3333333333333333,0.25,1.75,1.6666666666666667,1.75,9.335359061520757,8.999254332877127,9.335359061520757,8.28603445670043,9.447465859267902,8.28603445670043,39.25,40.666666666666664,39.25,292.75,305.6666666666667,292.75,1.75,2.0,1.75,0.75,0.6666666666666666,0.75,2.25,2.6666666666666665,2.25,4.716609270158397,7.164463381018454,4.716609270158397,4.632584458671904,4.059535021751475,4.632584458671904,,,,,,,,,,,,,,,,,,,,,,,,,,
2026_07_TB_CAR,2026,7,CAR,TB,7.0,7.0,0.11702604375675155,0.11269960480323371,0.11702604375675155,0.4873072411349251,0.48106828938471935,0.4873072411349251,0.08857407316894353,0.08597025016903313,0.08857407316894353,0.008897659603932974,0.0038314176245210726,0.008897659603932974,0.5320202089400499,0.5447512250887908,0.5320202089400499,0.22300513001539274,0.21365398378342618,0.22300513001539274,-0.05775023295628121,-0.09537727561531535,-0.05775023295628121,0.035000205721044356,-0.0863028128152195,0.035000205721044356,0.477022487316605,0.4428481649069885,0.477022487316605,0.06887983340189223,0.05774886877828054,0.06887983340189223,0.024511946386946388,0.025106837606837604,0.024511946386946388,-0.08614008487593638,-0.09307591013692167,-0.08614008487593638,0.45180602847856366,0.42292085848423877,0.45180602847856366,0.05642654000928649,0.05985077129443326,0.05642654000928649,0.0315042498581231,0.02149284596467695,0.0315042498581231,0.4817907995618839,0.4757210660825119,0.4817907995618839,-0.2553665432504918,-0.2580693202665265,-0.2553665432504918,-0.011232668870502185,0.011929151758878723,-0.011232668870502185,0.010685284145078714,-0.009588248869124153,0.010685284145078714,0.46778024495415793,0.4505468201120375,0.46778024495415793,0.05877030333552073,0.048057374144330665,0.05877030333552073,0.014561639561639562,0.015086515086515087,0.014561639561639562,40.5,41.666666666666664,40.5,317.0,302.3333333333333,317.0,2.25,2.0,2.25,0.5,0.3333333333333333,0.5,2.5,2.6666666666666665,2.5,10.300379856796933,8.560585376453988,10.300379856796933,6.132159628809991,5.964684393882333,6.132159628809991,30.75,31.666666666666668,30.75,190.75,182.33333333333334,190.75,0.75,1.0,0.75,1.0,1.3333333333333333,1.0,4.0,4.0,4.0,-8.543065631932876,-9.587247694064805,-8.543065631932876,1.1619188566879113,-3.1242621736926623,1.1619188566879113,,,,,,,,,,,,,,,,,,,,,,,,,,
2026_07_NYG_HOU,2026,7,HOU,NYG,7.0,7.0,-0.007104739494929159,-0.04361786369017689,-0.007104739494929159,0.4555751462467881,0.43527235616787857,0.4555751462467881,0.08174329816120861,0.07968703491091551,0.08174329816120861,0.005494505494505495,0.0,0.005494505494505495,0.5078664943791558,0.5253034739870225,0.5078664943791558,0.06468450506761518,0.07407980502283656,0.06468450506761518,-0.16633112135104772,-0.25858544165020897,-0.16633112135104772,0.08258746448108978,0.028771169649626147,0.08258746448108978,0.44833707605691064,0.43857878797637834,0.44833707605691064,0.0816647739862989,0.06908537029018957,0.0816647739862989,0.009036144578313253,0.012048192771084336,0.009036144578313253,0.006493002490323427,-0.09920029691903344,0.006493002490323427,0.4428581135938438,0.38433713391459867,0.4428581135938438,0.051001623777754246,0.05045830538788285,0.051001623777754246,0.016860902255639097,0.018095238095238095,0.016860902255639097,0.4351743047395221,0.4405927666797232,0.4351743047395221,0.014663715912634719,-0.2160661405928355,0.014663715912634719,-0.13802534070292533,-0.2042759136584121,-0.13802534070292533,-0.0012634584217439404,-0.05730219699621856,-0.0012634584217439404,0.4851244952411321,0.49091868182688586,0.4851244952411321,0.06845212496097068,0.0858931558619394,0.06845212496097068,0.028107145067410154,0.03209984933719203,0.028107145067410154,37.75,37.666666666666664,37.75,285.25,289.0,285.25,1.25,1.0,1.25,0.0,0.0,0.0,3.0,3.0,3.0,1.8068844877002688,1.9103650458403614,1.8068844877002688,2.5078010023755493,2.2898421776600375,2.5078010023755493,26.75,26.0,26.75,177.25,159.66666666666666,177.25,1.5,1.0,1.5,0.75,1.0,0.75,2.75,3.0,2.75,0.7976973932247889,-6.2405540918004165,0.7976973932247889,-3.849986347403323,-9.594501192201585,-3.849986347403323,,,,,,,,,,,,,,,,,,,,,,,,,,
2026_07_IND_MIN,2026,7,MIN,IND,14.0,7.0,-0.024195758249175733,-0.04077515267864346,-0.024195758249175733,0.39842937574185144,0.3915995280161623,0.39842937574185144,0.05784997006333967,0.06812428440877721,0.05784997006333967,0.006756756756756757,0.0045045045045045045,0.006756756756756757,0.4234687810508992,0.43849891527507284,0.4234687810508992,-0.08832344442676934,-0.12394098261348968,-0.08832344442676934,-0.10269216522773571,-0.1189112699376209,-0.10269216522773571,-0.15515538262958883,-0.17426616046874957,-0.15515538262958883,0.3810449735449736,0.36917107583774245,0.3810449735449736,0.07540564373897707,0.06482657260435037,0.07540564373897707,0.023077601410934744,0.022833627278071724,0.023077601410934744,0.022634621076697316,0.0707973330867281,0.022634621076697316,0.4892823909838584,0.502618067205531,0.4892823909838584,0.07523268638671363,0.0664938233948452,0.07523268638671363,0.025776192275983406,0.024706420619185602,0.025776192275983406,0.45776559725835086,0.4509338398227287,0.45776559725835086,-0.20362434170788263,-0.11763022060584222,-0.20362434170788263,0.12113213959231584,0.12071812908002277,0.12113213959231584,0.06436357819500677,-0.018556061405814634,0.06436357819500677,0.4867591036201997,0.4671939563420844,0.4867591036201997,0.07655633162279933,0.06311406986936015,0.07655633162279933,0.006536226930963773,0.0043859649122807015,0.006536226930963773,26.25,28.666666666666668,26.25,172.75,186.0,172.75,1.0,0.3333333333333333,1.0,0.25,0.3333333333333333,0.25,3.25,3.3333333333333335,3.25,-1.8144806876133537,-4.081678120415504,-1.8144806876133537,-2.9832216492412904,-1.5571783016386782,-2.9832216492412904,33.0,33.666666666666664,33.0,188.5,196.0,188.5,0.75,0.6666666666666666,0.75,1.0,1.0,1.0,2.0,2.0,2.0,-5.988214852655161,-4.780209844417336,-5.988214852655161,-1.7621563027547107,-0.662722445343385,-1.7621563027547107,,,,,,,,,,,,,,,,,,,,,,,,,,
2026_07_MIA_NYJ,2026,7,NYJ,MIA,7.0,14.0,0.027433912679672805,-0.024745242458992612,0.027433912679672805,0.4872290881586234,0.4694586040313176,0.4872290881586234,0.06980557018787903,0.06154256205230718,0.06980557018787903,0.0033333333333333335,0.0044444444444444444,0.0033333333333333335,0.459888958726168,0.5020741671904463,0.459888958726168,0.12044471333778163,0.025108894110670466,0.12044471333778163,-0.163229287570642,-0.22084418451509147,-0.163229287570642,-0.0019136686206546096,0.05444499966074898,-0.0019136686206546096,0.5293509615384615,0.5495512820512821,0.5293509615384615,0.06466346153846153,0.07580128205128205,0.06466346153846153,0.012960737179487179,0.012072649572649571,0.012960737179487179,-0.14076859746921866,-0.12110620993382935,-0.14076859746921866,0.39069115095430884,0.39784461152882206,0.39069115095430884,0.07566367842683633,0.06498746867167919,0.07566367842683633,0.019271255060728746,0.015438596491228071,0.019271255060728746,0.4362471395881007,0.4149961861174676,0.4362471395881007,-0.2222894383428996,-0.20024126545875817,-0.2222894383428996,-0.055899321524586806,-0.02703969405888808,-0.055899321524586806,0.13925104021792037,0.1748282217410675,0.13925104021792037,0.5269833417153186,0.540363753866039,0.5269833417153186,0.08969207137078258,0.09765960393297328,0.08969207137078258,0.010745614035087718,0.005555555555555556,0.010745614035087718,29.25,31.0,29.25,225.5,229.0,225.5,1.25,1.6666666666666667,1.25,0.0,0.0,0.0,3.0,4.0,3.0,5.0157015971744245,3.4359847614129784,5.0157015971744245,5.5156565927293,3.075535148382187,5.5156565927293,25.75,25.333333333333332,25.75,178.0,164.0,178.0,0.25,0.3333333333333333,0.25,0.5,0.3333333333333333,0.5,2.75,2.0,2.75,-4.373726229028161,-4.001718406341058,-4.373726229028161,-9.202447275063797,-9.319847514257406,-9.202447275063797,,,,,,,,,,,,,,,,,,,,,,,,,,
2026_07_CLE_TEN,2026,7,TEN,CLE,7.0,7.0,-0.08613970667452825,-0.05785638441108254,-0.08613970667452825,0.45301058329615707,0.44776411106154274,0.45301058329615707,0.06337062249059972,0.07407749665413295,0.06337062249059972,0.018301444697597348,0.0191935929301298,0.018301444697597348,0.47286633403361344,0.4481967787114846,0.47286633403361344,-0.12028579062453473,-0.09036911373240779,-0.12028579062453473,-0.011253756088963715,-0.05164045572881565,-0.011253756088963715,0.10522877133938018,0.07898123575395055,0.10522877133938018,0.48157215080344223,0.46191602089107603,0.48157215080344223,0.07996914188921657,0.07509399098742388,0.07996914188921657,0.006024096385542169,0.008032128514056226,0.006024096385542169,0.03646472644512655,0.06437086914393775,0.03646472644512655,0.4990916812655943,0.5014344109996284,0.4990916812655943,0.059016828582045974,0.05752508361204014,0.059016828582045974,0.017808302808302808,0.013162393162393163,0.017808302808302808,0.45693565016130105,0.46170654994184407,0.45693565016130105,0.07129367323799057,0.216478373955558,0.07129367323799057,-0.1719729892608971,-0.2415060652994603,-0.1719729892608971,0.08159016303944597,-0.00020689521473431458,0.08159016303944597,0.5058113159855258,0.46087342131403436,0.5058113159855258,0.09875113080034056,0.08479317440045409,0.09875113080034056,0.012171402724563643,0.016228536966084856,0.012171402724563643,29.75,29.0,29.75,181.5,195.33333333333334,181.5,0.75,0.6666666666666666,0.75,0.5,0.6666666666666666,0.5,1.5,1.0,1.5,-3.379584406637437,-2.0556946270059013,-3.379584406637437,3.4139458071283935,4.422012252800939,3.4139458071283935,28.75,31.0,28.75,213.75,216.66666666666666,213.75,1.5,1.6666666666666667,1.5,0.5,0.3333333333333333,0.5,2.75,2.0,2.75,4.134775975382055,7.366408698682321,4.134775975382055,1.71397661613135,-1.1550297611725535,1.71397661613135,,,,,,,,,,,,,,,,,,,,,,,,,,
2026_07_DEN_ARI,2026,7,ARI,DEN,7.0,10.0,-0.035179604016143035,-0.07079475585451801,-0.035179604016143035,0.48512565121628104,0.4801675349550414,0.48512565121628104,0.03125888945781419,0.021837249435815744,0.03125888945781419,0.015842537731938652,0.02112338364258487,0.015842537731938652,0.4924503115420499,0.5021288706739527,0.4924503115420499,-0.07808093794245746,-0.18316813379304195,-0.07808093794245746,-0.053516651231944455,-0.0813877511119224,-0.053516651231944455,0.07619913301005453,0.19149423501521148,0.07619913301005453,0.46794930875576035,0.4895238095238095,0.46794930875576035,0.09015500628403854,0.09870129870129869,0.09015500628403854,0.021311269375785508,0.01766233766233766,0.021311269375785508,0.007821444896673267,0.07693071956930457,0.007821444896673267,0.46422136893649074,0.46595636076777996,0.46422136893649074,0.057167458868869245,0.07075879761750872,0.057167458868869245,0.015217538279268026,0.009361089290390154,0.015217538279268026,0.5070834866887498,0.498333537807222,0.5070834866887498,-0.023530806317518787,0.1184317559011629,-0.023530806317518787,-0.022547862340055153,0.004123489999893533,-0.022547862340055153,0.08924681035233478,0.05907393003858596,0.08924681035233478,0.4933040613125659,0.49323658391459,0.4933040613125659,0.08777756093097337,0.0867337176049342,0.08777756093097337,0.015314054512018605,0.016089735020353813,0.015314054512018605,38.0,38.333333333333336,38.0,204.5,180.33333333333334,204.5,1.5,1.6666666666666667,1.5,1.0,1.3333333333333333,1.0,1.75,2.0,1.75,-1.789957543749424,-5.39089828671698,-1.789957543749424,0.9892456997191476,-0.21630676500089896,0.9892456997191476,33.75,35.666666666666664,33.75,204.75,229.33333333333334,204.75,1.25,1.3333333333333333,1.25,0.75,0.6666666666666666,0.75,1.25,0.3333333333333333,1.25,-0.5764045990066502,4.02525779304248,-0.5764045990066502,-2.9256460681492484,-1.307681144526116,-2.9256460681492484,,,,,,,,,,,,,,,,,,,,,,,,,,
2026_07_GB_DET,2026,7,DET,GB,14.0,7.0,0.15670622136136952,0.2086133939564069,0.15670622136136952,0.5523081850134909,0.571536361379995,0.5523081850134909,0.07502982409787108,0.07136593033838008,0.07502982409787108,0.002688172043010753,0.0,0.002688172043010753,0.5190089135872269,0.5454917382628226,0.5190089135872269,0.26255129545484124,0.34392568915045024,0.26255129545484124,-0.06592612583036535,-0.0807579939558867,-0.06592612583036535,0.1665762074666667,0.23850561032501813,0.1665762074666667,0.510404411764706,0.536748366013072,0.510404411764706,0.10730392156862745,0.1169281045751634,0.10730392156862745,0.010686274509803922,0.0044444444444444444,0.010686274509803922,-0.03510056544351925,-0.014193070887323482,-0.03510056544351925,0.45264505185391263,0.4646378469163279,0.45264505185391263,0.062887165577039,0.04813526838843294,0.062887165577039,0.02089959969706805,0.01992962499291613,0.02089959969706805,0.5592885674514314,0.5587262200165426,0.5592885674514314,0.03467342086398541,0.06582286617860096,0.03467342086398541,-0.36062054344857286,-0.33781668758934075,-0.36062054344857286,0.046801226320419886,0.0538874934141507,0.046801226320419886,0.4875537458165714,0.5104320214491223,0.4875537458165714,0.055777742927866907,0.06536131489481353,0.055777742927866907,0.013710105583715666,0.013775636273783051,0.013710105583715666,40.25,40.666666666666664,40.25,303.5,336.0,303.5,2.25,2.3333333333333335,2.25,0.0,0.0,0.0,2.0,2.3333333333333335,2.0,12.222878182108985,14.345667253100727,12.222878182108985,2.056106808235179,3.7113713119630223,2.056106808235179,38.5,37.333333333333336,38.5,260.25,218.0,260.25,2.0,2.0,2.0,0.75,0.6666666666666666,0.75,2.0,1.3333333333333333,2.0,1.1523960315345447,2.437743406603932,1.1523960315345447,-6.6163849212516395,-5.603828397431513,-6.6163849212516395,,,,,,,,,,,,,,,,,,,,,,,,,,
2026_07_LA_LV,2026,7,LV,LA,7.0,7.0,0.021463399893859685,0.01777803464231992,0.021463399893859685,0.4786459520012152,0.4759139009139009,0.4786459520012152,0.06554549251917673,0.06546416546416546,0.06554549251917673,0.018853478392952077,0.016366041366041365,0.018853478392952077,0.4730438184663537,0.4973917579551383,0.4730438184663537,0.15941266353436606,0.20818138846405143,0.15941266353436606,-0.21418225715379746,-0.2571573260438323,-0.21418225715379746,-0.09598422869260231,-0.06139371823167424,-0.09598422869260231,0.45225627065010005,0.47993143778987696,0.45225627065010005,0.07824189120014892,0.06842508570276266,0.07824189120014892,0.02905498161850249,0.028483565234926397,0.02905498161850249,-0.006250000793374344,0.06502189785088827,-0.006250000793374344,0.48462104905403874,0.5018827917735442,0.48462104905403874,0.08757771694377327,0.09686979174592654,0.08757771694377327,0.025574517804091586,0.02414910831590321,0.025574517804091586,0.5161766922960953,0.5468214483139856,0.5161766922960953,0.05073602099405059,0.19893208985503819,0.05073602099405059,0.003712331235477047,0.05009166202233184,0.003712331235477047,-0.07489104167677382,-0.147721829577153,-0.07489104167677382,0.4458125042335569,0.40330556120029804,0.4458125042335569,0.04348608006502744,0.03131477342003658,0.04348608006502744,0.010194235588972431,0.009147869674185462,0.010194235588972431,36.0,38.0,36.0,256.5,288.6666666666667,256.5,2.75,2.6666666666666665,2.75,1.0,0.6666666666666666,1.0,1.25,1.6666666666666667,1.25,6.281335473132113,8.244049076723051,6.281335473132113,2.2832901943903203,2.8080865725075603,2.2832901943903203,40.5,45.666666666666664,40.5,297.25,344.6666666666667,297.25,1.5,2.0,1.5,1.5,1.6666666666666667,1.5,1.5,2.0,1.5,3.3563621536499952,6.345530322934145,3.3563621536499952,0.05398762446581107,1.6348236182919977,0.05398762446581107,,,,,,,,,,,,,,,,,,,,,,,,,,
2026_07_KC_SEA,2026,7,SEA,KC,10.0,7.0,0.06962581722046447,0.06790185818251875,0.06962581722046447,0.4933006507865265,0.4995421106532218,0.4933006507865265,0.08398499570815955,0.0780816891928003,0.08398499570815955,0.019262769262769264,0.025683692350359017,0.019262769262769264,0.4309138347035496,0.425126492248411,0.4309138347035496,0.16643086328697054,0.16590206254841208,0.16643086328697054,-0.1688324932304218,-0.20471159713694417,-0.1688324932304218,-0.10749100122304668,-0.11639800491414103,-0.10749100122304668,0.4150128174632777,0.4037777737117206,0.4150128174632777,0.043142821352617704,0.04470324898297745,0.043142821352617704,0.022368572912458883,0.01700425106276569,0.022368572912458883,0.15427030993447494,0.14577192948143947,0.15427030993447494,0.5378611594590976,0.5526460481099656,0.5378611594590976,0.0975898156825992,0.09981672394043528,0.0975898156825992,0.007413419913419914,0.005555555555555556,0.007413419913419914,0.4394608780009779,0.4587548548784968,0.4394608780009779,0.19644463331241604,0.2883840098737328,0.19644463331241604,0.1264897111985765,0.046508365582302036,0.1264897111985765,-0.02749620394404522,0.029840521115013247,-0.02749620394404522,0.46930291766630383,0.47273175907419746,0.46930291766630383,0.06833424043958551,0.08564783971179707,0.06833424043958551,0.023495781197477333,0.020398746514669233,0.023495781197477333,28.75,31.0,28.75,242.25,260.6666666666667,242.25,2.5,3.0,2.5,0.75,1.0,0.75,1.25,1.3333333333333333,1.25,5.35974044405344,4.998122275349421,5.35974044405344,4.746487511881998,4.735512551102604,4.746487511881998,32.0,33.666666666666664,32.0,259.25,284.3333333333333,259.25,2.25,2.3333333333333335,2.25,0.5,0.3333333333333333,0.5,1.5,1.3333333333333333,1.5,6.446316563629169,9.362365883097056,6.446316563629169,0.7971588863963264,5.035578952105095,0.7971588863963264,,,,,,,,,,,,,,,,,,,,,,,,,,
2026_07_DAL_PHI,2026,7,PHI,DAL,8.0,8.0,-0.04612291219001544,-0.0845576804540676,-0.04612291219001544,0.4368739692061377,0.43543980207877175,0.4368739692061377,0.0624154971951839,0.0538088982210295,0.0624154971951839,0.01895513086830079,0.02527350782440105,0.01895513086830079,0.4532828701865512,0.46507367766167035,0.4532828701865512,-0.17917476706950808,-0.2540589314237278,-0.17917476706950808,-0.022929830756340988,-0.06460872897547452,-0.022929830756340988,0.05983369056922259,0.06294735727753378,0.05983369056922259,0.5001082251082252,0.516017316017316,0.5001082251082252,0.06578005328005329,0.06786546786546788,0.06578005328005329,0.005494505494505495,0.007326007326007327,0.005494505494505495,0.16012706161710769,0.15788516305558356,0.16012706161710769,0.5234810596609654,0.542060767719997,0.5234810596609654,0.0532659435811631,0.06564491402219597,0.0532659435811631,0.0069058212829069335,0.0038314176245210726,0.0069058212829069335,0.5171555864817285,0.5067450830509069,0.5171555864817285,0.29203132298283724,0.2876015407951354,0.29203132298283724,-0.020189098131197084,-0.04717694437999781,-0.020189098131197084,0.16746099151762128,0.11542368845069702,0.16746099151762128,0.5351058092081313,0.5073340614003156,0.5351058092081313,0.10101677108679964,0.11714516846661005,0.10101677108679964,0.006338254172015404,0.0040650406504065045,0.006338254172015404,28.5,29.666666666666668,28.5,178.25,170.0,178.25,1.75,1.3333333333333333,1.75,0.75,1.0,0.75,3.0,3.0,3.0,-2.2672522574257448,-3.4474617858370693,-2.2672522574257448,-0.40759184242038593,-0.8327695559832003,-0.40759184242038593,37.5,38.666666666666664,37.5,266.25,296.6666666666667,266.25,2.0,2.0,2.0,0.25,0.0,0.25,1.5,2.0,1.5,12.159050178521934,12.751765983175227,12.159050178521934,6.298653113689049,5.8215819502486434,6.298653113689049,,,,,,,,,,,,,,,,,,,,,,,,,,
2026_08_CAR_GB,2026,8,GB,CAR,4.0,4.0,-0.03510056544351925,-0.014193070887323482,-0.03510056544351925,0.45264505185391263,0.4646378469163279,0.45264505185391263,0.062887165577039,0.04813526838843294,0.062887165577039,0.02089959969706805,0.01992962499291613,0.02089959969706805,0.5592885674514314,0.5587262200165426,0.5592885674514314,0.03467342086398541,0.06582286617860096,0.03467342086398541,-0.36062054344857286,-0.33781668758934075,-0.36062054344857286,0.046801226320419886,0.0538874934141507,0.046801226320419886,0.4875537458165714,0.5104320214491223,0.4875537458165714,0.055777742927866907,0.06536131489481353,0.055777742927866907,0.013710105583715666,0.013775636273783051,0.013710105583715666,0.11702604375675155,0.11269960480323371,0.11702604375675155,0.4873072411349251,0.48106828938471935,0.4873072411349251,0.08857407316894353,0.08597025016903313,0.08857407316894353,0.008897659603932974,0.0038314176245210726,0.008897659603932974,0.5320202089400499,0.5447512250887908,0.5320202089400499,0.22300513001539274,0.21365398378342618,0.22300513001539274,-0.05775023295628121,-0.09537727561531535,-0.05775023295628121,0.035000205721044356,-0.0863028128152195,0.035000205721044356,0.477022487316605,0.4428481649069885,0.477022487316605,0.06887983340189223,0.05774886877828054,0.06887983340189223,0.024511946386946388,0.025106837606837604,0.024511946386946388,38.5,37.333333333333336,38.5,260.25,218.0,260.25,2.0,2.0,2.0,0.75,0.6666666666666666,0.75,2.0,1.3333333333333333,2.0,1.1523960315345447,2.437743406603932,1.1523960315345447,-6.6163849212516395,-5.603828397431513,-6.6163849212516395,40.5,41.666666666666664,40.5,317.0,302.3333333333333,317.0,2.25,2.0,2.25,0.5,0.3333333333333333,0.5,2.5,2.6666666666666665,2.5,10.300379856796933,8.560585376453988,10.300379856796933,6.132159628809991,5.964684393882333,6.132159628809991,,,,,,,,,,,,,,,,,,,,,,,,,,
2026_08_BAL_BUF,2026,8,BUF,BAL,14.0,7.0,0.19389511142951354,0.17718136558085787,0.19389511142951354,0.5192702630669048,0.5331563706563708,0.5192702630669048,0.1229492018671123,0.12413127413127413,0.1229492018671123,0.024034749034749035,0.032046332046332046,0.024034749034749035,0.4584856382138586,0.44969802266898323,0.4584856382138586,0.20221865158416258,0.11821836954928329,0.20221865158416258,0.13684891029334226,0.22602513157811643,0.13684891029334226,0.09736157266317838,0.09567055252063317,0.09736157266317838,0.5302788797204284,0.5348773341327324,0.5302788797204284,0.09363335845093104,0.09554044863054544,0.09363335845093104,0.014623611682435212,0.01217214158390629,0.014623611682435212,0.16064151754950937,0.10981452440018885,0.16064151754950937,0.5464133876074174,0.5467330016583748,0.5464133876074174,0.111210828972023,0.10932006633499171,0.111210828972023,0.006978096530335336,0.004975124378109453,0.006978096530335336,0.3820982923221729,0.39390883420734163,0.3820982923221729,0.3656025607512006,0.36212635779913627,0.3656025607512006,0.05693271481630258,-0.01734681333870776,0.05693271481630258,0.02066703118038173,0.06817387989164064,0.02066703118038173,0.4699920480586486,0.4768976099719178,0.4699920480586486,0.07681628821587012,0.06860529250038722,0.07681628821587012,0.01716219355111177,0.013221088986023422,0.01716219355111177,29.75,30.0,29.75,259.75,235.0,259.75,1.5,1.3333333333333333,1.5,0.75,1.0,0.75,2.25,2.3333333333333335,2.25,8.485946157317821,6.469586901076558,8.485946157317821,5.820897312309498,5.047367988961665,5.820897312309498,24.0,23.666666666666668,24.0,241.75,214.33333333333334,241.75,1.5,1.6666666666666667,1.5,0.25,0.3333333333333333,0.25,1.75,1.6666666666666667,1.75,9.335359061520757,8.999254332877127,9.335359061520757,8.28603445670043,9.447465859267902,8.28603445670043,,,,,,,,,,,,,,,,,,,,,,,,,,
2026_08_TEN_CIN,2026,8,CIN,TEN,7.0,7.0,0.09201308181827032,0.09884881469513133,0.09201308181827032,0.48556511056511054,0.4742599742599743,0.48556511056511054,0.07275944775944776,0.0667095667095667,0.07275944775944776,0.01267135642135642,0.012566137566137565,0.01267135642135642,0.5481547168958145,0.5729782190189808,0.5481547168958145,0.10733583649416452,0.1674380881257543,0.10733583649416452,-0.08384502616603288,-0.14423211792592597,-0.08384502616603288,0.04699424642761679,0.08443653160114924,0.04699424642761679,0.4886801491081382,0.47208635265700477,0.4886801491081382,0.08980687941285767,0.10435789049919485,0.08980687941285767,0.02263099219620959,0.00966183574879227,0.02263099219620959,-0.08613970667452825,-0.05785638441108254,-0.08613970667452825,0.45301058329615707,0.44776411106154274,0.45301058329615707,0.06337062249059972,0.07407749665413295,0.06337062249059972,0.018301444697597348,0.0191935929301298,0.018301444697597348,0.47286633403361344,0.4481967787114846,0.47286633403361344,-0.12028579062453473,-0.09036911373240779,-0.12028579062453473,-0.011253756088963715,-0.05164045572881565,-0.011253756088963715,0.10522877133938018,0.07898123575395055,0.10522877133938018,0.48157215080344223,0.46191602089107603,0.48157215080344223,0.07996914188921657,0.07509399098742388,0.07996914188921657,0.006024096385542169,0.008032128514056226,0.006024096385542169,39.25,40.666666666666664,39.25,292.75,305.6666666666667,292.75,1.75,2.0,1.75,0.75,0.6666666666666666,0.75,2.25,2.6666666666666665,2.25,4.716609270158397,7.164463381018454,4.716609270158397,4.632584458671904,4.059535021751475,4.632584458671904,29.75,29.0,29.75,181.5,195.33333333333334,181.5,0.75,0.6666666666666666,0.75,0.5,0.6666666666666666,0.5,1.5,1.0,1.5,-3.379584406637437,-2.0556946270059013,-3.379584406637437,3.4139458071283935,4.422012252800939,3.4139458071283935,,,,,,,,,,,,,,,,,,,,,,,,,,
2026_08_ARI_DAL,2026,8,DAL,ARI,6.0,7.0,0.16012706161710769,0.15788516305558356,0.16012706161710769,0.5234810596609654,0.542060767719997,0.5234810596609654,0.0532659435811631,0.06564491402219597,0.0532659435811631,0.0069058212829069335,0.0038314176245210726,0.0069058212829069335,0.5171555864817285,0.5067450830509069,0.5171555864817285,0.29203132298283724,0.2876015407951354,0.29203132298283724,-0.020189098131197084,-0.04717694437999781,-0.020189098131197084,0.16746099151762128,0.11542368845069702,0.16746099151762128,0.5351058092081313,0.5073340614003156,0.5351058092081313,0.10101677108679964,0.11714516846661005,0.10101677108679964,0.006338254172015404,0.0040650406504065045,0.006338254172015404,-0.035179604016143035,-0.07079475585451801,-0.035179604016143035,0.48512565121628104,0.4801675349550414,0.48512565121628104,0.03125888945781419,0.021837249435815744,0.03125888945781419,0.015842537731938652,0.02112338364258487,0.015842537731938652,0.4924503115420499,0.5021288706739527,0.4924503115420499,-0.07808093794245746,-0.18316813379304195,-0.07808093794245746,-0.053516651231944455,-0.0813877511119224,-0.053516651231944455,0.07619913301005453,0.19149423501521148,0.07619913301005453,0.46794930875576035,0.4895238095238095,0.46794930875576035,0.09015500628403854,0.09870129870129869,0.09015500628403854,0.021311269375785508,0.01766233766233766,0.021311269375785508,37.5,38.666666666666664,37.5,266.25,296.6666666666667,266.25,2.0,2.0,2.0,0.25,0.0,0.25,1.5,2.0,1.5,12.159050178521934,12.751765983175227,12.159050178521934,6.298653113689049,5.8215819502486434,6.298653113689049,38.0,38.333333333333336,38.0,204.5,180.33333333333334,204.5,1.5,1.6666666666666667,1.5,1.0,1.3333333333333333,1.0,1.75,2.0,1.75,-1.789957543749424,-5.39089828671698,-1.789957543749424,0.9892456997191476,-0.21630676500089896,0.9892456997191476,,,,,,,,,,,,,,,,,,,,,,,,,,
2026_08_MIN_DET,2026,8,DET,MIN,7.0,7.0,0.15670622136136952,0.2086133939564069,0.15670622136136952,0.5523081850134909,0.571536361379995,0.5523081850134909,0.07502982409787108,0.07136593033838008,0.07502982409787108,0.002688172043010753,0.0,0.002688172043010753,0.5190089135872269,0.5454917382628226,0.5190089135872269,0.26255129545484124,0.34392568915045024,0.26255129545484124,-0.06592612583036535,-0.0807579939558867,-0.06592612583036535,0.1665762074666667,0.23850561032501813,0.1665762074666667,0.510404411764706,0.536748366013072,0.510404411764706,0.10730392156862745,0.1169281045751634,0.10730392156862745,0.010686274509803922,0.0044444444444444444,0.010686274509803922,-0.024195758249175733,-0.04077515267864346,-0.024195758249175733,0.39842937574185144,0.3915995280161623,0.39842937574185144,0.05784997006333967,0.06812428440877721,0.05784997006333967,0.006756756756756757,0.0045045045045045045,0.006756756756756757,0.4234687810508992,0.43849891527507284,0.4234687810508992,-0.08832344442676934,-0.12394098261348968,-0.08832344442676934,-0.10269216522773571,-0.1189112699376209,-0.10269216522773571,-0.15515538262958883,-0.17426616046874957,-0.15515538262958883,0.3810449735449736,0.36917107583774245,0.3810449735449736,0.07540564373897707,0.06482657260435037,0.07540564373897707,0.023077601410934744,0.022833627278071724,0.023077601410934744,40.25,40.666666666666664,40.25,303.5,336.0,303.5,2.25,2.3333333333333335,2.25,0.0,0.0,0.0,2.0,2.3333333333333335,2.0,12.222878182108985,14.345667253100727,12.222878182108985,2.056106808235179,3.7113713119630223,2.056106808235179,26.25,28.666666666666668,26.25,172.75,186.0,172.75,1.0,0.3333333333333333,1.0,0.25,0.3333333333333333,0.25,3.25,3.3333333333333335,3.25,-1.8144806876133537,-4.081678120415504,-1.8144806876133537,-2.9832216492412904,-1.5571783016386782,-2.9832216492412904,,,,,,,,,,,,,,,,,,,,,,,,,,
2026_08_IND_JAX,2026,8,JAX,IND,14.0,7.0,0.1806901514807951,0.13192642270706453,0.1806901514807951,0.540006038647343,0.506466384863124,0.540006038647343,0.08712635869565218,0.06929347826086957,0.08712635869565218,0.007095410628019324,0.009460547504025765,0.007095410628019324,0.41920826429163216,0.4339443523888429,0.41920826429163216,0.3137043547700914,0.15408530987731625,0.3137043547700914,0.06556005055766415,0.10004080026360397,0.06556005055766415,-0.029490075920002308,-0.02356886734290074,-0.029490075920002308,0.47259979862591805,0.4661119008133934,0.47259979862591805,0.07574478796493722,0.07982902945589514,0.07574478796493722,0.028036898839137646,0.02680052120350628,0.028036898839137646,0.022634621076697316,0.0707973330867281,0.022634621076697316,0.4892823909838584,0.502618067205531,0.4892823909838584,0.07523268638671363,0.0664938233948452,0.07523268638671363,0.025776192275983406,0.024706420619185602,0.025776192275983406,0.45776559725835086,0.4509338398227287,0.45776559725835086,-0.20362434170788263,-0.11763022060584222,-0.20362434170788263,0.12113213959231584,0.12071812908002277,0.12113213959231584,0.06436357819500677,-0.018556061405814634,0.06436357819500677,0.4867591036201997,0.4671939563420844,0.4867591036201997,0.07655633162279933,0.06311406986936015,0.07655633162279933,0.006536226930963773,0.0043859649122807015,0.006536226930963773,26.0,27.0,26.0,210.75,199.33333333333334,210.75,2.0,1.3333333333333333,2.0,0.5,0.6666666666666666,0.5,2.0,2.3333333333333335,2.0,7.936949496801796,4.242107413481726,7.936949496801796,10.380772024171124,6.399239413026021,10.380772024171124,33.0,33.666666666666664,33.0,188.5,196.0,188.5,0.75,0.6666666666666666,0.75,1.0,1.0,1.0,2.0,2.0,2.0,-5.988214852655161,-4.780209844417336,-5.988214852655161,-1.7621563027547107,-0.662722445343385,-1.7621563027547107,,,,,,,,,,,,,,,,,,,,,,,,,,
2026_08_LV_NYJ,2026,8,NYJ,LV,7.0,7.0,0.027433912679672805,-0.024745242458992612,0.027433912679672805,0.4872290881586234,0.4694586040313176,0.4872290881586234,0.06980557018787903,0.06154256205230718,0.06980557018787903,0.0033333333333333335,0.0044444444444444444,0.0033333333333333335,0.459888958726168,0.5020741671904463,0.459888958726168,0.12044471333778163,0.025108894110670466,0.12044471333778163,-0.163229287570642,-0.22084418451509147,-0.163229287570642,-0.0019136686206546096,0.05444499966074898,-0.0019136686206546096,0.5293509615384615,0.5495512820512821,0.5293509615384615,0.06466346153846153,0.07580128205128205,0.06466346153846153,0.012960737179487179,0.012072649572649571,0.012960737179487179,0.021463399893859685,0.01777803464231992,0.021463399893859685,0.4786459520012152,0.4759139009139009,0.4786459520012152,0.06554549251917673,0.06546416546416546,0.06554549251917673,0.018853478392952077,0.016366041366041365,0.018853478392952077,0.4730438184663537,0.4973917579551383,0.4730438184663537,0.15941266353436606,0.20818138846405143,0.15941266353436606,-0.21418225715379746,-0.2571573260438323,-0.21418225715379746,-0.09598422869260231,-0.06139371823167424,-0.09598422869260231,0.45225627065010005,0.47993143778987696,0.45225627065010005,0.07824189120014892,0.06842508570276266,0.07824189120014892,0.02905498161850249,0.028483565234926397,0.02905498161850249,29.25,31.0,29.25,225.5,229.0,225.5,1.25,1.6666666666666667,1.25,0.0,0.0,0.0,3.0,4.0,3.0,5.0157015971744245,3.4359847614129784,5.0157015971744245,5.5156565927293,3.075535148382187,5.5156565927293,36.0,38.0,36.0,256.5,288.6666666666667,256.5,2.75,2.6666666666666665,2.75,1.0,0.6666666666666666,1.0,1.25,1.6666666666666667,1.25,6.281335473132113,8.244049076723051,6.281335473132113,2.2832901943903203,2.8080865725075603,2.2832901943903203,,,,,,,,,,,,,,,,,,,,,,,,,,
2026_08_CLE_PIT,2026,8,PIT,CLE,7.0,7.0,-0.05865213980463708,0.0004961924334776976,-0.05865213980463708,0.4671707765037606,0.4895610353383475,0.4671707765037606,0.07658311183542543,0.08433303800278946,0.07658311183542543,0.022776646036642544,0.025924416937745613,0.022776646036642544,0.5499782059365834,0.5396105808884176,0.5499782059365834,-0.13070207208742093,-0.06628752703161858,-0.13070207208742093,-0.02495502485644363,0.050795171167058784,-0.02495502485644363,0.018119392676324793,0.11682094772375318,0.018119392676324793,0.49675457715780297,0.5272043010752688,0.49675457715780297,0.0900283347863993,0.09301075268817204,0.0900283347863993,0.024960161774677907,0.024271206690561528,0.024960161774677907,0.03646472644512655,0.06437086914393775,0.03646472644512655,0.4990916812655943,0.5014344109996284,0.4990916812655943,0.059016828582045974,0.05752508361204014,0.059016828582045974,0.017808302808302808,0.013162393162393163,0.017808302808302808,0.45693565016130105,0.46170654994184407,0.45693565016130105,0.07129367323799057,0.216478373955558,0.07129367323799057,-0.1719729892608971,-0.2415060652994603,-0.1719729892608971,0.08159016303944597,-0.00020689521473431458,0.08159016303944597,0.5058113159855258,0.46087342131403436,0.5058113159855258,0.09875113080034056,0.08479317440045409,0.09875113080034056,0.012171402724563643,0.016228536966084856,0.012171402724563643,38.25,37.666666666666664,38.25,249.75,259.3333333333333,249.75,1.75,2.0,1.75,1.0,1.3333333333333333,1.0,3.25,3.6666666666666665,3.25,-4.5747589667659625,-3.4869635321114525,-4.5747589667659625,-3.4437064553965655,-5.003102898238917,-3.4437064553965655,28.75,31.0,28.75,213.75,216.66666666666666,213.75,1.5,1.6666666666666667,1.5,0.5,0.3333333333333333,0.5,2.75,2.0,2.75,4.134775975382055,7.366408698682321,4.134775975382055,1.71397661613135,-1.1550297611725535,1.71397661613135,,,,,,,,,,,,,,,,,,,,,,,,,,
2026_08_ATL_TB,2026,8,TB,ATL,7.0,7.0,-0.08614008487593638,-0.09307591013692167,-0.08614008487593638,0.45180602847856366,0.42292085848423877,0.45180602847856366,0.05642654000928649,0.05985077129443326,0.05642654000928649,0.0315042498581231,0.02149284596467695,0.0315042498581231,0.4817907995618839,0.4757210660825119,0.4817907995618839,-0.2553665432504918,-0.2580693202665265,-0.2553665432504918,-0.011232668870502185,0.011929151758878723,-0.011232668870502185,0.010685284145078714,-0.009588248869124153,0.010685284145078714,0.46778024495415793,0.4505468201120375,0.46778024495415793,0.05877030333552073,0.048057374144330665,0.05877030333552073,0.014561639561639562,0.015086515086515087,0.014561639561639562,-0.026019571301306138,0.05796899575357858,-0.026019571301306138,0.5139868002677601,0.5501805985552116,0.5139868002677601,0.08904929503807213,0.09170536635706915,0.08904929503807213,0.025671230440967283,0.025219298245614034,0.025671230440967283,0.3636731385809049,0.3661760569206585,0.3636731385809049,-0.11227903529296565,0.05240420208961133,-0.11227903529296565,0.09627633399283132,0.1556026228577863,0.09627633399283132,-0.04486357267602255,0.018880948604963727,-0.04486357267602255,0.4452458897133712,0.4603278529511616,0.4452458897133712,0.055445584169940346,0.05614966778214268,0.055445584169940346,0.009371453513749455,0.008050826907221495,0.009371453513749455,30.75,31.666666666666668,30.75,190.75,182.33333333333334,190.75,0.75,1.0,0.75,1.0,1.3333333333333333,1.0,4.0,4.0,4.0,-8.543065631932876,-9.587247694064805,-8.543065631932876,1.1619188566879113,-3.1242621736926623,1.1619188566879113,21.0,20.666666666666668,21.0,177.0,188.33333333333334,177.0,0.75,0.6666666666666666,0.75,1.25,1.0,1.25,1.5,0.6666666666666666,1.5,-1.9486731724686526,2.6566182478611684,-1.9486731724686526,-4.174953236767758,-2.093933193808626,-4.174953236767758,,,,,,,,,,,,,,,,,,,,,,,,,,
2026_08_LAC_LA,2026,8,LA,LAC,7.0,14.0,-0.006250000793374344,0.06502189785088827,-0.006250000793374344,0.48462104905403874,0.5018827917735442,0.48462104905403874,0.08757771694377327,0.09686979174592654,0.08757771694377327,0.025574517804091586,0.02414910831590321,0.025574517804091586,0.5161766922960953,0.5468214483139856,0.5161766922960953,0.05073602099405059,0.19893208985503819,0.05073602099405059,0.003712331235477047,0.05009166202233184,0.003712331235477047,-0.07489104167677382,-0.147721829577153,-0.07489104167677382,0.4458125042335569,0.40330556120029804,0.4458125042335569,0.04348608006502744,0.03131477342003658,0.04348608006502744,0.010194235588972431,0.009147869674185462,0.010194235588972431,-0.16480540260291193,-0.1298451458020771,-0.16480540260291193,0.43657915504166533,0.44769693790501625,0.43657915504166533,0.07560979017823492,0.07930767722689387,0.07560979017823492,0.029900620660975222,0.02911480604259062,0.029900620660975222,0.4449937159614579,0.43203463203463205,0.4449937159614579,-0.1553756493588359,-0.144860128955956,-0.1553756493588359,-0.16545872561455968,-0.11213158877207674,-0.16545872561455968,0.023020096041020576,0.006804844221700135,0.023020096041020576,0.4790728228228229,0.4720970970970971,0.4790728228228229,0.07944551694551694,0.08608608608608609,0.07944551694551694,0.027120870870870874,0.036161161161161165,0.027120870870870874,40.5,45.666666666666664,40.5,297.25,344.6666666666667,297.25,1.5,2.0,1.5,1.5,1.6666666666666667,1.5,1.5,2.0,1.5,3.3563621536499952,6.345530322934145,3.3563621536499952,0.05398762446581107,1.6348236182919977,0.05398762446581107,29.75,30.666666666666668,29.75,204.0,202.33333333333334,204.0,1.0,1.0,1.0,1.5,1.6666666666666667,1.5,3.0,3.0,3.0,-5.143134782981752,-4.988290938300914,-5.143134782981752,-4.346979795763358,-3.726181019945671,-4.346979795763358,,,,,,,,,,,,,,,,,,,,,,,,,,
2026_08_KC_DEN,2026,8,DEN,KC,7.0,7.0,0.007821444896673267,0.07693071956930457,0.007821444896673267,0.46422136893649074,0.46595636076777996,0.46422136893649074,0.057167458868869245,0.07075879761750872,0.057167458868869245,0.015217538279268026,0.009361089290390154,0.015217538279268026,0.5070834866887498,0.498333537807222,0.5070834866887498,-0.023530806317518787,0.1184317559011629,-0.023530806317518787,-0.022547862340055153,0.004123489999893533,-0.022547862340055153,0.08924681035233478,0.05907393003858596,0.08924681035233478,0.4933040613125659,0.49323658391459,0.4933040613125659,0.08777756093097337,0.0867337176049342,0.08777756093097337,0.015314054512018605,0.016089735020353813,0.015314054512018605,0.15427030993447494,0.14577192948143947,0.15427030993447494,0.5378611594590976,0.5526460481099656,0.5378611594590976,0.0975898156825992,0.09981672394043528,0.0975898156825992,0.007413419913419914,0.005555555555555556,0.007413419913419914,0.4394608780009779,0.4587548548784968,0.4394608780009779,0.19644463331241604,0.2883840098737328,0.19644463331241604,0.1264897111985765,0.046508365582302036,0.1264897111985765,-0.02749620394404522,0.029840521115013247,-0.02749620394404522,0.46930291766630383,0.47273175907419746,0.46930291766630383,0.06833424043958551,0.08564783971179707,0.06833424043958551,0.023495781197477333,0.020398746514669233,0.023495781197477333,33.75,35.666666666666664,33.75,204.75,229.33333333333334,204.75,1.25,1.3333333333333333,1.25,0.75,0.6666666666666666,0.75,1.25,0.3333333333333333,1.25,-0.5764045990066502,4.02525779304248,-0.5764045990066502,-2.9256460681492484,-1.307681144526116,-2.9256460681492484,32.0,33.666666666666664,32.0,259.25,284.3333333333333,259.25,2.25,2.3333333333333335,2.25,0.5,0.3333333333333333,0.5,1.5,1.3333333333333333,1.5,6.446316563629169,9.362365883097056,6.446316563629169,0.7971588863963264,5.035578952105095,0.7971588863963264,,,,,,,,,,,,,,,,,,,,,,,,,,
2026_08_NE_MIA,2026,8,MIA,NE,7.0,10.0,-0.14076859746921866,-0.12110620993382935,-0.14076859746921866,0.39069115095430884,0.39784461152882206,0.39069115095430884,0.07566367842683633,0.06498746867167919,0.07566367842683633,0.019271255060728746,0.015438596491228071,0.019271255060728746,0.4362471395881007,0.4149961861174676,0.4362471395881007,-0.2222894383428996,-0.20024126545875817,-0.2222894383428996,-0.055899321524586806,-0.02703969405888808,-0.055899321524586806,0.13925104021792037,0.1748282217410675,0.13925104021792037,0.5269833417153186,0.540363753866039,0.5269833417153186,0.08969207137078258,0.09765960393297328,0.08969207137078258,0.010745614035087718,0.005555555555555556,0.010745614035087718,-0.060419780865163704,-0.053636377770297054,-0.060419780865163704,0.46107127507744206,0.46518905053060644,0.46107127507744206,0.08276397200733064,0.09753144985592803,0.08276397200733064,0.03397892035226001,0.03248471431583386,0.03397892035226001,0.4537663254886556,0.4491776114740516,0.4537663254886556,-0.11651124840408737,-0.11255801495557961,-0.11651124840408737,0.0033094769725084995,0.033700162535733214,0.0033094769725084995,0.014683888407503457,-0.005354046901429298,0.014683888407503457,0.4708552936524144,0.46961496780773887,0.4708552936524144,0.07344796862996782,0.06403231975521133,0.07344796862996782,0.016639175750621533,0.022185567667495378,0.016639175750621533,25.75,25.333333333333332,25.75,178.0,164.0,178.0,0.25,0.3333333333333333,0.25,0.5,0.3333333333333333,0.5,2.75,2.0,2.75,-4.373726229028161,-4.001718406341058,-4.373726229028161,-9.202447275063797,-9.319847514257406,-9.202447275063797,29.25,28.0,29.25,213.5,225.33333333333334,213.5,1.0,1.0,1.0,1.75,1.3333333333333333,1.75,2.5,2.3333333333333335,2.5,-2.2567784958981347,-1.4685866095355185,-2.2567784958981347,2.080397172537725,0.7837126770662883,2.080397172537725,,,,,,,,,,,,,,,,,,,,,,,,,,
2026_08_PHI_WAS,2026,8,WAS,PHI,13.0,6.0,-0.029658132563212994,-0.05637507356571366,-0.029658132563212994,0.43337765144568735,0.427043217800599,0.43337765144568735,0.06181612568005379,0.06258023106546855,0.06181612568005379,0.006338254172015404,0.008451005562687205,0.006338254172015404,0.44706818239534474,0.4515125966074476,0.44706818239534474,0.004333421250685879,-0.030387248102538834,0.004333421250685879,-0.11193082254276396,-0.15098220459818143,-0.11193082254276396,0.09265004072306829,0.10047292343004403,0.09265004072306829,0.5141549001222617,0.5384810433002706,0.5141549001222617,0.07169606004614693,0.06618298202231354,0.07169606004614693,0.01558837318330989,0.02078449757774652,0.01558837318330989,-0.04612291219001544,-0.0845576804540676,-0.04612291219001544,0.4368739692061377,0.43543980207877175,0.4368739692061377,0.0624154971951839,0.0538088982210295,0.0624154971951839,0.01895513086830079,0.02527350782440105,0.01895513086830079,0.4532828701865512,0.46507367766167035,0.4532828701865512,-0.17917476706950808,-0.2540589314237278,-0.17917476706950808,-0.022929830756340988,-0.06460872897547452,-0.022929830756340988,0.05983369056922259,0.06294735727753378,0.05983369056922259,0.5001082251082252,0.516017316017316,0.5001082251082252,0.06578005328005329,0.06786546786546788,0.06578005328005329,0.005494505494505495,0.007326007326007327,0.005494505494505495,28.75,27.0,28.75,157.25,155.0,157.25,1.75,1.6666666666666667,1.75,0.25,0.3333333333333333,0.25,1.0,1.0,1.0,-0.5671165852674691,-2.0581005987476115,-0.5671165852674691,-3.005027401437662,-2.8582689445465803,-3.005027401437662,28.5,29.666666666666668,28.5,178.25,170.0,178.25,1.75,1.3333333333333333,1.75,0.75,1.0,0.75,3.0,3.0,3.0,-2.2672522574257448,-3.4474617858370693,-2.2672522574257448,-0.40759184242038593,-0.8327695559832003,-0.40759184242038593,,,,,,,,,,,,,,,,,,,,,,,,,,
2026_08_CHI_SEA,2026,8,SEA,CHI,8.0,11.0,0.06962581722046447,0.06790185818251875,0.06962581722046447,0.4933006507865265,0.4995421106532218,0.4933006507865265,0.08398499570815955,0.0780816891928003,0.08398499570815955,0.019262769262769264,0.025683692350359017,0.019262769262769264,0.4309138347035496,0.425126492248411,0.4309138347035496,0.16643086328697054,0.16590206254841208,0.16643086328697054,-0.1688324932304218,-0.20471159713694417,-0.1688324932304218,-0.10749100122304668,-0.11639800491414103,-0.10749100122304668,0.4150128174632777,0.4037777737117206,0.4150128174632777,0.043142821352617704,0.04470324898297745,0.043142821352617704,0.022368572912458883,0.01700425106276569,0.022368572912458883,0.1141436378280993,0.019221763327520427,0.1141436378280993,0.5079740860990861,0.48411696328362996,0.5079740860990861,0.0918923861632195,0.08843227246005024,0.0918923861632195,0.017062991021324355,0.015174897119341562,0.017062991021324355,0.4137599428663719,0.4342556813975868,0.4137599428663719,0.19803596807468607,0.11431392938111713,0.19803596807468607,0.0323862323957393,-0.08272822032860595,0.0323862323957393,-0.043727466271272074,-0.10163840856746444,-0.043727466271272074,0.45463631379024827,0.4375070529251503,0.45463631379024827,0.07264670715555553,0.06473376215118247,0.07264670715555553,0.01895513086830079,0.017241379310344827,0.01895513086830079,28.75,31.0,28.75,242.25,260.6666666666667,242.25,2.5,3.0,2.5,0.75,1.0,0.75,1.25,1.3333333333333333,1.25,5.35974044405344,4.998122275349421,5.35974044405344,4.746487511881998,4.735512551102604,4.746487511881998,30.75,31.333333333333332,30.75,230.5,217.66666666666666,230.5,1.0,0.6666666666666666,1.0,0.5,0.6666666666666666,0.5,1.5,1.3333333333333333,1.5,8.176464170546858,4.713523170106895,8.176464170546858,5.433587391452958,1.7180039022315883,5.433587391452958,,,,,,,,,,,,,,,,,,,,,,,,,,
2026_09_JAX_BAL,2026,9,BAL,JAX,4.0,4.0,0.16064151754950937,0.10981452440018885,0.16064151754950937,0.5464133876074174,0.5467330016583748,0.5464133876074174,0.111210828972023,0.10932006633499171,0.111210828972023,0.006978096530335336,0.004975124378109453,0.006978096530335336,0.3820982923221729,0.39390883420734163,0.3820982923221729,0.3656025607512006,0.36212635779913627,0.3656025607512006,0.05693271481630258,-0.01734681333870776,0.05693271481630258,0.02066703118038173,0.06817387989164064,0.02066703118038173,0.4699920480586486,0.4768976099719178,0.4699920480586486,0.07681628821587012,0.06860529250038722,0.07681628821587012,0.01716219355111177,0.013221088986023422,0.01716219355111177,0.1806901514807951,0.13192642270706453,0.1806901514807951,0.540006038647343,0.506466384863124,0.540006038647343,0.08712635869565218,0.06929347826086957,0.08712635869565218,0.007095410628019324,0.009460547504025765,0.007095410628019324,0.41920826429163216,0.4339443523888429,0.41920826429163216,0.3137043547700914,0.15408530987731625,0.3137043547700914,0.06556005055766415,0.10004080026360397,0.06556005055766415,-0.029490075920002308,-0.02356886734290074,-0.029490075920002308,0.47259979862591805,0.4661119008133934,0.47259979862591805,0.07574478796493722,0.07982902945589514,0.07574478796493722,0.028036898839137646,0.02680052120350628,0.028036898839137646,24.0,23.666666666666668,24.0,241.75,214.33333333333334,241.75,1.5,1.6666666666666667,1.5,0.25,0.3333333333333333,0.25,1.75,1.6666666666666667,1.75,9.335359061520757,8.999254332877127,9.335359061520757,8.28603445670043,9.447465859267902,8.28603445670043,26.0,27.0,26.0,210.75,199.33333333333334,210.75,2.0,1.3333333333333333,2.0,0.5,0.6666666666666666,0.5,2.0,2.3333333333333335,2.0,7.936949496801796,4.242107413481726,7.936949496801796,10.380772024171124,6.399239413026021,10.380772024171124,,,,,,,,,,,,,,,,,,,,,,,,,,
2026_09_CIN_ATL,2026,9,ATL,CIN,7.0,7.0,-0.026019571301306138,0.05796899575357858,-0.026019571301306138,0.5139868002677601,0.5501805985552116,0.5139868002677601,0.08904929503807213,0.09170536635706915,0.08904929503807213,0.025671230440967283,0.025219298245614034,0.025671230440967283,0.3636731385809049,0.3661760569206585,0.3636731385809049,-0.11227903529296565,0.05240420208961133,-0.11227903529296565,0.09627633399283132,0.1556026228577863,0.09627633399283132,-0.04486357267602255,0.018880948604963727,-0.04486357267602255,0.4452458897133712,0.4603278529511616,0.4452458897133712,0.055445584169940346,0.05614966778214268,0.055445584169940346,0.009371453513749455,0.008050826907221495,0.009371453513749455,0.09201308181827032,0.09884881469513133,0.09201308181827032,0.48556511056511054,0.4742599742599743,0.48556511056511054,0.07275944775944776,0.0667095667095667,0.07275944775944776,0.01267135642135642,0.012566137566137565,0.01267135642135642,0.5481547168958145,0.5729782190189808,0.5481547168958145,0.10733583649416452,0.1674380881257543,0.10733583649416452,-0.08384502616603288,-0.14423211792592597,-0.08384502616603288,0.04699424642761679,0.08443653160114924,0.04699424642761679,0.4886801491081382,0.47208635265700477,0.4886801491081382,0.08980687941285767,0.10435789049919485,0.08980687941285767,0.02263099219620959,0.00966183574879227,0.02263099219620959,21.0,20.666666666666668,21.0,177.0,188.33333333333334,177.0,0.75,0.6666666666666666,0.75,1.25,1.0,1.25,1.5,0.6666666666666666,1.5,-1.9486731724686526,2.6566182478611684,-1.9486731724686526,-4.174953236767758,-2.093933193808626,-4.174953236767758,39.25,40.666666666666664,39.25,292.75,305.6666666666667,292.75,1.75,2.0,1.75,0.75,0.6666666666666666,0.75,2.25,2.6666666666666665,2.25,4.716609270158397,7.164463381018454,4.716609270158397,4.632584458671904,4.059535021751475,4.632584458671904,,,,,,,,,,,,,,,,,,,,,,,,,,
2026_09_DEN_CAR,2026,9,CAR,DEN,10.0,7.0,0.11702604375675155,0.11269960480323371,0.11702604375675155,0.4873072411349251,0.48106828938471935,0.4873072411349251,0.08857407316894353,0.08597025016903313,0.08857407316894353,0.008897659603932974,0.0038314176245210726,0.008897659603932974,0.5320202089400499,0.5447512250887908,0.5320202089400499,0.22300513001539274,0.21365398378342618,0.22300513001539274,-0.05775023295628121,-0.09537727561531535,-0.05775023295628121,0.035000205721044356,-0.0863028128152195,0.035000205721044356,0.477022487316605,0.4428481649069885,0.477022487316605,0.06887983340189223,0.05774886877828054,0.06887983340189223,0.024511946386946388,0.025106837606837604,0.024511946386946388,0.007821444896673267,0.07693071956930457,0.007821444896673267,0.46422136893649074,0.46595636076777996,0.46422136893649074,0.057167458868869245,0.07075879761750872,0.057167458868869245,0.015217538279268026,0.009361089290390154,0.015217538279268026,0.5070834866887498,0.498333537807222,0.5070834866887498,-0.023530806317518787,0.1184317559011629,-0.023530806317518787,-0.022547862340055153,0.004123489999893533,-0.022547862340055153,0.08924681035233478,0.05907393003858596,0.08924681035233478,0.4933040613125659,0.49323658391459,0.4933040613125659,0.08777756093097337,0.0867337176049342,0.08777756093097337,0.015314054512018605,0.016089735020353813,0.015314054512018605,40.5,41.666666666666664,40.5,317.0,302.3333333333333,317.0,2.25,2.0,2.25,0.5,0.3333333333333333,0.5,2.5,2.6666666666666665,2.5,10.300379856796933,8.560585376453988,10.300379856796933,6.132159628809991,5.964684393882333,6.132159628809991,33.75,35.666666666666664,33.75,204.75,229.33333333333334,204.75,1.25,1.3333333333333333,1.25,0.75,0.6666666666666666,0.75,1.25,0.3333333333333333,1.25,-0.5764045990066502,4.02525779304248,-0.5764045990066502,-2.9256460681492484,-1.307681144526116,-2.9256460681492484,,,,,,,,,,,,,,,,,,,,,,,,,,
2026_09_DAL_IND,2026,9,IND,DAL,7.0,7.0,0.022634621076697316,0.0707973330867281,0.022634621076697316,0.4892823909838584,0.502618067205531,0.4892823909838584,0.07523268638671363,0.0664938233948452,0.07523268638671363,0.025776192275983406,0.024706420619185602,0.025776192275983406,0.45776559725835086,0.4509338398227287,0.45776559725835086,-0.20362434170788263,-0.11763022060584222,-0.20362434170788263,0.12113213959231584,0.12071812908002277,0.12113213959231584,0.06436357819500677,-0.018556061405814634,0.06436357819500677,0.4867591036201997,0.4671939563420844,0.4867591036201997,0.07655633162279933,0.06311406986936015,0.07655633162279933,0.006536226930963773,0.0043859649122807015,0.006536226930963773,0.16012706161710769,0.15788516305558356,0.16012706161710769,0.5234810596609654,0.542060767719997,0.5234810596609654,0.0532659435811631,0.06564491402219597,0.0532659435811631,0.0069058212829069335,0.0038314176245210726,0.0069058212829069335,0.5171555864817285,0.5067450830509069,0.5171555864817285,0.29203132298283724,0.2876015407951354,0.29203132298283724,-0.020189098131197084,-0.04717694437999781,-0.020189098131197084,0.16746099151762128,0.11542368845069702,0.16746099151762128,0.5351058092081313,0.5073340614003156,0.5351058092081313,0.10101677108679964,0.11714516846661005,0.10101677108679964,0.006338254172015404,0.0040650406504065045,0.006338254172015404,33.0,33.666666666666664,33.0,188.5,196.0,188.5,0.75,0.6666666666666666,0.75,1.0,1.0,1.0,2.0,2.0,2.0,-5.988214852655161,-4.780209844417336,-5.988214852655161,-1.7621563027547107,-0.662722445343385,-1.7621563027547107,37.5,38.666666666666664,37.5,266.25,296.6666666666667,266.25,2.0,2.0,2.0,0.25,0.0,0.25,1.5,2.0,1.5,12.159050178521934,12.751765983175227,12.159050178521934,6.298653113689049,5.8215819502486434,6.298653113689049,,,,,,,,,,,,,,,,,,,,,,,,,,
2026_09_NYJ_KC,2026,9,KC,NYJ,7.0,7.0,0.15427030993447494,0.14577192948143947,0.15427030993447494,0.5378611594590976,0.5526460481099656,0.5378611594590976,0.0975898156825992,0.09981672394043528,0.0975898156825992,0.007413419913419914,0.005555555555555556,0.007413419913419914,0.4394608780009779,0.4587548548784968,0.4394608780009779,0.19644463331241604,0.2883840098737328,0.19644463331241604,0.1264897111985765,0.046508365582302036,0.1264897111985765,-0.02749620394404522,0.029840521115013247,-0.02749620394404522,0.46930291766630383,0.47273175907419746,0.46930291766630383,0.06833424043958551,0.08564783971179707,0.06833424043958551,0.023495781197477333,0.020398746514669233,0.023495781197477333,0.027433912679672805,-0.024745242458992612,0.027433912679672805,0.4872290881586234,0.4694586040313176,0.4872290881586234,0.06980557018787903,0.06154256205230718,0.06980557018787903,0.0033333333333333335,0.0044444444444444444,0.0033333333333333335,0.459888958726168,0.5020741671904463,0.459888958726168,0.12044471333778163,0.025108894110670466,0.12044471333778163,-0.163229287570642,-0.22084418451509147,-0.163229287570642,-0.0019136686206546096,0.05444499966074898,-0.0019136686206546096,0.5293509615384615,0.5495512820512821,0.5293509615384615,0.06466346153846153,0.07580128205128205,0.06466346153846153,0.012960737179487179,0.012072649572649571,0.012960737179487179,32.0,33.666666666666664,32.0,259.25,284.3333333333333,259.25,2.25,2.3333333333333335,2.25,0.5,0.3333333333333333,0.5,1.5,1.3333333333333333,1.5,6.446316563629169,9.362365883097056,6.446316563629169,0.7971588863963264,5.035578952105095,0.7971588863963264,29.25,31.0,29.25,225.5,229.0,225.5,1.25,1.6666666666666667,1.25,0.0,0.0,0.0,3.0,4.0,3.0,5.0157015971744245,3.4359847614129784,5.0157015971744245,5.5156565927293,3.075535148382187,5.5156565927293,,,,,,,,,,,,,,,,,,,,,,,,,,
2026_09_DET_MIA,2026,9,MIA,DET,7.0,7.0,-0.14076859746921866,-0.12110620993382935,-0.14076859746921866,0.39069115095430884,0.39784461152882206,0.39069115095430884,0.07566367842683633,0.06498746867167919,0.07566367842683633,0.019271255060728746,0.015438596491228071,0.019271255060728746,0.4362471395881007,0.4149961861174676,0.4362471395881007,-0.2222894383428996,-0.20024126545875817,-0.2222894383428996,-0.055899321524586806,-0.02703969405888808,-0.055899321524586806,0.13925104021792037,0.1748282217410675,0.13925104021792037,0.5269833417153186,0.540363753866039,0.5269833417153186,0.08969207137078258,0.09765960393297328,0.08969207137078258,0.010745614035087718,0.005555555555555556,0.010745614035087718,0.15670622136136952,0.2086133939564069,0.15670622136136952,0.5523081850134909,0.571536361379995,0.5523081850134909,0.07502982409787108,0.07136593033838008,0.07502982409787108,0.002688172043010753,0.0,0.002688172043010753,0.5190089135872269,0.5454917382628226,0.5190089135872269,0.26255129545484124,0.34392568915045024,0.26255129545484124,-0.06592612583036535,-0.0807579939558867,-0.06592612583036535,0.1665762074666667,0.23850561032501813,0.1665762074666667,0.510404411764706,0.536748366013072,0.510404411764706,0.10730392156862745,0.1169281045751634,0.10730392156862745,0.010686274509803922,0.0044444444444444444,0.010686274509803922,25.75,25.333333333333332,25.75,178.0,164.0,178.0,0.25,0.3333333333333333,0.25,0.5,0.3333333333333333,0.5,2.75,2.0,2.75,-4.373726229028161,-4.001718406341058,-4.373726229028161,-9.202447275063797,-9.319847514257406,-9.202447275063797,40.25,40.666666666666664,40.25,303.5,336.0,303.5,2.25,2.3333333333333335,2.25,0.0,0.0,0.0,2.0,2.3333333333333335,2.0,12.222878182108985,14.345667253100727,12.222878182108985,2.056106808235179,3.7113713119630223,2.056106808235179,,,,,,,,,,,,,,,,,,,,,,,,,,
2026_09_CLE_NO,2026,9,NO,CLE,14.0,7.0,-0.005293048360227478,0.00934660255582588,-0.005293048360227478,0.4754726341947437,0.4901726625864557,0.4754726341947437,0.05920330514651001,0.052793949345673476,0.05920330514651001,0.021720757268424613,0.019157088122605363,0.021720757268424613,0.5478089375284998,0.5310655114759082,0.5478089375284998,0.032825762864047925,0.0491337286368859,0.032825762864047925,-0.08292202773960373,-0.08847953817173927,-0.08292202773960373,0.10647199924817373,0.14163443113881255,0.10647199924817373,0.554913966724695,0.5750107369949337,0.554913966724695,0.08623734104312711,0.0863092862653881,0.08623734104312711,0.009666268573346088,0.00930412870711378,0.009666268573346088,0.03646472644512655,0.06437086914393775,0.03646472644512655,0.4990916812655943,0.5014344109996284,0.4990916812655943,0.059016828582045974,0.05752508361204014,0.059016828582045974,0.017808302808302808,0.013162393162393163,0.017808302808302808,0.45693565016130105,0.46170654994184407,0.45693565016130105,0.07129367323799057,0.216478373955558,0.07129367323799057,-0.1719729892608971,-0.2415060652994603,-0.1719729892608971,0.08159016303944597,-0.00020689521473431458,0.08159016303944597,0.5058113159855258,0.46087342131403436,0.5058113159855258,0.09875113080034056,0.08479317440045409,0.09875113080034056,0.012171402724563643,0.016228536966084856,0.012171402724563643,45.0,41.333333333333336,45.0,300.75,264.3333333333333,300.75,2.25,2.0,2.25,0.75,0.3333333333333333,0.75,3.0,2.3333333333333335,3.0,1.740578409076187,2.656544636290428,1.740578409076187,4.253017598071094,6.0725582861308505,4.253017598071094,28.75,31.0,28.75,213.75,216.66666666666666,213.75,1.5,1.6666666666666667,1.5,0.5,0.3333333333333333,0.5,2.75,2.0,2.75,4.134775975382055,7.366408698682321,4.134775975382055,1.71397661613135,-1.1550297611725535,1.71397661613135,,,,,,,,,,,,,,,,,,,,,,,,,,
2026_09_NYG_PHI,2026,9,PHI,NYG,7.0,14.0,-0.04612291219001544,-0.0845576804540676,-0.04612291219001544,0.4368739692061377,0.43543980207877175,0.4368739692061377,0.0624154971951839,0.0538088982210295,0.0624154971951839,0.01895513086830079,0.02527350782440105,0.01895513086830079,0.4532828701865512,0.46507367766167035,0.4532828701865512,-0.17917476706950808,-0.2540589314237278,-0.17917476706950808,-0.022929830756340988,-0.06460872897547452,-0.022929830756340988,0.05983369056922259,0.06294735727753378,0.05983369056922259,0.5001082251082252,0.516017316017316,0.5001082251082252,0.06578005328005329,0.06786546786546788,0.06578005328005329,0.005494505494505495,0.007326007326007327,0.005494505494505495,0.006493002490323427,-0.09920029691903344,0.006493002490323427,0.4428581135938438,0.38433713391459867,0.4428581135938438,0.051001623777754246,0.05045830538788285,0.051001623777754246,0.016860902255639097,0.018095238095238095,0.016860902255639097,0.4351743047395221,0.4405927666797232,0.4351743047395221,0.014663715912634719,-0.2160661405928355,0.014663715912634719,-0.13802534070292533,-0.2042759136584121,-0.13802534070292533,-0.0012634584217439404,-0.05730219699621856,-0.0012634584217439404,0.4851244952411321,0.49091868182688586,0.4851244952411321,0.06845212496097068,0.0858931558619394,0.06845212496097068,0.028107145067410154,0.03209984933719203,0.028107145067410154,28.5,29.666666666666668,28.5,178.25,170.0,178.25,1.75,1.3333333333333333,1.75,0.75,1.0,0.75,3.0,3.0,3.0,-2.2672522574257448,-3.4474617858370693,-2.2672522574257448,-0.40759184242038593,-0.8327695559832003,-0.40759184242038593,26.75,26.0,26.75,177.25,159.66666666666666,177.25,1.5,1.0,1.5,0.75,1.0,0.75,2.75,3.0,2.75,0.7976973932247889,-6.2405540918004165,0.7976973932247889,-3.849986347403323,-9.594501192201585,-3.849986347403323,,,,,,,,,,,,,,,,,,,,,,,,,,
2026_09_LA_WAS,2026,9,WAS,LA,7.0,7.0,-0.029658132563212994,-0.05637507356571366,-0.029658132563212994,0.43337765144568735,0.427043217800599,0.43337765144568735,0.06181612568005379,0.06258023106546855,0.06181612568005379,0.006338254172015404,0.008451005562687205,0.006338254172015404,0.44706818239534474,0.4515125966074476,0.44706818239534474,0.004333421250685879,-0.030387248102538834,0.004333421250685879,-0.11193082254276396,-0.15098220459818143,-0.11193082254276396,0.09265004072306829,0.10047292343004403,0.09265004072306829,0.5141549001222617,0.5384810433002706,0.5141549001222617,0.07169606004614693,0.06618298202231354,0.07169606004614693,0.01558837318330989,0.02078449757774652,0.01558837318330989,-0.006250000793374344,0.06502189785088827,-0.006250000793374344,0.48462104905403874,0.5018827917735442,0.48462104905403874,0.08757771694377327,0.09686979174592654,0.08757771694377327,0.025574517804091586,0.02414910831590321,0.025574517804091586,0.5161766922960953,0.5468214483139856,0.5161766922960953,0.05073602099405059,0.19893208985503819,0.05073602099405059,0.003712331235477047,0.05009166202233184,0.003712331235477047,-0.07489104167677382,-0.147721829577153,-0.07489104167677382,0.4458125042335569,0.40330556120029804,0.4458125042335569,0.04348608006502744,0.03131477342003658,0.04348608006502744,0.010194235588972431,0.009147869674185462,0.010194235588972431,28.75,27.0,28.75,157.25,155.0,157.25,1.75,1.6666666666666667,1.75,0.25,0.3333333333333333,0.25,1.0,1.0,1.0,-0.5671165852674691,-2.0581005987476115,-0.5671165852674691,-3.005027401437662,-2.8582689445465803,-3.005027401437662,40.5,45.666666666666664,40.5,297.25,344.6666666666667,297.25,1.5,2.0,1.5,1.5,1.6666666666666667,1.5,1.5,2.0,1.5,3.3563621536499952,6.345530322934145,3.3563621536499952,0.05398762446581107,1.6348236182919977,0.05398762446581107,,,,,,,,,,,,,,,,,,,,,,,,,,
2026_09_HOU_LAC,2026,9,LAC,HOU,7.0,14.0,-0.16480540260291193,-0.1298451458020771,-0.16480540260291193,0.43657915504166533,0.44769693790501625,0.43657915504166533,0.07560979017823492,0.07930767722689387,0.07560979017823492,0.029900620660975222,0.02911480604259062,0.029900620660975222,0.4449937159614579,0.43203463203463205,0.4449937159614579,-0.1553756493588359,-0.144860128955956,-0.1553756493588359,-0.16545872561455968,-0.11213158877207674,-0.16545872561455968,0.023020096041020576,0.006804844221700135,0.023020096041020576,0.4790728228228229,0.4720970970970971,0.4790728228228229,0.07944551694551694,0.08608608608608609,0.07944551694551694,0.027120870870870874,0.036161161161161165,0.027120870870870874,-0.007104739494929159,-0.04361786369017689,-0.007104739494929159,0.4555751462467881,0.43527235616787857,0.4555751462467881,0.08174329816120861,0.07968703491091551,0.08174329816120861,0.005494505494505495,0.0,0.005494505494505495,0.5078664943791558,0.5253034739870225,0.5078664943791558,0.06468450506761518,0.07407980502283656,0.06468450506761518,-0.16633112135104772,-0.25858544165020897,-0.16633112135104772,0.08258746448108978,0.028771169649626147,0.08258746448108978,0.44833707605691064,0.43857878797637834,0.44833707605691064,0.0816647739862989,0.06908537029018957,0.0816647739862989,0.009036144578313253,0.012048192771084336,0.009036144578313253,29.75,30.666666666666668,29.75,204.0,202.33333333333334,204.0,1.0,1.0,1.0,1.5,1.6666666666666667,1.5,3.0,3.0,3.0,-5.143134782981752,-4.988290938300914,-5.143134782981752,-4.346979795763358,-3.726181019945671,-4.346979795763358,37.75,37.666666666666664,37.75,285.25,289.0,285.25,1.25,1.0,1.25,0.0,0.0,0.0,3.0,3.0,3.0,1.8068844877002688,1.9103650458403614,1.8068844877002688,2.5078010023755493,2.2898421776600375,2.5078010023755493,,,,,,,,,,,,,,,,,,,,,,,,,,
2026_09_LV_SF,2026,9,SF,LV,14.0,7.0,0.2837401253058599,0.33045305973302525,0.2837401253058599,0.5773135621184624,0.5786403050468386,0.5773135621184624,0.11436699114557554,0.12582265486076738,0.11436699114557554,0.00662280701754386,0.0043859649122807015,0.00662280701754386,0.41186891344786086,0.39600539811066127,0.41186891344786086,0.5827797552460245,0.7297295997801805,0.5827797552460245,0.045266618070794115,-0.01315002474972668,0.045266618070794115,0.030823408413467847,0.11445311012667786,0.030823408413467847,0.4847847754253789,0.5021010936019977,0.4847847754253789,0.0319687727726647,0.02272453285111513,0.0319687727726647,0.010013706975327444,0.003401360544217687,0.010013706975327444,0.021463399893859685,0.01777803464231992,0.021463399893859685,0.4786459520012152,0.4759139009139009,0.4786459520012152,0.06554549251917673,0.06546416546416546,0.06554549251917673,0.018853478392952077,0.016366041366041365,0.018853478392952077,0.4730438184663537,0.4973917579551383,0.4730438184663537,0.15941266353436606,0.20818138846405143,0.15941266353436606,-0.21418225715379746,-0.2571573260438323,-0.21418225715379746,-0.09598422869260231,-0.06139371823167424,-0.09598422869260231,0.45225627065010005,0.47993143778987696,0.45225627065010005,0.07824189120014892,0.06842508570276266,0.07824189120014892,0.02905498161850249,0.028483565234926397,0.02905498161850249,28.25,26.333333333333332,28.25,251.75,267.3333333333333,251.75,2.75,2.6666666666666665,2.75,0.25,0.0,0.25,0.0,0.0,0.0,14.896443385994043,18.253382002698416,14.896443385994043,6.132157008781988,7.919023951353924,6.132157008781988,36.0,38.0,36.0,256.5,288.6666666666667,256.5,2.75,2.6666666666666665,2.75,1.0,0.6666666666666666,1.0,1.25,1.6666666666666667,1.25,6.281335473132113,8.244049076723051,6.281335473132113,2.2832901943903203,2.8080865725075603,2.2832901943903203,,,,,,,,,,,,,,,,,,,,,,,,,,
2026_09_GB_NE,2026,9,NE,GB,7.0,10.0,-0.060419780865163704,-0.053636377770297054,-0.060419780865163704,0.46107127507744206,0.46518905053060644,0.46107127507744206,0.08276397200733064,0.09753144985592803,0.08276397200733064,0.03397892035226001,0.03248471431583386,0.03397892035226001,0.4537663254886556,0.4491776114740516,0.4537663254886556,-0.11651124840408737,-0.11255801495557961,-0.11651124840408737,0.0033094769725084995,0.033700162535733214,0.0033094769725084995,0.014683888407503457,-0.005354046901429298,0.014683888407503457,0.4708552936524144,0.46961496780773887,0.4708552936524144,0.07344796862996782,0.06403231975521133,0.07344796862996782,0.016639175750621533,0.022185567667495378,0.016639175750621533,-0.03510056544351925,-0.014193070887323482,-0.03510056544351925,0.45264505185391263,0.4646378469163279,0.45264505185391263,0.062887165577039,0.04813526838843294,0.062887165577039,0.02089959969706805,0.01992962499291613,0.02089959969706805,0.5592885674514314,0.5587262200165426,0.5592885674514314,0.03467342086398541,0.06582286617860096,0.03467342086398541,-0.36062054344857286,-0.33781668758934075,-0.36062054344857286,0.046801226320419886,0.0538874934141507,0.046801226320419886,0.4875537458165714,0.5104320214491223,0.4875537458165714,0.055777742927866907,0.06536131489481353,0.055777742927866907,0.013710105583715666,0.013775636273783051,0.013710105583715666,29.25,28.0,29.25,213.5,225.33333333333334,213.5,1.0,1.0,1.0,1.75,1.3333333333333333,1.75,2.5,2.3333333333333335,2.5,-2.2567784958981347,-1.4685866095355185,-2.2567784958981347,2.080397172537725,0.7837126770662883,2.080397172537725,38.5,37.333333333333336,38.5,260.25,218.0,260.25,2.0,2.0,2.0,0.75,0.6666666666666666,0.75,2.0,1.3333333333333333,2.0,1.1523960315345447,2.437743406603932,1.1523960315345447,-6.6163849212516395,-5.603828397431513,-6.6163849212516395,,,,,,,,,,,,,,,,,,,,,,,,,,
2026_09_ARI_SEA,2026,9,SEA,ARI,6.0,7.0,0.06962581722046447,0.06790185818251875,0.06962581722046447,0.4933006507865265,0.4995421106532218,0.4933006507865265,0.08398499570815955,0.0780816891928003,0.08398499570815955,0.019262769262769264,0.025683692350359017,0.019262769262769264,0.4309138347035496,0.425126492248411,0.4309138347035496,0.16643086328697054,0.16590206254841208,0.16643086328697054,-0.1688324932304218,-0.20471159713694417,-0.1688324932304218,-0.10749100122304668,-0.11639800491414103,-0.10749100122304668,0.4150128174632777,0.4037777737117206,0.4150128174632777,0.043142821352617704,0.04470324898297745,0.043142821352617704,0.022368572912458883,0.01700425106276569,0.022368572912458883,-0.035179604016143035,-0.07079475585451801,-0.035179604016143035,0.48512565121628104,0.4801675349550414,0.48512565121628104,0.03125888945781419,0.021837249435815744,0.03125888945781419,0.015842537731938652,0.02112338364258487,0.015842537731938652,0.4924503115420499,0.5021288706739527,0.4924503115420499,-0.07808093794245746,-0.18316813379304195,-0.07808093794245746,-0.053516651231944455,-0.0813877511119224,-0.053516651231944455,0.07619913301005453,0.19149423501521148,0.07619913301005453,0.46794930875576035,0.4895238095238095,0.46794930875576035,0.09015500628403854,0.09870129870129869,0.09015500628403854,0.021311269375785508,0.01766233766233766,0.021311269375785508,28.75,31.0,28.75,242.25,260.6666666666667,242.25,2.5,3.0,2.5,0.75,1.0,0.75,1.25,1.3333333333333333,1.25,5.35974044405344,4.998122275349421,5.35974044405344,4.746487511881998,4.735512551102604,4.746487511881998,38.0,38.333333333333336,38.0,204.5,180.33333333333334,204.5,1.5,1.6666666666666667,1.5,1.0,1.3333333333333333,1.0,1.75,2.0,1.75,-1.789957543749424,-5.39089828671698,-1.789957543749424,0.9892456997191476,-0.21630676500089896,0.9892456997191476,,,,,,,,,,,,,,,,,,,,,,,,,,
2026_09_TB_CHI,2026,9,CHI,TB,6.0,7.0,0.1141436378280993,0.019221763327520427,0.1141436378280993,0.5079740860990861,0.48411696328362996,0.5079740860990861,0.0918923861632195,0.08843227246005024,0.0918923861632195,0.017062991021324355,0.015174897119341562,0.017062991021324355,0.4137599428663719,0.4342556813975868,0.4137599428663719,0.19803596807468607,0.11431392938111713,0.19803596807468607,0.0323862323957393,-0.08272822032860595,0.0323862323957393,-0.043727466271272074,-0.10163840856746444,-0.043727466271272074,0.45463631379024827,0.4375070529251503,0.45463631379024827,0.07264670715555553,0.06473376215118247,0.07264670715555553,0.01895513086830079,0.017241379310344827,0.01895513086830079,-0.08614008487593638,-0.09307591013692167,-0.08614008487593638,0.45180602847856366,0.42292085848423877,0.45180602847856366,0.05642654000928649,0.05985077129443326,0.05642654000928649,0.0315042498581231,0.02149284596467695,0.0315042498581231,0.4817907995618839,0.4757210660825119,0.4817907995618839,-0.2553665432504918,-0.2580693202665265,-0.2553665432504918,-0.011232668870502185,0.011929151758878723,-0.011232668870502185,0.010685284145078714,-0.009588248869124153,0.010685284145078714,0.46778024495415793,0.4505468201120375,0.46778024495415793,0.05877030333552073,0.048057374144330665,0.05877030333552073,0.014561639561639562,0.015086515086515087,0.014561639561639562,30.75,31.333333333333332,30.75,230.5,217.66666666666666,230.5,1.0,0.6666666666666666,1.0,0.5,0.6666666666666666,0.5,1.5,1.3333333333333333,1.5,8.176464170546858,4.713523170106895,8.176464170546858,5.433587391452958,1.7180039022315883,5.433587391452958,30.75,31.666666666666668,30.75,190.75,182.33333333333334,190.75,0.75,1.0,0.75,1.0,1.3333333333333333,1.0,4.0,4.0,4.0,-8.543065631932876,-9.587247694064805,-8.543065631932876,1.1619188566879113,-3.1242621736926623,1.1619188566879113,,,,,,,,,,,,,,,,,,,,,,,,,,
2026_09_BUF_MIN,2026,9,MIN,BUF,8.0,8.0,-0.024195758249175733,-0.04077515267864346,-0.024195758249175733,0.39842937574185144,0.3915995280161623,0.39842937574185144,0.05784997006333967,0.06812428440877721,0.05784997006333967,0.006756756756756757,0.0045045045045045045,0.006756756756756757,0.4234687810508992,0.43849891527507284,0.4234687810508992,-0.08832344442676934,-0.12394098261348968,-0.08832344442676934,-0.10269216522773571,-0.1189112699376209,-0.10269216522773571,-0.15515538262958883,-0.17426616046874957,-0.15515538262958883,0.3810449735449736,0.36917107583774245,0.3810449735449736,0.07540564373897707,0.06482657260435037,0.07540564373897707,0.023077601410934744,0.022833627278071724,0.023077601410934744,0.19389511142951354,0.17718136558085787,0.19389511142951354,0.5192702630669048,0.5331563706563708,0.5192702630669048,0.1229492018671123,0.12413127413127413,0.1229492018671123,0.024034749034749035,0.032046332046332046,0.024034749034749035,0.4584856382138586,0.44969802266898323,0.4584856382138586,0.20221865158416258,0.11821836954928329,0.20221865158416258,0.13684891029334226,0.22602513157811643,0.13684891029334226,0.09736157266317838,0.09567055252063317,0.09736157266317838,0.5302788797204284,0.5348773341327324,0.5302788797204284,0.09363335845093104,0.09554044863054544,0.09363335845093104,0.014623611682435212,0.01217214158390629,0.014623611682435212,26.25,28.666666666666668,26.25,172.75,186.0,172.75,1.0,0.3333333333333333,1.0,0.25,0.3333333333333333,0.25,3.25,3.3333333333333335,3.25,-1.8144806876133537,-4.081678120415504,-1.8144806876133537,-2.9832216492412904,-1.5571783016386782,-2.9832216492412904,29.75,30.0,29.75,259.75,235.0,259.75,1.5,1.3333333333333333,1.5,0.75,1.0,0.75,2.25,2.3333333333333335,2.25,8.485946157317821,6.469586901076558,8.485946157317821,5.820897312309498,5.047367988961665,5.820897312309498,,,,,,,,,,,,,,,,,,,,,,,,,,
2026_10_WAS_NYG,2026,10,NYG,WAS,4.0,4.0,0.006493002490323427,-0.09920029691903344,0.006493002490323427,0.4428581135938438,0.38433713391459867,0.4428581135938438,0.051001623777754246,0.05045830538788285,0.051001623777754246,0.016860902255639097,0.018095238095238095,0.016860902255639097,0.4351743047395221,0.4405927666797232,0.4351743047395221,0.014663715912634719,-0.2160661405928355,0.014663715912634719,-0.13802534070292533,-0.2042759136584121,-0.13802534070292533,-0.0012634584217439404,-0.05730219699621856,-0.0012634584217439404,0.4851244952411321,0.49091868182688586,0.4851244952411321,0.06845212496097068,0.0858931558619394,0.06845212496097068,0.028107145067410154,0.03209984933719203,0.028107145067410154,-0.029658132563212994,-0.05637507356571366,-0.029658132563212994,0.43337765144568735,0.427043217800599,0.43337765144568735,0.06181612568005379,0.06258023106546855,0.06181612568005379,0.006338254172015404,0.008451005562687205,0.006338254172015404,0.44706818239534474,0.4515125966074476,0.44706818239534474,0.004333421250685879,-0.030387248102538834,0.004333421250685879,-0.11193082254276396,-0.15098220459818143,-0.11193082254276396,0.09265004072306829,0.10047292343004403,0.09265004072306829,0.5141549001222617,0.5384810433002706,0.5141549001222617,0.07169606004614693,0.06618298202231354,0.07169606004614693,0.01558837318330989,0.02078449757774652,0.01558837318330989,26.75,26.0,26.75,177.25,159.66666666666666,177.25,1.5,1.0,1.5,0.75,1.0,0.75,2.75,3.0,2.75,0.7976973932247889,-6.2405540918004165,0.7976973932247889,-3.849986347403323,-9.594501192201585,-3.849986347403323,28.75,27.0,28.75,157.25,155.0,157.25,1.75,1.6666666666666667,1.75,0.25,0.3333333333333333,0.25,1.0,1.0,1.0,-0.5671165852674691,-2.0581005987476115,-0.5671165852674691,-3.005027401437662,-2.8582689445465803,-3.005027401437662,,,,,,,,,,,,,,,,,,,,,,,,,,
2026_10_NE_DET,2026,10,DET,NE,7.0,7.0,0.15670622136136952,0.2086133939564069,0.15670622136136952,0.5523081850134909,0.571536361379995,0.5523081850134909,0.07502982409787108,0.07136593033838008,0.07502982409787108,0.002688172043010753,0.0,0.002688172043010753,0.5190089135872269,0.5454917382628226,0.5190089135872269,0.26255129545484124,0.34392568915045024,0.26255129545484124,-0.06592612583036535,-0.0807579939558867,-0.06592612583036535,0.1665762074666667,0.23850561032501813,0.1665762074666667,0.510404411764706,0.536748366013072,0.510404411764706,0.10730392156862745,0.1169281045751634,0.10730392156862745,0.010686274509803922,0.0044444444444444444,0.010686274509803922,-0.060419780865163704,-0.053636377770297054,-0.060419780865163704,0.46107127507744206,0.46518905053060644,0.46107127507744206,0.08276397200733064,0.09753144985592803,0.08276397200733064,0.03397892035226001,0.03248471431583386,0.03397892035226001,0.4537663254886556,0.4491776114740516,0.4537663254886556,-0.11651124840408737,-0.11255801495557961,-0.11651124840408737,0.0033094769725084995,0.033700162535733214,0.0033094769725084995,0.014683888407503457,-0.005354046901429298,0.014683888407503457,0.4708552936524144,0.46961496780773887,0.4708552936524144,0.07344796862996782,0.06403231975521133,0.07344796862996782,0.016639175750621533,0.022185567667495378,0.016639175750621533,40.25,40.666666666666664,40.25,303.5,336.0,303.5,2.25,2.3333333333333335,2.25,0.0,0.0,0.0,2.0,2.3333333333333335,2.0,12.222878182108985,14.345667253100727,12.222878182108985,2.056106808235179,3.7113713119630223,2.056106808235179,29.25,28.0,29.25,213.5,225.33333333333334,213.5,1.0,1.0,1.0,1.75,1.3333333333333333,1.75,2.5,2.3333333333333335,2.5,-2.2567784958981347,-1.4685866095355185,-2.2567784958981347,2.080397172537725,0.7837126770662883,2.080397172537725,,,,,,,,,,,,,,,,,,,,,,,,,,
2026_10_KC_ATL,2026,10,ATL,KC,7.0,7.0,-0.026019571301306138,0.05796899575357858,-0.026019571301306138,0.5139868002677601,0.5501805985552116,0.5139868002677601,0.08904929503807213,0.09170536635706915,0.08904929503807213,0.025671230440967283,0.025219298245614034,0.025671230440967283,0.3636731385809049,0.3661760569206585,0.3636731385809049,-0.11227903529296565,0.05240420208961133,-0.11227903529296565,0.09627633399283132,0.1556026228577863,0.09627633399283132,-0.04486357267602255,0.018880948604963727,-0.04486357267602255,0.4452458897133712,0.4603278529511616,0.4452458897133712,0.055445584169940346,0.05614966778214268,0.055445584169940346,0.009371453513749455,0.008050826907221495,0.009371453513749455,0.15427030993447494,0.14577192948143947,0.15427030993447494,0.5378611594590976,0.5526460481099656,0.5378611594590976,0.0975898156825992,0.09981672394043528,0.0975898156825992,0.007413419913419914,0.005555555555555556,0.007413419913419914,0.4394608780009779,0.4587548548784968,0.4394608780009779,0.19644463331241604,0.2883840098737328,0.19644463331241604,0.1264897111985765,0.046508365582302036,0.1264897111985765,-0.02749620394404522,0.029840521115013247,-0.02749620394404522,0.46930291766630383,0.47273175907419746,0.46930291766630383,0.06833424043958551,0.08564783971179707,0.06833424043958551,0.023495781197477333,0.020398746514669233,0.023495781197477333,21.0,20.666666666666668,21.0,177.0,188.33333333333334,177.0,0.75,0.6666666666666666,0.75,1.25,1.0,1.25,1.5,0.6666666666666666,1.5,-1.9486731724686526,2.6566182478611684,-1.9486731724686526,-4.174953236767758,-2.093933193808626,-4.174953236767758,32.0,33.666666666666664,32.0,259.25,284.3333333333333,259.25,2.25,2.3333333333333335,2.25,0.5,0.3333333333333333,0.5,1.5,1.3333333333333333,1.5,6.446316563629169,9.362365883097056,6.446316563629169,0.7971588863963264,5.035578952105095,0.7971588863963264,,,,,,,,,,,,,,,,,,,,,,,,,,
2026_10_HOU_CLE,2026,10,CLE,HOU,7.0,7.0,0.03646472644512655,0.06437086914393775,0.03646472644512655,0.4990916812655943,0.5014344109996284,0.4990916812655943,0.059016828582045974,0.05752508361204014,0.059016828582045974,0.017808302808302808,0.013162393162393163,0.017808302808302808,0.45693565016130105,0.46170654994184407,0.45693565016130105,0.07129367323799057,0.216478373955558,0.07129367323799057,-0.1719729892608971,-0.2415060652994603,-0.1719729892608971,0.08159016303944597,-0.00020689521473431458,0.08159016303944597,0.5058113159855258,0.46087342131403436,0.5058113159855258,0.09875113080034056,0.08479317440045409,0.09875113080034056,0.012171402724563643,0.016228536966084856,0.012171402724563643,-0.007104739494929159,-0.04361786369017689,-0.007104739494929159,0.4555751462467881,0.43527235616787857,0.4555751462467881,0.08174329816120861,0.07968703491091551,0.08174329816120861,0.005494505494505495,0.0,0.005494505494505495,0.5078664943791558,0.5253034739870225,0.5078664943791558,0.06468450506761518,0.07407980502283656,0.06468450506761518,-0.16633112135104772,-0.25858544165020897,-0.16633112135104772,0.08258746448108978,0.028771169649626147,0.08258746448108978,0.44833707605691064,0.43857878797637834,0.44833707605691064,0.0816647739862989,0.06908537029018957,0.0816647739862989,0.009036144578313253,0.012048192771084336,0.009036144578313253,28.75,31.0,28.75,213.75,216.66666666666666,213.75,1.5,1.6666666666666667,1.5,0.5,0.3333333333333333,0.5,2.75,2.0,2.75,4.134775975382055,7.366408698682321,4.134775975382055,1.71397661613135,-1.1550297611725535,1.71397661613135,37.75,37.666666666666664,37.75,285.25,289.0,285.25,1.25,1.0,1.25,0.0,0.0,0.0,3.0,3.0,3.0,1.8068844877002688,1.9103650458403614,1.8068844877002688,2.5078010023755493,2.2898421776600375,2.5078010023755493,,,,,,,,,,,,,,,,,,,,,,,,,,
2026_10_MIN_GB,2026,10,GB,MIN,7.0,6.0,-0.03510056544351925,-0.014193070887323482,-0.03510056544351925,0.45264505185391263,0.4646378469163279,0.45264505185391263,0.062887165577039,0.04813526838843294,0.062887165577039,0.02089959969706805,0.01992962499291613,0.02089959969706805,0.5592885674514314,0.5587262200165426,0.5592885674514314,0.03467342086398541,0.06582286617860096,0.03467342086398541,-0.36062054344857286,-0.33781668758934075,-0.36062054344857286,0.046801226320419886,0.0538874934141507,0.046801226320419886,0.4875537458165714,0.5104320214491223,0.4875537458165714,0.055777742927866907,0.06536131489481353,0.055777742927866907,0.013710105583715666,0.013775636273783051,0.013710105583715666,-0.024195758249175733,-0.04077515267864346,-0.024195758249175733,0.39842937574185144,0.3915995280161623,0.39842937574185144,0.05784997006333967,0.06812428440877721,0.05784997006333967,0.006756756756756757,0.0045045045045045045,0.006756756756756757,0.4234687810508992,0.43849891527507284,0.4234687810508992,-0.08832344442676934,-0.12394098261348968,-0.08832344442676934,-0.10269216522773571,-0.1189112699376209,-0.10269216522773571,-0.15515538262958883,-0.17426616046874957,-0.15515538262958883,0.3810449735449736,0.36917107583774245,0.3810449735449736,0.07540564373897707,0.06482657260435037,0.07540564373897707,0.023077601410934744,0.022833627278071724,0.023077601410934744,38.5,37.333333333333336,38.5,260.25,218.0,260.25,2.0,2.0,2.0,0.75,0.6666666666666666,0.75,2.0,1.3333333333333333,2.0,1.1523960315345447,2.437743406603932,1.1523960315345447,-6.6163849212516395,-5.603828397431513,-6.6163849212516395,26.25,28.666666666666668,26.25,172.75,186.0,172.75,1.0,0.3333333333333333,1.0,0.25,0.3333333333333333,0.25,3.25,3.3333333333333335,3.25,-1.8144806876133537,-4.081678120415504,-1.8144806876133537,-2.9832216492412904,-1.5571783016386782,-2.9832216492412904,,,,,,,,,,,,,,,,,,,,,,,,,,
2026_10_MIA_IND,2026,10,IND,MIA,7.0,7.0,0.022634621076697316,0.0707973330867281,0.022634621076697316,0.4892823909838584,0.502618067205531,0.4892823909838584,0.07523268638671363,0.0664938233948452,0.07523268638671363,0.025776192275983406,0.024706420619185602,0.025776192275983406,0.45776559725835086,0.4509338398227287,0.45776559725835086,-0.20362434170788263,-0.11763022060584222,-0.20362434170788263,0.12113213959231584,0.12071812908002277,0.12113213959231584,0.06436357819500677,-0.018556061405814634,0.06436357819500677,0.4867591036201997,0.4671939563420844,0.4867591036201997,0.07655633162279933,0.06311406986936015,0.07655633162279933,0.006536226930963773,0.0043859649122807015,0.006536226930963773,-0.14076859746921866,-0.12110620993382935,-0.14076859746921866,0.39069115095430884,0.39784461152882206,0.39069115095430884,0.07566367842683633,0.06498746867167919,0.07566367842683633,0.019271255060728746,0.015438596491228071,0.019271255060728746,0.4362471395881007,0.4149961861174676,0.4362471395881007,-0.2222894383428996,-0.20024126545875817,-0.2222894383428996,-0.055899321524586806,-0.02703969405888808,-0.055899321524586806,0.13925104021792037,0.1748282217410675,0.13925104021792037,0.5269833417153186,0.540363753866039,0.5269833417153186,0.08969207137078258,0.09765960393297328,0.08969207137078258,0.010745614035087718,0.005555555555555556,0.010745614035087718,33.0,33.666666666666664,33.0,188.5,196.0,188.5,0.75,0.6666666666666666,0.75,1.0,1.0,1.0,2.0,2.0,2.0,-5.988214852655161,-4.780209844417336,-5.988214852655161,-1.7621563027547107,-0.662722445343385,-1.7621563027547107,25.75,25.333333333333332,25.75,178.0,164.0,178.0,0.25,0.3333333333333333,0.25,0.5,0.3333333333333333,0.5,2.75,2.0,2.75,-4.373726229028161,-4.001718406341058,-4.373726229028161,-9.202447275063797,-9.319847514257406,-9.202447275063797,,,,,,,,,,,,,,,,,,,,,,,,,,
2026_10_CAR_NO,2026,10,NO,CAR,7.0,7.0,-0.005293048360227478,0.00934660255582588,-0.005293048360227478,0.4754726341947437,0.4901726625864557,0.4754726341947437,0.05920330514651001,0.052793949345673476,0.05920330514651001,0.021720757268424613,0.019157088122605363,0.021720757268424613,0.5478089375284998,0.5310655114759082,0.5478089375284998,0.032825762864047925,0.0491337286368859,0.032825762864047925,-0.08292202773960373,-0.08847953817173927,-0.08292202773960373,0.10647199924817373,0.14163443113881255,0.10647199924817373,0.554913966724695,0.5750107369949337,0.554913966724695,0.08623734104312711,0.0863092862653881,0.08623734104312711,0.009666268573346088,0.00930412870711378,0.009666268573346088,0.11702604375675155,0.11269960480323371,0.11702604375675155,0.4873072411349251,0.48106828938471935,0.4873072411349251,0.08857407316894353,0.08597025016903313,0.08857407316894353,0.008897659603932974,0.0038314176245210726,0.008897659603932974,0.5320202089400499,0.5447512250887908,0.5320202089400499,0.22300513001539274,0.21365398378342618,0.22300513001539274,-0.05775023295628121,-0.09537727561531535,-0.05775023295628121,0.035000205721044356,-0.0863028128152195,0.035000205721044356,0.477022487316605,0.4428481649069885,0.477022487316605,0.06887983340189223,0.05774886877828054,0.06887983340189223,0.024511946386946388,0.025106837606837604,0.024511946386946388,45.0,41.333333333333336,45.0,300.75,264.3333333333333,300.75,2.25,2.0,2.25,0.75,0.3333333333333333,0.75,3.0,2.3333333333333335,3.0,1.740578409076187,2.656544636290428,1.740578409076187,4.253017598071094,6.0725582861308505,4.253017598071094,40.5,41.666666666666664,40.5,317.0,302.3333333333333,317.0,2.25,2.0,2.25,0.5,0.3333333333333333,0.5,2.5,2.6666666666666665,2.5,10.300379856796933,8.560585376453988,10.300379856796933,6.132159628809991,5.964684393882333,6.132159628809991,,,,,,,,,,,,,,,,,,,,,,,,,,
2026_10_BUF_NYJ,2026,10,NYJ,BUF,7.0,6.0,0.027433912679672805,-0.024745242458992612,0.027433912679672805,0.4872290881586234,0.4694586040313176,0.4872290881586234,0.06980557018787903,0.06154256205230718,0.06980557018787903,0.0033333333333333335,0.0044444444444444444,0.0033333333333333335,0.459888958726168,0.5020741671904463,0.459888958726168,0.12044471333778163,0.025108894110670466,0.12044471333778163,-0.163229287570642,-0.22084418451509147,-0.163229287570642,-0.0019136686206546096,0.05444499966074898,-0.0019136686206546096,0.5293509615384615,0.5495512820512821,0.5293509615384615,0.06466346153846153,0.07580128205128205,0.06466346153846153,0.012960737179487179,0.012072649572649571,0.012960737179487179,0.19389511142951354,0.17718136558085787,0.19389511142951354,0.5192702630669048,0.5331563706563708,0.5192702630669048,0.1229492018671123,0.12413127413127413,0.1229492018671123,0.024034749034749035,0.032046332046332046,0.024034749034749035,0.4584856382138586,0.44969802266898323,0.4584856382138586,0.20221865158416258,0.11821836954928329,0.20221865158416258,0.13684891029334226,0.22602513157811643,0.13684891029334226,0.09736157266317838,0.09567055252063317,0.09736157266317838,0.5302788797204284,0.5348773341327324,0.5302788797204284,0.09363335845093104,0.09554044863054544,0.09363335845093104,0.014623611682435212,0.01217214158390629,0.014623611682435212,29.25,31.0,29.25,225.5,229.0,225.5,1.25,1.6666666666666667,1.25,0.0,0.0,0.0,3.0,4.0,3.0,5.0157015971744245,3.4359847614129784,5.0157015971744245,5.5156565927293,3.075535148382187,5.5156565927293,29.75,30.0,29.75,259.75,235.0,259.75,1.5,1.3333333333333333,1.5,0.75,1.0,0.75,2.25,2.3333333333333335,2.25,8.485946157317821,6.469586901076558,8.485946157317821,5.820897312309498,5.047367988961665,5.820897312309498,,,,,,,,,,,,,,,,,,,,,,,,,,
2026_10_JAX_TEN,2026,10,TEN,JAX,14.0,10.0,-0.08613970667452825,-0.05785638441108254,-0.08613970667452825,0.45301058329615707,0.44776411106154274,0.45301058329615707,0.06337062249059972,0.07407749665413295,0.06337062249059972,0.018301444697597348,0.0191935929301298,0.018301444697597348,0.47286633403361344,0.4481967787114846,0.47286633403361344,-0.12028579062453473,-0.09036911373240779,-0.12028579062453473,-0.011253756088963715,-0.05164045572881565,-0.011253756088963715,0.10522877133938018,0.07898123575395055,0.10522877133938018,0.48157215080344223,0.46191602089107603,0.48157215080344223,0.07996914188921657,0.07509399098742388,0.07996914188921657,0.006024096385542169,0.008032128514056226,0.006024096385542169,0.1806901514807951,0.13192642270706453,0.1806901514807951,0.540006038647343,0.506466384863124,0.540006038647343,0.08712635869565218,0.06929347826086957,0.08712635869565218,0.007095410628019324,0.009460547504025765,0.007095410628019324,0.41920826429163216,0.4339443523888429,0.41920826429163216,0.3137043547700914,0.15408530987731625,0.3137043547700914,0.06556005055766415,0.10004080026360397,0.06556005055766415,-0.029490075920002308,-0.02356886734290074,-0.029490075920002308,0.47259979862591805,0.4661119008133934,0.47259979862591805,0.07574478796493722,0.07982902945589514,0.07574478796493722,0.028036898839137646,0.02680052120350628,0.028036898839137646,29.75,29.0,29.75,181.5,195.33333333333334,181.5,0.75,0.6666666666666666,0.75,0.5,0.6666666666666666,0.5,1.5,1.0,1.5,-3.379584406637437,-2.0556946270059013,-3.379584406637437,3.4139458071283935,4.422012252800939,3.4139458071283935,26.0,27.0,26.0,210.75,199.33333333333334,210.75,2.0,1.3333333333333333,2.0,0.5,0.6666666666666666,0.5,2.0,2.3333333333333335,2.0,7.936949496801796,4.242107413481726,7.936949496801796,10.380772024171124,6.399239413026021,10.380772024171124,,,,,,,,,,,,,,,,,,,,,,,,,,
2026_10_LA_ARI,2026,10,ARI,LA,7.0,7.0,-0.035179604016143035,-0.07079475585451801,-0.035179604016143035,0.48512565121628104,0.4801675349550414,0.48512565121628104,0.03125888945781419,0.021837249435815744,0.03125888945781419,0.015842537731938652,0.02112338364258487,0.015842537731938652,0.4924503115420499,0.5021288706739527,0.4924503115420499,-0.07808093794245746,-0.18316813379304195,-0.07808093794245746,-0.053516651231944455,-0.0813877511119224,-0.053516651231944455,0.07619913301005453,0.19149423501521148,0.07619913301005453,0.46794930875576035,0.4895238095238095,0.46794930875576035,0.09015500628403854,0.09870129870129869,0.09015500628403854,0.021311269375785508,0.01766233766233766,0.021311269375785508,-0.006250000793374344,0.06502189785088827,-0.006250000793374344,0.48462104905403874,0.5018827917735442,0.48462104905403874,0.08757771694377327,0.09686979174592654,0.08757771694377327,0.025574517804091586,0.02414910831590321,0.025574517804091586,0.5161766922960953,0.5468214483139856,0.5161766922960953,0.05073602099405059,0.19893208985503819,0.05073602099405059,0.003712331235477047,0.05009166202233184,0.003712331235477047,-0.07489104167677382,-0.147721829577153,-0.07489104167677382,0.4458125042335569,0.40330556120029804,0.4458125042335569,0.04348608006502744,0.03131477342003658,0.04348608006502744,0.010194235588972431,0.009147869674185462,0.010194235588972431,38.0,38.333333333333336,38.0,204.5,180.33333333333334,204.5,1.5,1.6666666666666667,1.5,1.0,1.3333333333333333,1.0,1.75,2.0,1.75,-1.789957543749424,-5.39089828671698,-1.789957543749424,0.9892456997191476,-0.21630676500089896,0.9892456997191476,40.5,45.666666666666664,40.5,297.25,344.6666666666667,297.25,1.5,2.0,1.5,1.5,1.6666666666666667,1.5,1.5,2.0,1.5,3.3563621536499952,6.345530322934145,3.3563621536499952,0.05398762446581107,1.6348236182919977,0.05398762446581107,,,,,,,,,,,,,,,,,,,,,,,,,,
2026_10_SEA_LV,2026,10,LV,SEA,7.0,7.0,0.021463399893859685,0.01777803464231992,0.021463399893859685,0.4786459520012152,0.4759139009139009,0.4786459520012152,0.06554549251917673,0.06546416546416546,0.06554549251917673,0.018853478392952077,0.016366041366041365,0.018853478392952077,0.4730438184663537,0.4973917579551383,0.4730438184663537,0.15941266353436606,0.20818138846405143,0.15941266353436606,-0.21418225715379746,-0.2571573260438323,-0.21418225715379746,-0.09598422869260231,-0.06139371823167424,-0.09598422869260231,0.45225627065010005,0.47993143778987696,0.45225627065010005,0.07824189120014892,0.06842508570276266,0.07824189120014892,0.02905498161850249,0.028483565234926397,0.02905498161850249,0.06962581722046447,0.06790185818251875,0.06962581722046447,0.4933006507865265,0.4995421106532218,0.4933006507865265,0.08398499570815955,0.0780816891928003,0.08398499570815955,0.019262769262769264,0.025683692350359017,0.019262769262769264,0.4309138347035496,0.425126492248411,0.4309138347035496,0.16643086328697054,0.16590206254841208,0.16643086328697054,-0.1688324932304218,-0.20471159713694417,-0.1688324932304218,-0.10749100122304668,-0.11639800491414103,-0.10749100122304668,0.4150128174632777,0.4037777737117206,0.4150128174632777,0.043142821352617704,0.04470324898297745,0.043142821352617704,0.022368572912458883,0.01700425106276569,0.022368572912458883,36.0,38.0,36.0,256.5,288.6666666666667,256.5,2.75,2.6666666666666665,2.75,1.0,0.6666666666666666,1.0,1.25,1.6666666666666667,1.25,6.281335473132113,8.244049076723051,6.281335473132113,2.2832901943903203,2.8080865725075603,2.2832901943903203,28.75,31.0,28.75,242.25,260.6666666666667,242.25,2.5,3.0,2.5,0.75,1.0,0.75,1.25,1.3333333333333333,1.25,5.35974044405344,4.998122275349421,5.35974044405344,4.746487511881998,4.735512551102604,4.746487511881998,,,,,,,,,,,,,,,,,,,,,,,,,,
2026_10_SF_DAL,2026,10,DAL,SF,7.0,7.0,0.16012706161710769,0.15788516305558356,0.16012706161710769,0.5234810596609654,0.542060767719997,0.5234810596609654,0.0532659435811631,0.06564491402219597,0.0532659435811631,0.0069058212829069335,0.0038314176245210726,0.0069058212829069335,0.5171555864817285,0.5067450830509069,0.5171555864817285,0.29203132298283724,0.2876015407951354,0.29203132298283724,-0.020189098131197084,-0.04717694437999781,-0.020189098131197084,0.16746099151762128,0.11542368845069702,0.16746099151762128,0.5351058092081313,0.5073340614003156,0.5351058092081313,0.10101677108679964,0.11714516846661005,0.10101677108679964,0.006338254172015404,0.0040650406504065045,0.006338254172015404,0.2837401253058599,0.33045305973302525,0.2837401253058599,0.5773135621184624,0.5786403050468386,0.5773135621184624,0.11436699114557554,0.12582265486076738,0.11436699114557554,0.00662280701754386,0.0043859649122807015,0.00662280701754386,0.41186891344786086,0.39600539811066127,0.41186891344786086,0.5827797552460245,0.7297295997801805,0.5827797552460245,0.045266618070794115,-0.01315002474972668,0.045266618070794115,0.030823408413467847,0.11445311012667786,0.030823408413467847,0.4847847754253789,0.5021010936019977,0.4847847754253789,0.0319687727726647,0.02272453285111513,0.0319687727726647,0.010013706975327444,0.003401360544217687,0.010013706975327444,37.5,38.666666666666664,37.5,266.25,296.6666666666667,266.25,2.0,2.0,2.0,0.25,0.0,0.25,1.5,2.0,1.5,12.159050178521934,12.751765983175227,12.159050178521934,6.298653113689049,5.8215819502486434,6.298653113689049,28.25,26.333333333333332,28.25,251.75,267.3333333333333,251.75,2.75,2.6666666666666665,2.75,0.25,0.0,0.25,0.0,0.0,0.0,14.896443385994043,18.253382002698416,14.896443385994043,6.132157008781988,7.919023951353924,6.132157008781988,,,,,,,,,,,,,,,,,,,,,,,,,,
2026_10_PIT_CIN,2026,10,CIN,PIT,7.0,14.0,0.09201308181827032,0.09884881469513133,0.09201308181827032,0.48556511056511054,0.4742599742599743,0.48556511056511054,0.07275944775944776,0.0667095667095667,0.07275944775944776,0.01267135642135642,0.012566137566137565,0.01267135642135642,0.5481547168958145,0.5729782190189808,0.5481547168958145,0.10733583649416452,0.1674380881257543,0.10733583649416452,-0.08384502616603288,-0.14423211792592597,-0.08384502616603288,0.04699424642761679,0.08443653160114924,0.04699424642761679,0.4886801491081382,0.47208635265700477,0.4886801491081382,0.08980687941285767,0.10435789049919485,0.08980687941285767,0.02263099219620959,0.00966183574879227,0.02263099219620959,-0.05865213980463708,0.0004961924334776976,-0.05865213980463708,0.4671707765037606,0.4895610353383475,0.4671707765037606,0.07658311183542543,0.08433303800278946,0.07658311183542543,0.022776646036642544,0.025924416937745613,0.022776646036642544,0.5499782059365834,0.5396105808884176,0.5499782059365834,-0.13070207208742093,-0.06628752703161858,-0.13070207208742093,-0.02495502485644363,0.050795171167058784,-0.02495502485644363,0.018119392676324793,0.11682094772375318,0.018119392676324793,0.49675457715780297,0.5272043010752688,0.49675457715780297,0.0900283347863993,0.09301075268817204,0.0900283347863993,0.024960161774677907,0.024271206690561528,0.024960161774677907,39.25,40.666666666666664,39.25,292.75,305.6666666666667,292.75,1.75,2.0,1.75,0.75,0.6666666666666666,0.75,2.25,2.6666666666666665,2.25,4.716609270158397,7.164463381018454,4.716609270158397,4.632584458671904,4.059535021751475,4.632584458671904,38.25,37.666666666666664,38.25,249.75,259.3333333333333,249.75,1.75,2.0,1.75,1.0,1.3333333333333333,1.0,3.25,3.6666666666666665,3.25,-4.5747589667659625,-3.4869635321114525,-4.5747589667659625,-3.4437064553965655,-5.003102898238917,-3.4437064553965655,,,,,,,,,,,,,,,,,,,,,,,,,,
2026_10_LAC_BAL,2026,10,BAL,LAC,11.0,8.0,0.16064151754950937,0.10981452440018885,0.16064151754950937,0.5464133876074174,0.5467330016583748,0.5464133876074174,0.111210828972023,0.10932006633499171,0.111210828972023,0.006978096530335336,0.004975124378109453,0.006978096530335336,0.3820982923221729,0.39390883420734163,0.3820982923221729,0.3656025607512006,0.36212635779913627,0.3656025607512006,0.05693271481630258,-0.01734681333870776,0.05693271481630258,0.02066703118038173,0.06817387989164064,0.02066703118038173,0.4699920480586486,0.4768976099719178,0.4699920480586486,0.07681628821587012,0.06860529250038722,0.07681628821587012,0.01716219355111177,0.013221088986023422,0.01716219355111177,-0.16480540260291193,-0.1298451458020771,-0.16480540260291193,0.43657915504166533,0.44769693790501625,0.43657915504166533,0.07560979017823492,0.07930767722689387,0.07560979017823492,0.029900620660975222,0.02911480604259062,0.029900620660975222,0.4449937159614579,0.43203463203463205,0.4449937159614579,-0.1553756493588359,-0.144860128955956,-0.1553756493588359,-0.16545872561455968,-0.11213158877207674,-0.16545872561455968,0.023020096041020576,0.006804844221700135,0.023020096041020576,0.4790728228228229,0.4720970970970971,0.4790728228228229,0.07944551694551694,0.08608608608608609,0.07944551694551694,0.027120870870870874,0.036161161161161165,0.027120870870870874,24.0,23.666666666666668,24.0,241.75,214.33333333333334,241.75,1.5,1.6666666666666667,1.5,0.25,0.3333333333333333,0.25,1.75,1.6666666666666667,1.75,9.335359061520757,8.999254332877127,9.335359061520757,8.28603445670043,9.447465859267902,8.28603445670043,29.75,30.666666666666668,29.75,204.0,202.33333333333334,204.0,1.0,1.0,1.0,1.5,1.6666666666666667,1.5,3.0,3.0,3.0,-5.143134782981752,-4.988290938300914,-5.143134782981752,-4.346979795763358,-3.726181019945671,-4.346979795763358,,,,,,,,,,,,,,,,,,,,,,,,,,
2026_11_IND_HOU,2026,11,HOU,IND,4.0,4.0,-0.007104739494929159,-0.04361786369017689,-0.007104739494929159,0.4555751462467881,0.43527235616787857,0.4555751462467881,0.08174329816120861,0.07968703491091551,0.08174329816120861,0.005494505494505495,0.0,0.005494505494505495,0.5078664943791558,0.5253034739870225,0.5078664943791558,0.06468450506761518,0.07407980502283656,0.06468450506761518,-0.16633112135104772,-0.25858544165020897,-0.16633112135104772,0.08258746448108978,0.028771169649626147,0.08258746448108978,0.44833707605691064,0.43857878797637834,0.44833707605691064,0.0816647739862989,0.06908537029018957,0.0816647739862989,0.009036144578313253,0.012048192771084336,0.009036144578313253,0.022634621076697316,0.0707973330867281,0.022634621076697316,0.4892823909838584,0.502618067205531,0.4892823909838584,0.07523268638671363,0.0664938233948452,0.07523268638671363,0.025776192275983406,0.024706420619185602,0.025776192275983406,0.45776559725835086,0.4509338398227287,0.45776559725835086,-0.20362434170788263,-0.11763022060584222,-0.20362434170788263,0.12113213959231584,0.12071812908002277,0.12113213959231584,0.06436357819500677,-0.018556061405814634,0.06436357819500677,0.4867591036201997,0.4671939563420844,0.4867591036201997,0.07655633162279933,0.06311406986936015,0.07655633162279933,0.006536226930963773,0.0043859649122807015,0.006536226930963773,37.75,37.666666666666664,37.75,285.25,289.0,285.25,1.25,1.0,1.25,0.0,0.0,0.0,3.0,3.0,3.0,1.8068844877002688,1.9103650458403614,1.8068844877002688,2.5078010023755493,2.2898421776600375,2.5078010023755493,33.0,33.666666666666664,33.0,188.5,196.0,188.5,0.75,0.6666666666666666,0.75,1.0,1.0,1.0,2.0,2.0,2.0,-5.988214852655161,-4.780209844417336,-5.988214852655161,-1.7621563027547107,-0.662722445343385,-1.7621563027547107,,,,,,,,,,,,,,,,,,,,,,,,,,
2026_11_MIA_BUF,2026,11,BUF,MIA,7.0,7.0,0.19389511142951354,0.17718136558085787,0.19389511142951354,0.5192702630669048,0.5331563706563708,0.5192702630669048,0.1229492018671123,0.12413127413127413,0.1229492018671123,0.024034749034749035,0.032046332046332046,0.024034749034749035,0.4584856382138586,0.44969802266898323,0.4584856382138586,0.20221865158416258,0.11821836954928329,0.20221865158416258,0.13684891029334226,0.22602513157811643,0.13684891029334226,0.09736157266317838,0.09567055252063317,0.09736157266317838,0.5302788797204284,0.5348773341327324,0.5302788797204284,0.09363335845093104,0.09554044863054544,0.09363335845093104,0.014623611682435212,0.01217214158390629,0.014623611682435212,-0.14076859746921866,-0.12110620993382935,-0.14076859746921866,0.39069115095430884,0.39784461152882206,0.39069115095430884,0.07566367842683633,0.06498746867167919,0.07566367842683633,0.019271255060728746,0.015438596491228071,0.019271255060728746,0.4362471395881007,0.4149961861174676,0.4362471395881007,-0.2222894383428996,-0.20024126545875817,-0.2222894383428996,-0.055899321524586806,-0.02703969405888808,-0.055899321524586806,0.13925104021792037,0.1748282217410675,0.13925104021792037,0.5269833417153186,0.540363753866039,0.5269833417153186,0.08969207137078258,0.09765960393297328,0.08969207137078258,0.010745614035087718,0.005555555555555556,0.010745614035087718,29.75,30.0,29.75,259.75,235.0,259.75,1.5,1.3333333333333333,1.5,0.75,1.0,0.75,2.25,2.3333333333333335,2.25,8.485946157317821,6.469586901076558,8.485946157317821,5.820897312309498,5.047367988961665,5.820897312309498,25.75,25.333333333333332,25.75,178.0,164.0,178.0,0.25,0.3333333333333333,0.25,0.5,0.3333333333333333,0.5,2.75,2.0,2.75,-4.373726229028161,-4.001718406341058,-4.373726229028161,-9.202447275063797,-9.319847514257406,-9.202447275063797,,,,,,,,,,,,,,,,,,,,,,,,,,
2026_11_BAL_CAR,2026,11,CAR,BAL,7.0,6.0,0.11702604375675155,0.11269960480323371,0.11702604375675155,0.4873072411349251,0.48106828938471935,0.4873072411349251,0.08857407316894353,0.08597025016903313,0.08857407316894353,0.008897659603932974,0.0038314176245210726,0.008897659603932974,0.5320202089400499,0.5447512250887908,0.5320202089400499,0.22300513001539274,0.21365398378342618,0.22300513001539274,-0.05775023295628121,-0.09537727561531535,-0.05775023295628121,0.035000205721044356,-0.0863028128152195,0.035000205721044356,0.477022487316605,0.4428481649069885,0.477022487316605,0.06887983340189223,0.05774886877828054,0.06887983340189223,0.024511946386946388,0.025106837606837604,0.024511946386946388,0.16064151754950937,0.10981452440018885,0.16064151754950937,0.5464133876074174,0.5467330016583748,0.5464133876074174,0.111210828972023,0.10932006633499171,0.111210828972023,0.006978096530335336,0.004975124378109453,0.006978096530335336,0.3820982923221729,0.39390883420734163,0.3820982923221729,0.3656025607512006,0.36212635779913627,0.3656025607512006,0.05693271481630258,-0.01734681333870776,0.05693271481630258,0.02066703118038173,0.06817387989164064,0.02066703118038173,0.4699920480586486,0.4768976099719178,0.4699920480586486,0.07681628821587012,0.06860529250038722,0.07681628821587012,0.01716219355111177,0.013221088986023422,0.01716219355111177,40.5,41.666666666666664,40.5,317.0,302.3333333333333,317.0,2.25,2.0,2.25,0.5,0.3333333333333333,0.5,2.5,2.6666666666666665,2.5,10.300379856796933,8.560585376453988,10.300379856796933,6.132159628809991,5.964684393882333,6.132159628809991,24.0,23.666666666666668,24.0,241.75,214.33333333333334,241.75,1.5,1.6666666666666667,1.5,0.25,0.3333333333333333,0.25,1.75,1.6666666666666667,1.75,9.335359061520757,8.999254332877127,9.335359061520757,8.28603445670043,9.447465859267902,8.28603445670043,,,,,,,,,,,,,,,,,,,,,,,,,,
2026_11_NO_CHI,2026,11,CHI,NO,14.0,7.0,0.1141436378280993,0.019221763327520427,0.1141436378280993,0.5079740860990861,0.48411696328362996,0.5079740860990861,0.0918923861632195,0.08843227246005024,0.0918923861632195,0.017062991021324355,0.015174897119341562,0.017062991021324355,0.4137599428663719,0.4342556813975868,0.4137599428663719,0.19803596807468607,0.11431392938111713,0.19803596807468607,0.0323862323957393,-0.08272822032860595,0.0323862323957393,-0.043727466271272074,-0.10163840856746444,-0.043727466271272074,0.45463631379024827,0.4375070529251503,0.45463631379024827,0.07264670715555553,0.06473376215118247,0.07264670715555553,0.01895513086830079,0.017241379310344827,0.01895513086830079,-0.005293048360227478,0.00934660255582588,-0.005293048360227478,0.4754726341947437,0.4901726625864557,0.4754726341947437,0.05920330514651001,0.052793949345673476,0.05920330514651001,0.021720757268424613,0.019157088122605363,0.021720757268424613,0.5478089375284998,0.5310655114759082,0.5478089375284998,0.032825762864047925,0.0491337286368859,0.032825762864047925,-0.08292202773960373,-0.08847953817173927,-0.08292202773960373,0.10647199924817373,0.14163443113881255,0.10647199924817373,0.554913966724695,0.5750107369949337,0.554913966724695,0.08623734104312711,0.0863092862653881,0.08623734104312711,0.009666268573346088,0.00930412870711378,0.009666268573346088,30.75,31.333333333333332,30.75,230.5,217.66666666666666,230.5,1.0,0.6666666666666666,1.0,0.5,0.6666666666666666,0.5,1.5,1.3333333333333333,1.5,8.176464170546858,4.713523170106895,8.176464170546858,5.433587391452958,1.7180039022315883,5.433587391452958,45.0,41.333333333333336,45.0,300.75,264.3333333333333,300.75,2.25,2.0,2.25,0.75,0.3333333333333333,0.75,3.0,2.3333333333333335,3.0,1.740578409076187,2.656544636290428,1.740578409076187,4.253017598071094,6.0725582861308505,4.253017598071094,,,,,,,,,,,,,,,,,,,,,,,,,,
2026_11_TEN_DAL,2026,11,DAL,TEN,7.0,7.0,0.16012706161710769,0.15788516305558356,0.16012706161710769,0.5234810596609654,0.542060767719997,0.5234810596609654,0.0532659435811631,0.06564491402219597,0.0532659435811631,0.0069058212829069335,0.0038314176245210726,0.0069058212829069335,0.5171555864817285,0.5067450830509069,0.5171555864817285,0.29203132298283724,0.2876015407951354,0.29203132298283724,-0.020189098131197084,-0.04717694437999781,-0.020189098131197084,0.16746099151762128,0.11542368845069702,0.16746099151762128,0.5351058092081313,0.5073340614003156,0.5351058092081313,0.10101677108679964,0.11714516846661005,0.10101677108679964,0.006338254172015404,0.0040650406504065045,0.006338254172015404,-0.08613970667452825,-0.05785638441108254,-0.08613970667452825,0.45301058329615707,0.44776411106154274,0.45301058329615707,0.06337062249059972,0.07407749665413295,0.06337062249059972,0.018301444697597348,0.0191935929301298,0.018301444697597348,0.47286633403361344,0.4481967787114846,0.47286633403361344,-0.12028579062453473,-0.09036911373240779,-0.12028579062453473,-0.011253756088963715,-0.05164045572881565,-0.011253756088963715,0.10522877133938018,0.07898123575395055,0.10522877133938018,0.48157215080344223,0.46191602089107603,0.48157215080344223,0.07996914188921657,0.07509399098742388,0.07996914188921657,0.006024096385542169,0.008032128514056226,0.006024096385542169,37.5,38.666666666666664,37.5,266.25,296.6666666666667,266.25,2.0,2.0,2.0,0.25,0.0,0.25,1.5,2.0,1.5,12.159050178521934,12.751765983175227,12.159050178521934,6.298653113689049,5.8215819502486434,6.298653113689049,29.75,29.0,29.75,181.5,195.33333333333334,181.5,0.75,0.6666666666666666,0.75,0.5,0.6666666666666666,0.5,1.5,1.0,1.5,-3.379584406637437,-2.0556946270059013,-3.379584406637437,3.4139458071283935,4.422012252800939,3.4139458071283935,,,,,,,,,,,,,,,,,,,,,,,,,,
2026_11_TB_DET,2026,11,DET,TB,7.0,14.0,0.15670622136136952,0.2086133939564069,0.15670622136136952,0.5523081850134909,0.571536361379995,0.5523081850134909,0.07502982409787108,0.07136593033838008,0.07502982409787108,0.002688172043010753,0.0,0.002688172043010753,0.5190089135872269,0.5454917382628226,0.5190089135872269,0.26255129545484124,0.34392568915045024,0.26255129545484124,-0.06592612583036535,-0.0807579939558867,-0.06592612583036535,0.1665762074666667,0.23850561032501813,0.1665762074666667,0.510404411764706,0.536748366013072,0.510404411764706,0.10730392156862745,0.1169281045751634,0.10730392156862745,0.010686274509803922,0.0044444444444444444,0.010686274509803922,-0.08614008487593638,-0.09307591013692167,-0.08614008487593638,0.45180602847856366,0.42292085848423877,0.45180602847856366,0.05642654000928649,0.05985077129443326,0.05642654000928649,0.0315042498581231,0.02149284596467695,0.0315042498581231,0.4817907995618839,0.4757210660825119,0.4817907995618839,-0.2553665432504918,-0.2580693202665265,-0.2553665432504918,-0.011232668870502185,0.011929151758878723,-0.011232668870502185,0.010685284145078714,-0.009588248869124153,0.010685284145078714,0.46778024495415793,0.4505468201120375,0.46778024495415793,0.05877030333552073,0.048057374144330665,0.05877030333552073,0.014561639561639562,0.015086515086515087,0.014561639561639562,40.25,40.666666666666664,40.25,303.5,336.0,303.5,2.25,2.3333333333333335,2.25,0.0,0.0,0.0,2.0,2.3333333333333335,2.0,12.222878182108985,14.345667253100727,12.222878182108985,2.056106808235179,3.7113713119630223,2.056106808235179,30.75,31.666666666666668,30.75,190.75,182.33333333333334,190.75,0.75,1.0,0.75,1.0,1.3333333333333333,1.0,4.0,4.0,4.0,-8.543065631932876,-9.587247694064805,-8.543065631932876,1.1619188566879113,-3.1242621736926623,1.1619188566879113,,,,,,,,,,,,,,,,,,,,,,,,,,
2026_11_ARI_KC,2026,11,KC,ARI,7.0,7.0,0.15427030993447494,0.14577192948143947,0.15427030993447494,0.5378611594590976,0.5526460481099656,0.5378611594590976,0.0975898156825992,0.09981672394043528,0.0975898156825992,0.007413419913419914,0.005555555555555556,0.007413419913419914,0.4394608780009779,0.4587548548784968,0.4394608780009779,0.19644463331241604,0.2883840098737328,0.19644463331241604,0.1264897111985765,0.046508365582302036,0.1264897111985765,-0.02749620394404522,0.029840521115013247,-0.02749620394404522,0.46930291766630383,0.47273175907419746,0.46930291766630383,0.06833424043958551,0.08564783971179707,0.06833424043958551,0.023495781197477333,0.020398746514669233,0.023495781197477333,-0.035179604016143035,-0.07079475585451801,-0.035179604016143035,0.48512565121628104,0.4801675349550414,0.48512565121628104,0.03125888945781419,0.021837249435815744,0.03125888945781419,0.015842537731938652,0.02112338364258487,0.015842537731938652,0.4924503115420499,0.5021288706739527,0.4924503115420499,-0.07808093794245746,-0.18316813379304195,-0.07808093794245746,-0.053516651231944455,-0.0813877511119224,-0.053516651231944455,0.07619913301005453,0.19149423501521148,0.07619913301005453,0.46794930875576035,0.4895238095238095,0.46794930875576035,0.09015500628403854,0.09870129870129869,0.09015500628403854,0.021311269375785508,0.01766233766233766,0.021311269375785508,32.0,33.666666666666664,32.0,259.25,284.3333333333333,259.25,2.25,2.3333333333333335,2.25,0.5,0.3333333333333333,0.5,1.5,1.3333333333333333,1.5,6.446316563629169,9.362365883097056,6.446316563629169,0.7971588863963264,5.035578952105095,0.7971588863963264,38.0,38.333333333333336,38.0,204.5,180.33333333333334,204.5,1.5,1.6666666666666667,1.5,1.0,1.3333333333333333,1.0,1.75,2.0,1.75,-1.789957543749424,-5.39089828671698,-1.789957543749424,0.9892456997191476,-0.21630676500089896,0.9892456997191476,,,,,,,,,,,,,,,,,,,,,,,,,,
2026_11_JAX_NYG,2026,11,NYG,JAX,10.0,7.0,0.006493002490323427,-0.09920029691903344,0.006493002490323427,0.4428581135938438,0.38433713391459867,0.4428581135938438,0.051001623777754246,0.05045830538788285,0.051001623777754246,0.016860902255639097,0.018095238095238095,0.016860902255639097,0.4351743047395221,0.4405927666797232,0.4351743047395221,0.014663715912634719,-0.2160661405928355,0.014663715912634719,-0.13802534070292533,-0.2042759136584121,-0.13802534070292533,-0.0012634584217439404,-0.05730219699621856,-0.0012634584217439404,0.4851244952411321,0.49091868182688586,0.4851244952411321,0.06845212496097068,0.0858931558619394,0.06845212496097068,0.028107145067410154,0.03209984933719203,0.028107145067410154,0.1806901514807951,0.13192642270706453,0.1806901514807951,0.540006038647343,0.506466384863124,0.540006038647343,0.08712635869565218,0.06929347826086957,0.08712635869565218,0.007095410628019324,0.009460547504025765,0.007095410628019324,0.41920826429163216,0.4339443523888429,0.41920826429163216,0.3137043547700914,0.15408530987731625,0.3137043547700914,0.06556005055766415,0.10004080026360397,0.06556005055766415,-0.029490075920002308,-0.02356886734290074,-0.029490075920002308,0.47259979862591805,0.4661119008133934,0.47259979862591805,0.07574478796493722,0.07982902945589514,0.07574478796493722,0.028036898839137646,0.02680052120350628,0.028036898839137646,26.75,26.0,26.75,177.25,159.66666666666666,177.25,1.5,1.0,1.5,0.75,1.0,0.75,2.75,3.0,2.75,0.7976973932247889,-6.2405540918004165,0.7976973932247889,-3.849986347403323,-9.594501192201585,-3.849986347403323,26.0,27.0,26.0,210.75,199.33333333333334,210.75,2.0,1.3333333333333333,2.0,0.5,0.6666666666666666,0.5,2.0,2.3333333333333335,2.0,7.936949496801796,4.242107413481726,7.936949496801796,10.380772024171124,6.399239413026021,10.380772024171124,,,,,,,,,,,,,,,,,,,,,,,,,,
2026_11_NYJ_LAC,2026,11,LAC,NYJ,6.0,7.0,-0.16480540260291193,-0.1298451458020771,-0.16480540260291193,0.43657915504166533,0.44769693790501625,0.43657915504166533,0.07560979017823492,0.07930767722689387,0.07560979017823492,0.029900620660975222,0.02911480604259062,0.029900620660975222,0.4449937159614579,0.43203463203463205,0.4449937159614579,-0.1553756493588359,-0.144860128955956,-0.1553756493588359,-0.16545872561455968,-0.11213158877207674,-0.16545872561455968,0.023020096041020576,0.006804844221700135,0.023020096041020576,0.4790728228228229,0.4720970970970971,0.4790728228228229,0.07944551694551694,0.08608608608608609,0.07944551694551694,0.027120870870870874,0.036161161161161165,0.027120870870870874,0.027433912679672805,-0.024745242458992612,0.027433912679672805,0.4872290881586234,0.4694586040313176,0.4872290881586234,0.06980557018787903,0.06154256205230718,0.06980557018787903,0.0033333333333333335,0.0044444444444444444,0.0033333333333333335,0.459888958726168,0.5020741671904463,0.459888958726168,0.12044471333778163,0.025108894110670466,0.12044471333778163,-0.163229287570642,-0.22084418451509147,-0.163229287570642,-0.0019136686206546096,0.05444499966074898,-0.0019136686206546096,0.5293509615384615,0.5495512820512821,0.5293509615384615,0.06466346153846153,0.07580128205128205,0.06466346153846153,0.012960737179487179,0.012072649572649571,0.012960737179487179,29.75,30.666666666666668,29.75,204.0,202.33333333333334,204.0,1.0,1.0,1.0,1.5,1.6666666666666667,1.5,3.0,3.0,3.0,-5.143134782981752,-4.988290938300914,-5.143134782981752,-4.346979795763358,-3.726181019945671,-4.346979795763358,29.25,31.0,29.25,225.5,229.0,225.5,1.25,1.6666666666666667,1.25,0.0,0.0,0.0,3.0,4.0,3.0,5.0157015971744245,3.4359847614129784,5.0157015971744245,5.5156565927293,3.075535148382187,5.5156565927293,,,,,,,,,,,,,,,,,,,,,,,,,,
2026_11_LV_DEN,2026,11,DEN,LV,14.0,7.0,0.007821444896673267,0.07693071956930457,0.007821444896673267,0.46422136893649074,0.46595636076777996,0.46422136893649074,0.057167458868869245,0.07075879761750872,0.057167458868869245,0.015217538279268026,0.009361089290390154,0.015217538279268026,0.5070834866887498,0.498333537807222,0.5070834866887498,-0.023530806317518787,0.1184317559011629,-0.023530806317518787,-0.022547862340055153,0.004123489999893533,-0.022547862340055153,0.08924681035233478,0.05907393003858596,0.08924681035233478,0.4933040613125659,0.49323658391459,0.4933040613125659,0.08777756093097337,0.0867337176049342,0.08777756093097337,0.015314054512018605,0.016089735020353813,0.015314054512018605,0.021463399893859685,0.01777803464231992,0.021463399893859685,0.4786459520012152,0.4759139009139009,0.4786459520012152,0.06554549251917673,0.06546416546416546,0.06554549251917673,0.018853478392952077,0.016366041366041365,0.018853478392952077,0.4730438184663537,0.4973917579551383,0.4730438184663537,0.15941266353436606,0.20818138846405143,0.15941266353436606,-0.21418225715379746,-0.2571573260438323,-0.21418225715379746,-0.09598422869260231,-0.06139371823167424,-0.09598422869260231,0.45225627065010005,0.47993143778987696,0.45225627065010005,0.07824189120014892,0.06842508570276266,0.07824189120014892,0.02905498161850249,0.028483565234926397,0.02905498161850249,33.75,35.666666666666664,33.75,204.75,229.33333333333334,204.75,1.25,1.3333333333333333,1.25,0.75,0.6666666666666666,0.75,1.25,0.3333333333333333,1.25,-0.5764045990066502,4.02525779304248,-0.5764045990066502,-2.9256460681492484,-1.307681144526116,-2.9256460681492484,36.0,38.0,36.0,256.5,288.6666666666667,256.5,2.75,2.6666666666666665,2.75,1.0,0.6666666666666666,1.0,1.25,1.6666666666666667,1.25,6.281335473132113,8.244049076723051,6.281335473132113,2.2832901943903203,2.8080865725075603,2.2832901943903203,,,,,,,,,,,,,,,,,,,,,,,,,,
2026_11_PIT_PHI,2026,11,PHI,PIT,14.0,7.0,-0.04612291219001544,-0.0845576804540676,-0.04612291219001544,0.4368739692061377,0.43543980207877175,0.4368739692061377,0.0624154971951839,0.0538088982210295,0.0624154971951839,0.01895513086830079,0.02527350782440105,0.01895513086830079,0.4532828701865512,0.46507367766167035,0.4532828701865512,-0.17917476706950808,-0.2540589314237278,-0.17917476706950808,-0.022929830756340988,-0.06460872897547452,-0.022929830756340988,0.05983369056922259,0.06294735727753378,0.05983369056922259,0.5001082251082252,0.516017316017316,0.5001082251082252,0.06578005328005329,0.06786546786546788,0.06578005328005329,0.005494505494505495,0.007326007326007327,0.005494505494505495,-0.05865213980463708,0.0004961924334776976,-0.05865213980463708,0.4671707765037606,0.4895610353383475,0.4671707765037606,0.07658311183542543,0.08433303800278946,0.07658311183542543,0.022776646036642544,0.025924416937745613,0.022776646036642544,0.5499782059365834,0.5396105808884176,0.5499782059365834,-0.13070207208742093,-0.06628752703161858,-0.13070207208742093,-0.02495502485644363,0.050795171167058784,-0.02495502485644363,0.018119392676324793,0.11682094772375318,0.018119392676324793,0.49675457715780297,0.5272043010752688,0.49675457715780297,0.0900283347863993,0.09301075268817204,0.0900283347863993,0.024960161774677907,0.024271206690561528,0.024960161774677907,28.5,29.666666666666668,28.5,178.25,170.0,178.25,1.75,1.3333333333333333,1.75,0.75,1.0,0.75,3.0,3.0,3.0,-2.2672522574257448,-3.4474617858370693,-2.2672522574257448,-0.40759184242038593,-0.8327695559832003,-0.40759184242038593,38.25,37.666666666666664,38.25,249.75,259.3333333333333,249.75,1.75,2.0,1.75,1.0,1.3333333333333333,1.0,3.25,3.6666666666666665,3.25,-4.5747589667659625,-3.4869635321114525,-4.5747589667659625,-3.4437064553965655,-5.003102898238917,-3.4437064553965655,,,,,,,,,,,,,,,,,,,,,,,,,,
2026_11_MIN_SF,2026,11,SF,MIN,7.0,7.0,0.2837401253058599,0.33045305973302525,0.2837401253058599,0.5773135621184624,0.5786403050468386,0.5773135621184624,0.11436699114557554,0.12582265486076738,0.11436699114557554,0.00662280701754386,0.0043859649122807015,0.00662280701754386,0.41186891344786086,0.39600539811066127,0.41186891344786086,0.5827797552460245,0.7297295997801805,0.5827797552460245,0.045266618070794115,-0.01315002474972668,0.045266618070794115,0.030823408413467847,0.11445311012667786,0.030823408413467847,0.4847847754253789,0.5021010936019977,0.4847847754253789,0.0319687727726647,0.02272453285111513,0.0319687727726647,0.010013706975327444,0.003401360544217687,0.010013706975327444,-0.024195758249175733,-0.04077515267864346,-0.024195758249175733,0.39842937574185144,0.3915995280161623,0.39842937574185144,0.05784997006333967,0.06812428440877721,0.05784997006333967,0.006756756756756757,0.0045045045045045045,0.006756756756756757,0.4234687810508992,0.43849891527507284,0.4234687810508992,-0.08832344442676934,-0.12394098261348968,-0.08832344442676934,-0.10269216522773571,-0.1189112699376209,-0.10269216522773571,-0.15515538262958883,-0.17426616046874957,-0.15515538262958883,0.3810449735449736,0.36917107583774245,0.3810449735449736,0.07540564373897707,0.06482657260435037,0.07540564373897707,0.023077601410934744,0.022833627278071724,0.023077601410934744,28.25,26.333333333333332,28.25,251.75,267.3333333333333,251.75,2.75,2.6666666666666665,2.75,0.25,0.0,0.25,0.0,0.0,0.0,14.896443385994043,18.253382002698416,14.896443385994043,6.132157008781988,7.919023951353924,6.132157008781988,26.25,28.666666666666668,26.25,172.75,186.0,172.75,1.0,0.3333333333333333,1.0,0.25,0.3333333333333333,0.25,3.25,3.3333333333333335,3.25,-1.8144806876133537,-4.081678120415504,-1.8144806876133537,-2.9832216492412904,-1.5571783016386782,-2.9832216492412904,,,,,,,,,,,,,,,,,,,,,,,,,,
2026_11_CIN_WAS,2026,11,WAS,CIN,11.0,8.0,-0.029658132563212994,-0.05637507356571366,-0.029658132563212994,0.43337765144568735,0.427043217800599,0.43337765144568735,0.06181612568005379,0.06258023106546855,0.06181612568005379,0.006338254172015404,0.008451005562687205,0.006338254172015404,0.44706818239534474,0.4515125966074476,0.44706818239534474,0.004333421250685879,-0.030387248102538834,0.004333421250685879,-0.11193082254276396,-0.15098220459818143,-0.11193082254276396,0.09265004072306829,0.10047292343004403,0.09265004072306829,0.5141549001222617,0.5384810433002706,0.5141549001222617,0.07169606004614693,0.06618298202231354,0.07169606004614693,0.01558837318330989,0.02078449757774652,0.01558837318330989,0.09201308181827032,0.09884881469513133,0.09201308181827032,0.48556511056511054,0.4742599742599743,0.48556511056511054,0.07275944775944776,0.0667095667095667,0.07275944775944776,0.01267135642135642,0.012566137566137565,0.01267135642135642,0.5481547168958145,0.5729782190189808,0.5481547168958145,0.10733583649416452,0.1674380881257543,0.10733583649416452,-0.08384502616603288,-0.14423211792592597,-0.08384502616603288,0.04699424642761679,0.08443653160114924,0.04699424642761679,0.4886801491081382,0.47208635265700477,0.4886801491081382,0.08980687941285767,0.10435789049919485,0.08980687941285767,0.02263099219620959,0.00966183574879227,0.02263099219620959,28.75,27.0,28.75,157.25,155.0,157.25,1.75,1.6666666666666667,1.75,0.25,0.3333333333333333,0.25,1.0,1.0,1.0,-0.5671165852674691,-2.0581005987476115,-0.5671165852674691,-3.005027401437662,-2.8582689445465803,-3.005027401437662,39.25,40.666666666666664,39.25,292.75,305.6666666666667,292.75,1.75,2.0,1.75,0.75,0.6666666666666666,0.75,2.25,2.6666666666666665,2.25,4.716609270158397,7.164463381018454,4.716609270158397,4.632584458671904,4.059535021751475,4.632584458671904,,,,,,,,,,,,,,,,,,,,,,,,,,
2026_12_GB_LA,2026,12,LA,GB,10.0,10.0,-0.006250000793374344,0.06502189785088827,-0.006250000793374344,0.48462104905403874,0.5018827917735442,0.48462104905403874,0.08757771694377327,0.09686979174592654,0.08757771694377327,0.025574517804091586,0.02414910831590321,0.025574517804091586,0.5161766922960953,0.5468214483139856,0.5161766922960953,0.05073602099405059,0.19893208985503819,0.05073602099405059,0.003712331235477047,0.05009166202233184,0.003712331235477047,-0.07489104167677382,-0.147721829577153,-0.07489104167677382,0.4458125042335569,0.40330556120029804,0.4458125042335569,0.04348608006502744,0.03131477342003658,0.04348608006502744,0.010194235588972431,0.009147869674185462,0.010194235588972431,-0.03510056544351925,-0.014193070887323482,-0.03510056544351925,0.45264505185391263,0.4646378469163279,0.45264505185391263,0.062887165577039,0.04813526838843294,0.062887165577039,0.02089959969706805,0.01992962499291613,0.02089959969706805,0.5592885674514314,0.5587262200165426,0.5592885674514314,0.03467342086398541,0.06582286617860096,0.03467342086398541,-0.36062054344857286,-0.33781668758934075,-0.36062054344857286,0.046801226320419886,0.0538874934141507,0.046801226320419886,0.4875537458165714,0.5104320214491223,0.4875537458165714,0.055777742927866907,0.06536131489481353,0.055777742927866907,0.013710105583715666,0.013775636273783051,0.013710105583715666,40.5,45.666666666666664,40.5,297.25,344.6666666666667,297.25,1.5,2.0,1.5,1.5,1.6666666666666667,1.5,1.5,2.0,1.5,3.3563621536499952,6.345530322934145,3.3563621536499952,0.05398762446581107,1.6348236182919977,0.05398762446581107,38.5,37.333333333333336,38.5,260.25,218.0,260.25,2.0,2.0,2.0,0.75,0.6666666666666666,0.75,2.0,1.3333333333333333,2.0,1.1523960315345447,2.437743406603932,1.1523960315345447,-6.6163849212516395,-5.603828397431513,-6.6163849212516395,,,,,,,,,,,,,,,,,,,,,,,,,,
2026_12_CHI_DET,2026,12,DET,CHI,4.0,4.0,0.15670622136136952,0.2086133939564069,0.15670622136136952,0.5523081850134909,0.571536361379995,0.5523081850134909,0.07502982409787108,0.07136593033838008,0.07502982409787108,0.002688172043010753,0.0,0.002688172043010753,0.5190089135872269,0.5454917382628226,0.5190089135872269,0.26255129545484124,0.34392568915045024,0.26255129545484124,-0.06592612583036535,-0.0807579939558867,-0.06592612583036535,0.1665762074666667,0.23850561032501813,0.1665762074666667,0.510404411764706,0.536748366013072,0.510404411764706,0.10730392156862745,0.1169281045751634,0.10730392156862745,0.010686274509803922,0.0044444444444444444,0.010686274509803922,0.1141436378280993,0.019221763327520427,0.1141436378280993,0.5079740860990861,0.48411696328362996,0.5079740860990861,0.0918923861632195,0.08843227246005024,0.0918923861632195,0.017062991021324355,0.015174897119341562,0.017062991021324355,0.4137599428663719,0.4342556813975868,0.4137599428663719,0.19803596807468607,0.11431392938111713,0.19803596807468607,0.0323862323957393,-0.08272822032860595,0.0323862323957393,-0.043727466271272074,-0.10163840856746444,-0.043727466271272074,0.45463631379024827,0.4375070529251503,0.45463631379024827,0.07264670715555553,0.06473376215118247,0.07264670715555553,0.01895513086830079,0.017241379310344827,0.01895513086830079,40.25,40.666666666666664,40.25,303.5,336.0,303.5,2.25,2.3333333333333335,2.25,0.0,0.0,0.0,2.0,2.3333333333333335,2.0,12.222878182108985,14.345667253100727,12.222878182108985,2.056106808235179,3.7113713119630223,2.056106808235179,30.75,31.333333333333332,30.75,230.5,217.66666666666666,230.5,1.0,0.6666666666666666,1.0,0.5,0.6666666666666666,0.5,1.5,1.3333333333333333,1.5,8.176464170546858,4.713523170106895,8.176464170546858,5.433587391452958,1.7180039022315883,5.433587391452958,,,,,,,,,,,,,,,,,,,,,,,,,,
2026_12_PHI_DAL,2026,12,DAL,PHI,4.0,4.0,0.16012706161710769,0.15788516305558356,0.16012706161710769,0.5234810596609654,0.542060767719997,0.5234810596609654,0.0532659435811631,0.06564491402219597,0.0532659435811631,0.0069058212829069335,0.0038314176245210726,0.0069058212829069335,0.5171555864817285,0.5067450830509069,0.5171555864817285,0.29203132298283724,0.2876015407951354,0.29203132298283724,-0.020189098131197084,-0.04717694437999781,-0.020189098131197084,0.16746099151762128,0.11542368845069702,0.16746099151762128,0.5351058092081313,0.5073340614003156,0.5351058092081313,0.10101677108679964,0.11714516846661005,0.10101677108679964,0.006338254172015404,0.0040650406504065045,0.006338254172015404,-0.04612291219001544,-0.0845576804540676,-0.04612291219001544,0.4368739692061377,0.43543980207877175,0.4368739692061377,0.0624154971951839,0.0538088982210295,0.0624154971951839,0.01895513086830079,0.02527350782440105,0.01895513086830079,0.4532828701865512,0.46507367766167035,0.4532828701865512,-0.17917476706950808,-0.2540589314237278,-0.17917476706950808,-0.022929830756340988,-0.06460872897547452,-0.022929830756340988,0.05983369056922259,0.06294735727753378,0.05983369056922259,0.5001082251082252,0.516017316017316,0.5001082251082252,0.06578005328005329,0.06786546786546788,0.06578005328005329,0.005494505494505495,0.007326007326007327,0.005494505494505495,37.5,38.666666666666664,37.5,266.25,296.6666666666667,266.25,2.0,2.0,2.0,0.25,0.0,0.25,1.5,2.0,1.5,12.159050178521934,12.751765983175227,12.159050178521934,6.298653113689049,5.8215819502486434,6.298653113689049,28.5,29.666666666666668,28.5,178.25,170.0,178.25,1.75,1.3333333333333333,1.75,0.75,1.0,0.75,3.0,3.0,3.0,-2.2672522574257448,-3.4474617858370693,-2.2672522574257448,-0.40759184242038593,-0.8327695559832003,-0.40759184242038593,,,,,,,,,,,,,,,,,,,,,,,,,,
2026_12_KC_BUF,2026,12,BUF,KC,4.0,4.0,0.19389511142951354,0.17718136558085787,0.19389511142951354,0.5192702630669048,0.5331563706563708,0.5192702630669048,0.1229492018671123,0.12413127413127413,0.1229492018671123,0.024034749034749035,0.032046332046332046,0.024034749034749035,0.4584856382138586,0.44969802266898323,0.4584856382138586,0.20221865158416258,0.11821836954928329,0.20221865158416258,0.13684891029334226,0.22602513157811643,0.13684891029334226,0.09736157266317838,0.09567055252063317,0.09736157266317838,0.5302788797204284,0.5348773341327324,0.5302788797204284,0.09363335845093104,0.09554044863054544,0.09363335845093104,0.014623611682435212,0.01217214158390629,0.014623611682435212,0.15427030993447494,0.14577192948143947,0.15427030993447494,0.5378611594590976,0.5526460481099656,0.5378611594590976,0.0975898156825992,0.09981672394043528,0.0975898156825992,0.007413419913419914,0.005555555555555556,0.007413419913419914,0.4394608780009779,0.4587548548784968,0.4394608780009779,0.19644463331241604,0.2883840098737328,0.19644463331241604,0.1264897111985765,0.046508365582302036,0.1264897111985765,-0.02749620394404522,0.029840521115013247,-0.02749620394404522,0.46930291766630383,0.47273175907419746,0.46930291766630383,0.06833424043958551,0.08564783971179707,0.06833424043958551,0.023495781197477333,0.020398746514669233,0.023495781197477333,29.75,30.0,29.75,259.75,235.0,259.75,1.5,1.3333333333333333,1.5,0.75,1.0,0.75,2.25,2.3333333333333335,2.25,8.485946157317821,6.469586901076558,8.485946157317821,5.820897312309498,5.047367988961665,5.820897312309498,32.0,33.666666666666664,32.0,259.25,284.3333333333333,259.25,2.25,2.3333333333333335,2.25,0.5,0.3333333333333333,0.5,1.5,1.3333333333333333,1.5,6.446316563629169,9.362365883097056,6.446316563629169,0.7971588863963264,5.035578952105095,0.7971588863963264,,,,,,,,,,,,,,,,,,,,,,,,,,
2026_12_DEN_PIT,2026,12,PIT,DEN,5.0,5.0,-0.05865213980463708,0.0004961924334776976,-0.05865213980463708,0.4671707765037606,0.4895610353383475,0.4671707765037606,0.07658311183542543,0.08433303800278946,0.07658311183542543,0.022776646036642544,0.025924416937745613,0.022776646036642544,0.5499782059365834,0.5396105808884176,0.5499782059365834,-0.13070207208742093,-0.06628752703161858,-0.13070207208742093,-0.02495502485644363,0.050795171167058784,-0.02495502485644363,0.018119392676324793,0.11682094772375318,0.018119392676324793,0.49675457715780297,0.5272043010752688,0.49675457715780297,0.0900283347863993,0.09301075268817204,0.0900283347863993,0.024960161774677907,0.024271206690561528,0.024960161774677907,0.007821444896673267,0.07693071956930457,0.007821444896673267,0.46422136893649074,0.46595636076777996,0.46422136893649074,0.057167458868869245,0.07075879761750872,0.057167458868869245,0.015217538279268026,0.009361089290390154,0.015217538279268026,0.5070834866887498,0.498333537807222,0.5070834866887498,-0.023530806317518787,0.1184317559011629,-0.023530806317518787,-0.022547862340055153,0.004123489999893533,-0.022547862340055153,0.08924681035233478,0.05907393003858596,0.08924681035233478,0.4933040613125659,0.49323658391459,0.4933040613125659,0.08777756093097337,0.0867337176049342,0.08777756093097337,0.015314054512018605,0.016089735020353813,0.015314054512018605,38.25,37.666666666666664,38.25,249.75,259.3333333333333,249.75,1.75,2.0,1.75,1.0,1.3333333333333333,1.0,3.25,3.6666666666666665,3.25,-4.5747589667659625,-3.4869635321114525,-4.5747589667659625,-3.4437064553965655,-5.003102898238917,-3.4437064553965655,33.75,35.666666666666664,33.75,204.75,229.33333333333334,204.75,1.25,1.3333333333333333,1.25,0.75,0.6666666666666666,0.75,1.25,0.3333333333333333,1.25,-0.5764045990066502,4.02525779304248,-0.5764045990066502,-2.9256460681492484,-1.307681144526116,-2.9256460681492484,,,,,,,,,,,,,,,,,,,,,,,,,,
2026_12_NO_CIN,2026,12,CIN,NO,6.0,7.0,0.09201308181827032,0.09884881469513133,0.09201308181827032,0.48556511056511054,0.4742599742599743,0.48556511056511054,0.07275944775944776,0.0667095667095667,0.07275944775944776,0.01267135642135642,0.012566137566137565,0.01267135642135642,0.5481547168958145,0.5729782190189808,0.5481547168958145,0.10733583649416452,0.1674380881257543,0.10733583649416452,-0.08384502616603288,-0.14423211792592597,-0.08384502616603288,0.04699424642761679,0.08443653160114924,0.04699424642761679,0.4886801491081382,0.47208635265700477,0.4886801491081382,0.08980687941285767,0.10435789049919485,0.08980687941285767,0.02263099219620959,0.00966183574879227,0.02263099219620959,-0.005293048360227478,0.00934660255582588,-0.005293048360227478,0.4754726341947437,0.4901726625864557,0.4754726341947437,0.05920330514651001,0.052793949345673476,0.05920330514651001,0.021720757268424613,0.019157088122605363,0.021720757268424613,0.5478089375284998,0.5310655114759082,0.5478089375284998,0.032825762864047925,0.0491337286368859,0.032825762864047925,-0.08292202773960373,-0.08847953817173927,-0.08292202773960373,0.10647199924817373,0.14163443113881255,0.10647199924817373,0.554913966724695,0.5750107369949337,0.554913966724695,0.08623734104312711,0.0863092862653881,0.08623734104312711,0.009666268573346088,0.00930412870711378,0.009666268573346088,39.25,40.666666666666664,39.25,292.75,305.6666666666667,292.75,1.75,2.0,1.75,0.75,0.6666666666666666,0.75,2.25,2.6666666666666665,2.25,4.716609270158397,7.164463381018454,4.716609270158397,4.632584458671904,4.059535021751475,4.632584458671904,45.0,41.333333333333336,45.0,300.75,264.3333333333333,300.75,2.25,2.0,2.25,0.75,0.3333333333333333,0.75,3.0,2.3333333333333335,3.0,1.740578409076187,2.656544636290428,1.740578409076187,4.253017598071094,6.0725582861308505,4.253017598071094,,,,,,,,,,,,,,,,,,,,,,,,,,
2026_12_LV_CLE,2026,12,CLE,LV,14.0,7.0,0.03646472644512655,0.06437086914393775,0.03646472644512655,0.4990916812655943,0.5014344109996284,0.4990916812655943,0.059016828582045974,0.05752508361204014,0.059016828582045974,0.017808302808302808,0.013162393162393163,0.017808302808302808,0.45693565016130105,0.46170654994184407,0.45693565016130105,0.07129367323799057,0.216478373955558,0.07129367323799057,-0.1719729892608971,-0.2415060652994603,-0.1719729892608971,0.08159016303944597,-0.00020689521473431458,0.08159016303944597,0.5058113159855258,0.46087342131403436,0.5058113159855258,0.09875113080034056,0.08479317440045409,0.09875113080034056,0.012171402724563643,0.016228536966084856,0.012171402724563643,0.021463399893859685,0.01777803464231992,0.021463399893859685,0.4786459520012152,0.4759139009139009,0.4786459520012152,0.06554549251917673,0.06546416546416546,0.06554549251917673,0.018853478392952077,0.016366041366041365,0.018853478392952077,0.4730438184663537,0.4973917579551383,0.4730438184663537,0.15941266353436606,0.20818138846405143,0.15941266353436606,-0.21418225715379746,-0.2571573260438323,-0.21418225715379746,-0.09598422869260231,-0.06139371823167424,-0.09598422869260231,0.45225627065010005,0.47993143778987696,0.45225627065010005,0.07824189120014892,0.06842508570276266,0.07824189120014892,0.02905498161850249,0.028483565234926397,0.02905498161850249,28.75,31.0,28.75,213.75,216.66666666666666,213.75,1.5,1.6666666666666667,1.5,0.5,0.3333333333333333,0.5,2.75,2.0,2.75,4.134775975382055,7.366408698682321,4.134775975382055,1.71397661613135,-1.1550297611725535,1.71397661613135,36.0,38.0,36.0,256.5,288.6666666666667,256.5,2.75,2.6666666666666665,2.75,1.0,0.6666666666666666,1.0,1.25,1.6666666666666667,1.25,6.281335473132113,8.244049076723051,6.281335473132113,2.2832901943903203,2.8080865725075603,2.2832901943903203,,,,,,,,,,,,,,,,,,,,,,,,,,
2026_12_BAL_HOU,2026,12,HOU,BAL,10.0,7.0,-0.007104739494929159,-0.04361786369017689,-0.007104739494929159,0.4555751462467881,0.43527235616787857,0.4555751462467881,0.08174329816120861,0.07968703491091551,0.08174329816120861,0.005494505494505495,0.0,0.005494505494505495,0.5078664943791558,0.5253034739870225,0.5078664943791558,0.06468450506761518,0.07407980502283656,0.06468450506761518,-0.16633112135104772,-0.25858544165020897,-0.16633112135104772,0.08258746448108978,0.028771169649626147,0.08258746448108978,0.44833707605691064,0.43857878797637834,0.44833707605691064,0.0816647739862989,0.06908537029018957,0.0816647739862989,0.009036144578313253,0.012048192771084336,0.009036144578313253,0.16064151754950937,0.10981452440018885,0.16064151754950937,0.5464133876074174,0.5467330016583748,0.5464133876074174,0.111210828972023,0.10932006633499171,0.111210828972023,0.006978096530335336,0.004975124378109453,0.006978096530335336,0.3820982923221729,0.39390883420734163,0.3820982923221729,0.3656025607512006,0.36212635779913627,0.3656025607512006,0.05693271481630258,-0.01734681333870776,0.05693271481630258,0.02066703118038173,0.06817387989164064,0.02066703118038173,0.4699920480586486,0.4768976099719178,0.4699920480586486,0.07681628821587012,0.06860529250038722,0.07681628821587012,0.01716219355111177,0.013221088986023422,0.01716219355111177,37.75,37.666666666666664,37.75,285.25,289.0,285.25,1.25,1.0,1.25,0.0,0.0,0.0,3.0,3.0,3.0,1.8068844877002688,1.9103650458403614,1.8068844877002688,2.5078010023755493,2.2898421776600375,2.5078010023755493,24.0,23.666666666666668,24.0,241.75,214.33333333333334,241.75,1.5,1.6666666666666667,1.5,0.25,0.3333333333333333,0.25,1.75,1.6666666666666667,1.75,9.335359061520757,8.999254332877127,9.335359061520757,8.28603445670043,9.447465859267902,8.28603445670043,,,,,,,,,,,,,,,,,,,,,,,,,,
2026_12_NYG_IND,2026,12,IND,NYG,10.0,7.0,0.022634621076697316,0.0707973330867281,0.022634621076697316,0.4892823909838584,0.502618067205531,0.4892823909838584,0.07523268638671363,0.0664938233948452,0.07523268638671363,0.025776192275983406,0.024706420619185602,0.025776192275983406,0.45776559725835086,0.4509338398227287,0.45776559725835086,-0.20362434170788263,-0.11763022060584222,-0.20362434170788263,0.12113213959231584,0.12071812908002277,0.12113213959231584,0.06436357819500677,-0.018556061405814634,0.06436357819500677,0.4867591036201997,0.4671939563420844,0.4867591036201997,0.07655633162279933,0.06311406986936015,0.07655633162279933,0.006536226930963773,0.0043859649122807015,0.006536226930963773,0.006493002490323427,-0.09920029691903344,0.006493002490323427,0.4428581135938438,0.38433713391459867,0.4428581135938438,0.051001623777754246,0.05045830538788285,0.051001623777754246,0.016860902255639097,0.018095238095238095,0.016860902255639097,0.4351743047395221,0.4405927666797232,0.4351743047395221,0.014663715912634719,-0.2160661405928355,0.014663715912634719,-0.13802534070292533,-0.2042759136584121,-0.13802534070292533,-0.0012634584217439404,-0.05730219699621856,-0.0012634584217439404,0.4851244952411321,0.49091868182688586,0.4851244952411321,0.06845212496097068,0.0858931558619394,0.06845212496097068,0.028107145067410154,0.03209984933719203,0.028107145067410154,33.0,33.666666666666664,33.0,188.5,196.0,188.5,0.75,0.6666666666666666,0.75,1.0,1.0,1.0,2.0,2.0,2.0,-5.988214852655161,-4.780209844417336,-5.988214852655161,-1.7621563027547107,-0.662722445343385,-1.7621563027547107,26.75,26.0,26.75,177.25,159.66666666666666,177.25,1.5,1.0,1.5,0.75,1.0,0.75,2.75,3.0,2.75,0.7976973932247889,-6.2405540918004165,0.7976973932247889,-3.849986347403323,-9.594501192201585,-3.849986347403323,,,,,,,,,,,,,,,,,,,,,,,,,,
2026_12_NYJ_MIA,2026,12,MIA,NYJ,7.0,7.0,-0.14076859746921866,-0.12110620993382935,-0.14076859746921866,0.39069115095430884,0.39784461152882206,0.39069115095430884,0.07566367842683633,0.06498746867167919,0.07566367842683633,0.019271255060728746,0.015438596491228071,0.019271255060728746,0.4362471395881007,0.4149961861174676,0.4362471395881007,-0.2222894383428996,-0.20024126545875817,-0.2222894383428996,-0.055899321524586806,-0.02703969405888808,-0.055899321524586806,0.13925104021792037,0.1748282217410675,0.13925104021792037,0.5269833417153186,0.540363753866039,0.5269833417153186,0.08969207137078258,0.09765960393297328,0.08969207137078258,0.010745614035087718,0.005555555555555556,0.010745614035087718,0.027433912679672805,-0.024745242458992612,0.027433912679672805,0.4872290881586234,0.4694586040313176,0.4872290881586234,0.06980557018787903,0.06154256205230718,0.06980557018787903,0.0033333333333333335,0.0044444444444444444,0.0033333333333333335,0.459888958726168,0.5020741671904463,0.459888958726168,0.12044471333778163,0.025108894110670466,0.12044471333778163,-0.163229287570642,-0.22084418451509147,-0.163229287570642,-0.0019136686206546096,0.05444499966074898,-0.0019136686206546096,0.5293509615384615,0.5495512820512821,0.5293509615384615,0.06466346153846153,0.07580128205128205,0.06466346153846153,0.012960737179487179,0.012072649572649571,0.012960737179487179,25.75,25.333333333333332,25.75,178.0,164.0,178.0,0.25,0.3333333333333333,0.25,0.5,0.3333333333333333,0.5,2.75,2.0,2.75,-4.373726229028161,-4.001718406341058,-4.373726229028161,-9.202447275063797,-9.319847514257406,-9.202447275063797,29.25,31.0,29.25,225.5,229.0,225.5,1.25,1.6666666666666667,1.25,0.0,0.0,0.0,3.0,4.0,3.0,5.0157015971744245,3.4359847614129784,5.0157015971744245,5.5156565927293,3.075535148382187,5.5156565927293,,,,,,,,,,,,,,,,,,,,,,,,,,
2026_12_ATL_MIN,2026,12,MIN,ATL,7.0,14.0,-0.024195758249175733,-0.04077515267864346,-0.024195758249175733,0.39842937574185144,0.3915995280161623,0.39842937574185144,0.05784997006333967,0.06812428440877721,0.05784997006333967,0.006756756756756757,0.0045045045045045045,0.006756756756756757,0.4234687810508992,0.43849891527507284,0.4234687810508992,-0.08832344442676934,-0.12394098261348968,-0.08832344442676934,-0.10269216522773571,-0.1189112699376209,-0.10269216522773571,-0.15515538262958883,-0.17426616046874957,-0.15515538262958883,0.3810449735449736,0.36917107583774245,0.3810449735449736,0.07540564373897707,0.06482657260435037,0.07540564373897707,0.023077601410934744,0.022833627278071724,0.023077601410934744,-0.026019571301306138,0.05796899575357858,-0.026019571301306138,0.5139868002677601,0.5501805985552116,0.5139868002677601,0.08904929503807213,0.09170536635706915,0.08904929503807213,0.025671230440967283,0.025219298245614034,0.025671230440967283,0.3636731385809049,0.3661760569206585,0.3636731385809049,-0.11227903529296565,0.05240420208961133,-0.11227903529296565,0.09627633399283132,0.1556026228577863,0.09627633399283132,-0.04486357267602255,0.018880948604963727,-0.04486357267602255,0.4452458897133712,0.4603278529511616,0.4452458897133712,0.055445584169940346,0.05614966778214268,0.055445584169940346,0.009371453513749455,0.008050826907221495,0.009371453513749455,26.25,28.666666666666668,26.25,172.75,186.0,172.75,1.0,0.3333333333333333,1.0,0.25,0.3333333333333333,0.25,3.25,3.3333333333333335,3.25,-1.8144806876133537,-4.081678120415504,-1.8144806876133537,-2.9832216492412904,-1.5571783016386782,-2.9832216492412904,21.0,20.666666666666668,21.0,177.0,188.33333333333334,177.0,0.75,0.6666666666666666,0.75,1.25,1.0,1.25,1.5,0.6666666666666666,1.5,-1.9486731724686526,2.6566182478611684,-1.9486731724686526,-4.174953236767758,-2.093933193808626,-4.174953236767758,,,,,,,,,,,,,,,,,,,,,,,,,,
2026_12_TEN_JAX,2026,12,JAX,TEN,7.0,7.0,0.1806901514807951,0.13192642270706453,0.1806901514807951,0.540006038647343,0.506466384863124,0.540006038647343,0.08712635869565218,0.06929347826086957,0.08712635869565218,0.007095410628019324,0.009460547504025765,0.007095410628019324,0.41920826429163216,0.4339443523888429,0.41920826429163216,0.3137043547700914,0.15408530987731625,0.3137043547700914,0.06556005055766415,0.10004080026360397,0.06556005055766415,-0.029490075920002308,-0.02356886734290074,-0.029490075920002308,0.47259979862591805,0.4661119008133934,0.47259979862591805,0.07574478796493722,0.07982902945589514,0.07574478796493722,0.028036898839137646,0.02680052120350628,0.028036898839137646,-0.08613970667452825,-0.05785638441108254,-0.08613970667452825,0.45301058329615707,0.44776411106154274,0.45301058329615707,0.06337062249059972,0.07407749665413295,0.06337062249059972,0.018301444697597348,0.0191935929301298,0.018301444697597348,0.47286633403361344,0.4481967787114846,0.47286633403361344,-0.12028579062453473,-0.09036911373240779,-0.12028579062453473,-0.011253756088963715,-0.05164045572881565,-0.011253756088963715,0.10522877133938018,0.07898123575395055,0.10522877133938018,0.48157215080344223,0.46191602089107603,0.48157215080344223,0.07996914188921657,0.07509399098742388,0.07996914188921657,0.006024096385542169,0.008032128514056226,0.006024096385542169,26.0,27.0,26.0,210.75,199.33333333333334,210.75,2.0,1.3333333333333333,2.0,0.5,0.6666666666666666,0.5,2.0,2.3333333333333335,2.0,7.936949496801796,4.242107413481726,7.936949496801796,10.380772024171124,6.399239413026021,10.380772024171124,29.75,29.0,29.75,181.5,195.33333333333334,181.5,0.75,0.6666666666666666,0.75,0.5,0.6666666666666666,0.5,1.5,1.0,1.5,-3.379584406637437,-2.0556946270059013,-3.379584406637437,3.4139458071283935,4.422012252800939,3.4139458071283935,,,,,,,,,,,,,,,,,,,,,,,,,,
2026_12_WAS_ARI,2026,12,ARI,WAS,7.0,6.0,-0.035179604016143035,-0.07079475585451801,-0.035179604016143035,0.48512565121628104,0.4801675349550414,0.48512565121628104,0.03125888945781419,0.021837249435815744,0.03125888945781419,0.015842537731938652,0.02112338364258487,0.015842537731938652,0.4924503115420499,0.5021288706739527,0.4924503115420499,-0.07808093794245746,-0.18316813379304195,-0.07808093794245746,-0.053516651231944455,-0.0813877511119224,-0.053516651231944455,0.07619913301005453,0.19149423501521148,0.07619913301005453,0.46794930875576035,0.4895238095238095,0.46794930875576035,0.09015500628403854,0.09870129870129869,0.09015500628403854,0.021311269375785508,0.01766233766233766,0.021311269375785508,-0.029658132563212994,-0.05637507356571366,-0.029658132563212994,0.43337765144568735,0.427043217800599,0.43337765144568735,0.06181612568005379,0.06258023106546855,0.06181612568005379,0.006338254172015404,0.008451005562687205,0.006338254172015404,0.44706818239534474,0.4515125966074476,0.44706818239534474,0.004333421250685879,-0.030387248102538834,0.004333421250685879,-0.11193082254276396,-0.15098220459818143,-0.11193082254276396,0.09265004072306829,0.10047292343004403,0.09265004072306829,0.5141549001222617,0.5384810433002706,0.5141549001222617,0.07169606004614693,0.06618298202231354,0.07169606004614693,0.01558837318330989,0.02078449757774652,0.01558837318330989,38.0,38.333333333333336,38.0,204.5,180.33333333333334,204.5,1.5,1.6666666666666667,1.5,1.0,1.3333333333333333,1.0,1.75,2.0,1.75,-1.789957543749424,-5.39089828671698,-1.789957543749424,0.9892456997191476,-0.21630676500089896,0.9892456997191476,28.75,27.0,28.75,157.25,155.0,157.25,1.75,1.6666666666666667,1.75,0.25,0.3333333333333333,0.25,1.0,1.0,1.0,-0.5671165852674691,-2.0581005987476115,-0.5671165852674691,-3.005027401437662,-2.8582689445465803,-3.005027401437662,,,,,,,,,,,,,,,,,,,,,,,,,,
2026_12_SEA_SF,2026,12,SF,SEA,7.0,14.0,0.2837401253058599,0.33045305973302525,0.2837401253058599,0.5773135621184624,0.5786403050468386,0.5773135621184624,0.11436699114557554,0.12582265486076738,0.11436699114557554,0.00662280701754386,0.0043859649122807015,0.00662280701754386,0.41186891344786086,0.39600539811066127,0.41186891344786086,0.5827797552460245,0.7297295997801805,0.5827797552460245,0.045266618070794115,-0.01315002474972668,0.045266618070794115,0.030823408413467847,0.11445311012667786,0.030823408413467847,0.4847847754253789,0.5021010936019977,0.4847847754253789,0.0319687727726647,0.02272453285111513,0.0319687727726647,0.010013706975327444,0.003401360544217687,0.010013706975327444,0.06962581722046447,0.06790185818251875,0.06962581722046447,0.4933006507865265,0.4995421106532218,0.4933006507865265,0.08398499570815955,0.0780816891928003,0.08398499570815955,0.019262769262769264,0.025683692350359017,0.019262769262769264,0.4309138347035496,0.425126492248411,0.4309138347035496,0.16643086328697054,0.16590206254841208,0.16643086328697054,-0.1688324932304218,-0.20471159713694417,-0.1688324932304218,-0.10749100122304668,-0.11639800491414103,-0.10749100122304668,0.4150128174632777,0.4037777737117206,0.4150128174632777,0.043142821352617704,0.04470324898297745,0.043142821352617704,0.022368572912458883,0.01700425106276569,0.022368572912458883,28.25,26.333333333333332,28.25,251.75,267.3333333333333,251.75,2.75,2.6666666666666665,2.75,0.25,0.0,0.25,0.0,0.0,0.0,14.896443385994043,18.253382002698416,14.896443385994043,6.132157008781988,7.919023951353924,6.132157008781988,28.75,31.0,28.75,242.25,260.6666666666667,242.25,2.5,3.0,2.5,0.75,1.0,0.75,1.25,1.3333333333333333,1.25,5.35974044405344,4.998122275349421,5.35974044405344,4.746487511881998,4.735512551102604,4.746487511881998,,,,,,,,,,,,,,,,,,,,,,,,,,
2026_12_NE_LAC,2026,12,LAC,NE,7.0,14.0,-0.16480540260291193,-0.1298451458020771,-0.16480540260291193,0.43657915504166533,0.44769693790501625,0.43657915504166533,0.07560979017823492,0.07930767722689387,0.07560979017823492,0.029900620660975222,0.02911480604259062,0.029900620660975222,0.4449937159614579,0.43203463203463205,0.4449937159614579,-0.1553756493588359,-0.144860128955956,-0.1553756493588359,-0.16545872561455968,-0.11213158877207674,-0.16545872561455968,0.023020096041020576,0.006804844221700135,0.023020096041020576,0.4790728228228229,0.4720970970970971,0.4790728228228229,0.07944551694551694,0.08608608608608609,0.07944551694551694,0.027120870870870874,0.036161161161161165,0.027120870870870874,-0.060419780865163704,-0.053636377770297054,-0.060419780865163704,0.46107127507744206,0.46518905053060644,0.46107127507744206,0.08276397200733064,0.09753144985592803,0.08276397200733064,0.03397892035226001,0.03248471431583386,0.03397892035226001,0.4537663254886556,0.4491776114740516,0.4537663254886556,-0.11651124840408737,-0.11255801495557961,-0.11651124840408737,0.0033094769725084995,0.033700162535733214,0.0033094769725084995,0.014683888407503457,-0.005354046901429298,0.014683888407503457,0.4708552936524144,0.46961496780773887,0.4708552936524144,0.07344796862996782,0.06403231975521133,0.07344796862996782,0.016639175750621533,0.022185567667495378,0.016639175750621533,29.75,30.666666666666668,29.75,204.0,202.33333333333334,204.0,1.0,1.0,1.0,1.5,1.6666666666666667,1.5,3.0,3.0,3.0,-5.143134782981752,-4.988290938300914,-5.143134782981752,-4.346979795763358,-3.726181019945671,-4.346979795763358,29.25,28.0,29.25,213.5,225.33333333333334,213.5,1.0,1.0,1.0,1.75,1.3333333333333333,1.75,2.5,2.3333333333333335,2.5,-2.2567784958981347,-1.4685866095355185,-2.2567784958981347,2.080397172537725,0.7837126770662883,2.080397172537725,,,,,,,,,,,,,,,,,,,,,,,,,,
2026_12_CAR_TB,2026,12,TB,CAR,8.0,8.0,-0.08614008487593638,-0.09307591013692167,-0.08614008487593638,0.45180602847856366,0.42292085848423877,0.45180602847856366,0.05642654000928649,0.05985077129443326,0.05642654000928649,0.0315042498581231,0.02149284596467695,0.0315042498581231,0.4817907995618839,0.4757210660825119,0.4817907995618839,-0.2553665432504918,-0.2580693202665265,-0.2553665432504918,-0.011232668870502185,0.011929151758878723,-0.011232668870502185,0.010685284145078714,-0.009588248869124153,0.010685284145078714,0.46778024495415793,0.4505468201120375,0.46778024495415793,0.05877030333552073,0.048057374144330665,0.05877030333552073,0.014561639561639562,0.015086515086515087,0.014561639561639562,0.11702604375675155,0.11269960480323371,0.11702604375675155,0.4873072411349251,0.48106828938471935,0.4873072411349251,0.08857407316894353,0.08597025016903313,0.08857407316894353,0.008897659603932974,0.0038314176245210726,0.008897659603932974,0.5320202089400499,0.5447512250887908,0.5320202089400499,0.22300513001539274,0.21365398378342618,0.22300513001539274,-0.05775023295628121,-0.09537727561531535,-0.05775023295628121,0.035000205721044356,-0.0863028128152195,0.035000205721044356,0.477022487316605,0.4428481649069885,0.477022487316605,0.06887983340189223,0.05774886877828054,0.06887983340189223,0.024511946386946388,0.025106837606837604,0.024511946386946388,30.75,31.666666666666668,30.75,190.75,182.33333333333334,190.75,0.75,1.0,0.75,1.0,1.3333333333333333,1.0,4.0,4.0,4.0,-8.543065631932876,-9.587247694064805,-8.543065631932876,1.1619188566879113,-3.1242621736926623,1.1619188566879113,40.5,41.666666666666664,40.5,317.0,302.3333333333333,317.0,2.25,2.0,2.25,0.5,0.3333333333333333,0.5,2.5,2.6666666666666665,2.5,10.300379856796933,8.560585376453988,10.300379856796933,6.132159628809991,5.964684393882333,6.132159628809991,,,,,,,,,,,,,,,,,,,,,,,,,,
2026_13_KC_LA,2026,13,LA,KC,8.0,7.0,-0.006250000793374344,0.06502189785088827,-0.006250000793374344,0.48462104905403874,0.5018827917735442,0.48462104905403874,0.08757771694377327,0.09686979174592654,0.08757771694377327,0.025574517804091586,0.02414910831590321,0.025574517804091586,0.5161766922960953,0.5468214483139856,0.5161766922960953,0.05073602099405059,0.19893208985503819,0.05073602099405059,0.003712331235477047,0.05009166202233184,0.003712331235477047,-0.07489104167677382,-0.147721829577153,-0.07489104167677382,0.4458125042335569,0.40330556120029804,0.4458125042335569,0.04348608006502744,0.03131477342003658,0.04348608006502744,0.010194235588972431,0.009147869674185462,0.010194235588972431,0.15427030993447494,0.14577192948143947,0.15427030993447494,0.5378611594590976,0.5526460481099656,0.5378611594590976,0.0975898156825992,0.09981672394043528,0.0975898156825992,0.007413419913419914,0.005555555555555556,0.007413419913419914,0.4394608780009779,0.4587548548784968,0.4394608780009779,0.19644463331241604,0.2883840098737328,0.19644463331241604,0.1264897111985765,0.046508365582302036,0.1264897111985765,-0.02749620394404522,0.029840521115013247,-0.02749620394404522,0.46930291766630383,0.47273175907419746,0.46930291766630383,0.06833424043958551,0.08564783971179707,0.06833424043958551,0.023495781197477333,0.020398746514669233,0.023495781197477333,40.5,45.666666666666664,40.5,297.25,344.6666666666667,297.25,1.5,2.0,1.5,1.5,1.6666666666666667,1.5,1.5,2.0,1.5,3.3563621536499952,6.345530322934145,3.3563621536499952,0.05398762446581107,1.6348236182919977,0.05398762446581107,32.0,33.666666666666664,32.0,259.25,284.3333333333333,259.25,2.25,2.3333333333333335,2.25,0.5,0.3333333333333333,0.5,1.5,1.3333333333333333,1.5,6.446316563629169,9.362365883097056,6.446316563629169,0.7971588863963264,5.035578952105095,0.7971588863963264,,,,,,,,,,,,,,,,,,,,,,,,,,
2026_13_DET_ATL,2026,13,ATL,DET,7.0,10.0,-0.026019571301306138,0.05796899575357858,-0.026019571301306138,0.5139868002677601,0.5501805985552116,0.5139868002677601,0.08904929503807213,0.09170536635706915,0.08904929503807213,0.025671230440967283,0.025219298245614034,0.025671230440967283,0.3636731385809049,0.3661760569206585,0.3636731385809049,-0.11227903529296565,0.05240420208961133,-0.11227903529296565,0.09627633399283132,0.1556026228577863,0.09627633399283132,-0.04486357267602255,0.018880948604963727,-0.04486357267602255,0.4452458897133712,0.4603278529511616,0.4452458897133712,0.055445584169940346,0.05614966778214268,0.055445584169940346,0.009371453513749455,0.008050826907221495,0.009371453513749455,0.15670622136136952,0.2086133939564069,0.15670622136136952,0.5523081850134909,0.571536361379995,0.5523081850134909,0.07502982409787108,0.07136593033838008,0.07502982409787108,0.002688172043010753,0.0,0.002688172043010753,0.5190089135872269,0.5454917382628226,0.5190089135872269,0.26255129545484124,0.34392568915045024,0.26255129545484124,-0.06592612583036535,-0.0807579939558867,-0.06592612583036535,0.1665762074666667,0.23850561032501813,0.1665762074666667,0.510404411764706,0.536748366013072,0.510404411764706,0.10730392156862745,0.1169281045751634,0.10730392156862745,0.010686274509803922,0.0044444444444444444,0.010686274509803922,21.0,20.666666666666668,21.0,177.0,188.33333333333334,177.0,0.75,0.6666666666666666,0.75,1.25,1.0,1.25,1.5,0.6666666666666666,1.5,-1.9486731724686526,2.6566182478611684,-1.9486731724686526,-4.174953236767758,-2.093933193808626,-4.174953236767758,40.25,40.666666666666664,40.25,303.5,336.0,303.5,2.25,2.3333333333333335,2.25,0.0,0.0,0.0,2.0,2.3333333333333335,2.0,12.222878182108985,14.345667253100727,12.222878182108985,2.056106808235179,3.7113713119630223,2.056106808235179,,,,,,,,,,,,,,,,,,,,,,,,,,
2026_13_JAX_CHI,2026,13,CHI,JAX,10.0,7.0,0.1141436378280993,0.019221763327520427,0.1141436378280993,0.5079740860990861,0.48411696328362996,0.5079740860990861,0.0918923861632195,0.08843227246005024,0.0918923861632195,0.017062991021324355,0.015174897119341562,0.017062991021324355,0.4137599428663719,0.4342556813975868,0.4137599428663719,0.19803596807468607,0.11431392938111713,0.19803596807468607,0.0323862323957393,-0.08272822032860595,0.0323862323957393,-0.043727466271272074,-0.10163840856746444,-0.043727466271272074,0.45463631379024827,0.4375070529251503,0.45463631379024827,0.07264670715555553,0.06473376215118247,0.07264670715555553,0.01895513086830079,0.017241379310344827,0.01895513086830079,0.1806901514807951,0.13192642270706453,0.1806901514807951,0.540006038647343,0.506466384863124,0.540006038647343,0.08712635869565218,0.06929347826086957,0.08712635869565218,0.007095410628019324,0.009460547504025765,0.007095410628019324,0.41920826429163216,0.4339443523888429,0.41920826429163216,0.3137043547700914,0.15408530987731625,0.3137043547700914,0.06556005055766415,0.10004080026360397,0.06556005055766415,-0.029490075920002308,-0.02356886734290074,-0.029490075920002308,0.47259979862591805,0.4661119008133934,0.47259979862591805,0.07574478796493722,0.07982902945589514,0.07574478796493722,0.028036898839137646,0.02680052120350628,0.028036898839137646,30.75,31.333333333333332,30.75,230.5,217.66666666666666,230.5,1.0,0.6666666666666666,1.0,0.5,0.6666666666666666,0.5,1.5,1.3333333333333333,1.5,8.176464170546858,4.713523170106895,8.176464170546858,5.433587391452958,1.7180039022315883,5.433587391452958,26.0,27.0,26.0,210.75,199.33333333333334,210.75,2.0,1.3333333333333333,2.0,0.5,0.6666666666666666,0.5,2.0,2.3333333333333335,2.0,7.936949496801796,4.242107413481726,7.936949496801796,10.380772024171124,6.399239413026021,10.380772024171124,,,,,,,,,,,,,,,,,,,,,,,,,,
2026_13_CIN_CLE,2026,13,CLE,CIN,7.0,7.0,0.03646472644512655,0.06437086914393775,0.03646472644512655,0.4990916812655943,0.5014344109996284,0.4990916812655943,0.059016828582045974,0.05752508361204014,0.059016828582045974,0.017808302808302808,0.013162393162393163,0.017808302808302808,0.45693565016130105,0.46170654994184407,0.45693565016130105,0.07129367323799057,0.216478373955558,0.07129367323799057,-0.1719729892608971,-0.2415060652994603,-0.1719729892608971,0.08159016303944597,-0.00020689521473431458,0.08159016303944597,0.5058113159855258,0.46087342131403436,0.5058113159855258,0.09875113080034056,0.08479317440045409,0.09875113080034056,0.012171402724563643,0.016228536966084856,0.012171402724563643,0.09201308181827032,0.09884881469513133,0.09201308181827032,0.48556511056511054,0.4742599742599743,0.48556511056511054,0.07275944775944776,0.0667095667095667,0.07275944775944776,0.01267135642135642,0.012566137566137565,0.01267135642135642,0.5481547168958145,0.5729782190189808,0.5481547168958145,0.10733583649416452,0.1674380881257543,0.10733583649416452,-0.08384502616603288,-0.14423211792592597,-0.08384502616603288,0.04699424642761679,0.08443653160114924,0.04699424642761679,0.4886801491081382,0.47208635265700477,0.4886801491081382,0.08980687941285767,0.10435789049919485,0.08980687941285767,0.02263099219620959,0.00966183574879227,0.02263099219620959,28.75,31.0,28.75,213.75,216.66666666666666,213.75,1.5,1.6666666666666667,1.5,0.5,0.3333333333333333,0.5,2.75,2.0,2.75,4.134775975382055,7.366408698682321,4.134775975382055,1.71397661613135,-1.1550297611725535,1.71397661613135,39.25,40.666666666666664,39.25,292.75,305.6666666666667,292.75,1.75,2.0,1.75,0.75,0.6666666666666666,0.75,2.25,2.6666666666666665,2.25,4.716609270158397,7.164463381018454,4.716609270158397,4.632584458671904,4.059535021751475,4.632584458671904,,,,,,,,,,,,,,,,,,,,,,,,,,
2026_13_GB_NO,2026,13,NO,GB,7.0,11.0,-0.005293048360227478,0.00934660255582588,-0.005293048360227478,0.4754726341947437,0.4901726625864557,0.4754726341947437,0.05920330514651001,0.052793949345673476,0.05920330514651001,0.021720757268424613,0.019157088122605363,0.021720757268424613,0.5478089375284998,0.5310655114759082,0.5478089375284998,0.032825762864047925,0.0491337286368859,0.032825762864047925,-0.08292202773960373,-0.08847953817173927,-0.08292202773960373,0.10647199924817373,0.14163443113881255,0.10647199924817373,0.554913966724695,0.5750107369949337,0.554913966724695,0.08623734104312711,0.0863092862653881,0.08623734104312711,0.009666268573346088,0.00930412870711378,0.009666268573346088,-0.03510056544351925,-0.014193070887323482,-0.03510056544351925,0.45264505185391263,0.4646378469163279,0.45264505185391263,0.062887165577039,0.04813526838843294,0.062887165577039,0.02089959969706805,0.01992962499291613,0.02089959969706805,0.5592885674514314,0.5587262200165426,0.5592885674514314,0.03467342086398541,0.06582286617860096,0.03467342086398541,-0.36062054344857286,-0.33781668758934075,-0.36062054344857286,0.046801226320419886,0.0538874934141507,0.046801226320419886,0.4875537458165714,0.5104320214491223,0.4875537458165714,0.055777742927866907,0.06536131489481353,0.055777742927866907,0.013710105583715666,0.013775636273783051,0.013710105583715666,45.0,41.333333333333336,45.0,300.75,264.3333333333333,300.75,2.25,2.0,2.25,0.75,0.3333333333333333,0.75,3.0,2.3333333333333335,3.0,1.740578409076187,2.656544636290428,1.740578409076187,4.253017598071094,6.0725582861308505,4.253017598071094,38.5,37.333333333333336,38.5,260.25,218.0,260.25,2.0,2.0,2.0,0.75,0.6666666666666666,0.75,2.0,1.3333333333333333,2.0,1.1523960315345447,2.437743406603932,1.1523960315345447,-6.6163849212516395,-5.603828397431513,-6.6163849212516395,,,,,,,,,,,,,,,,,,,,,,,,,,
2026_13_SF_NYG,2026,13,NYG,SF,7.0,7.0,0.006493002490323427,-0.09920029691903344,0.006493002490323427,0.4428581135938438,0.38433713391459867,0.4428581135938438,0.051001623777754246,0.05045830538788285,0.051001623777754246,0.016860902255639097,0.018095238095238095,0.016860902255639097,0.4351743047395221,0.4405927666797232,0.4351743047395221,0.014663715912634719,-0.2160661405928355,0.014663715912634719,-0.13802534070292533,-0.2042759136584121,-0.13802534070292533,-0.0012634584217439404,-0.05730219699621856,-0.0012634584217439404,0.4851244952411321,0.49091868182688586,0.4851244952411321,0.06845212496097068,0.0858931558619394,0.06845212496097068,0.028107145067410154,0.03209984933719203,0.028107145067410154,0.2837401253058599,0.33045305973302525,0.2837401253058599,0.5773135621184624,0.5786403050468386,0.5773135621184624,0.11436699114557554,0.12582265486076738,0.11436699114557554,0.00662280701754386,0.0043859649122807015,0.00662280701754386,0.41186891344786086,0.39600539811066127,0.41186891344786086,0.5827797552460245,0.7297295997801805,0.5827797552460245,0.045266618070794115,-0.01315002474972668,0.045266618070794115,0.030823408413467847,0.11445311012667786,0.030823408413467847,0.4847847754253789,0.5021010936019977,0.4847847754253789,0.0319687727726647,0.02272453285111513,0.0319687727726647,0.010013706975327444,0.003401360544217687,0.010013706975327444,26.75,26.0,26.75,177.25,159.66666666666666,177.25,1.5,1.0,1.5,0.75,1.0,0.75,2.75,3.0,2.75,0.7976973932247889,-6.2405540918004165,0.7976973932247889,-3.849986347403323,-9.594501192201585,-3.849986347403323,28.25,26.333333333333332,28.25,251.75,267.3333333333333,251.75,2.75,2.6666666666666665,2.75,0.25,0.0,0.25,0.0,0.0,0.0,14.896443385994043,18.253382002698416,14.896443385994043,6.132157008781988,7.919023951353924,6.132157008781988,,,,,,,,,,,,,,,,,,,,,,,,,,
2026_13_LAC_TB,2026,13,TB,LAC,6.0,7.0,-0.08614008487593638,-0.09307591013692167,-0.08614008487593638,0.45180602847856366,0.42292085848423877,0.45180602847856366,0.05642654000928649,0.05985077129443326,0.05642654000928649,0.0315042498581231,0.02149284596467695,0.0315042498581231,0.4817907995618839,0.4757210660825119,0.4817907995618839,-0.2553665432504918,-0.2580693202665265,-0.2553665432504918,-0.011232668870502185,0.011929151758878723,-0.011232668870502185,0.010685284145078714,-0.009588248869124153,0.010685284145078714,0.46778024495415793,0.4505468201120375,0.46778024495415793,0.05877030333552073,0.048057374144330665,0.05877030333552073,0.014561639561639562,0.015086515086515087,0.014561639561639562,-0.16480540260291193,-0.1298451458020771,-0.16480540260291193,0.43657915504166533,0.44769693790501625,0.43657915504166533,0.07560979017823492,0.07930767722689387,0.07560979017823492,0.029900620660975222,0.02911480604259062,0.029900620660975222,0.4449937159614579,0.43203463203463205,0.4449937159614579,-0.1553756493588359,-0.144860128955956,-0.1553756493588359,-0.16545872561455968,-0.11213158877207674,-0.16545872561455968,0.023020096041020576,0.006804844221700135,0.023020096041020576,0.4790728228228229,0.4720970970970971,0.4790728228228229,0.07944551694551694,0.08608608608608609,0.07944551694551694,0.027120870870870874,0.036161161161161165,0.027120870870870874,30.75,31.666666666666668,30.75,190.75,182.33333333333334,190.75,0.75,1.0,0.75,1.0,1.3333333333333333,1.0,4.0,4.0,4.0,-8.543065631932876,-9.587247694064805,-8.543065631932876,1.1619188566879113,-3.1242621736926623,1.1619188566879113,29.75,30.666666666666668,29.75,204.0,202.33333333333334,204.0,1.0,1.0,1.0,1.5,1.6666666666666667,1.5,3.0,3.0,3.0,-5.143134782981752,-4.988290938300914,-5.143134782981752,-4.346979795763358,-3.726181019945671,-4.346979795763358,,,,,,,,,,,,,,,,,,,,,,,,,,
2026_13_WAS_TEN,2026,13,TEN,WAS,7.0,7.0,-0.08613970667452825,-0.05785638441108254,-0.08613970667452825,0.45301058329615707,0.44776411106154274,0.45301058329615707,0.06337062249059972,0.07407749665413295,0.06337062249059972,0.018301444697597348,0.0191935929301298,0.018301444697597348,0.47286633403361344,0.4481967787114846,0.47286633403361344,-0.12028579062453473,-0.09036911373240779,-0.12028579062453473,-0.011253756088963715,-0.05164045572881565,-0.011253756088963715,0.10522877133938018,0.07898123575395055,0.10522877133938018,0.48157215080344223,0.46191602089107603,0.48157215080344223,0.07996914188921657,0.07509399098742388,0.07996914188921657,0.006024096385542169,0.008032128514056226,0.006024096385542169,-0.029658132563212994,-0.05637507356571366,-0.029658132563212994,0.43337765144568735,0.427043217800599,0.43337765144568735,0.06181612568005379,0.06258023106546855,0.06181612568005379,0.006338254172015404,0.008451005562687205,0.006338254172015404,0.44706818239534474,0.4515125966074476,0.44706818239534474,0.004333421250685879,-0.030387248102538834,0.004333421250685879,-0.11193082254276396,-0.15098220459818143,-0.11193082254276396,0.09265004072306829,0.10047292343004403,0.09265004072306829,0.5141549001222617,0.5384810433002706,0.5141549001222617,0.07169606004614693,0.06618298202231354,0.07169606004614693,0.01558837318330989,0.02078449757774652,0.01558837318330989,29.75,29.0,29.75,181.5,195.33333333333334,181.5,0.75,0.6666666666666666,0.75,0.5,0.6666666666666666,0.5,1.5,1.0,1.5,-3.379584406637437,-2.0556946270059013,-3.379584406637437,3.4139458071283935,4.422012252800939,3.4139458071283935,28.75,27.0,28.75,157.25,155.0,157.25,1.75,1.6666666666666667,1.75,0.25,0.3333333333333333,0.25,1.0,1.0,1.0,-0.5671165852674691,-2.0581005987476115,-0.5671165852674691,-3.005027401437662,-2.8582689445465803,-3.005027401437662,,,,,,,,,,,,,,,,,,,,,,,,,,
2026_13_PHI_ARI,2026,13,ARI,PHI,7.0,10.0,-0.035179604016143035,-0.07079475585451801,-0.035179604016143035,0.48512565121628104,0.4801675349550414,0.48512565121628104,0.03125888945781419,0.021837249435815744,0.03125888945781419,0.015842537731938652,0.02112338364258487,0.015842537731938652,0.4924503115420499,0.5021288706739527,0.4924503115420499,-0.07808093794245746,-0.18316813379304195,-0.07808093794245746,-0.053516651231944455,-0.0813877511119224,-0.053516651231944455,0.07619913301005453,0.19149423501521148,0.07619913301005453,0.46794930875576035,0.4895238095238095,0.46794930875576035,0.09015500628403854,0.09870129870129869,0.09015500628403854,0.021311269375785508,0.01766233766233766,0.021311269375785508,-0.04612291219001544,-0.0845576804540676,-0.04612291219001544,0.4368739692061377,0.43543980207877175,0.4368739692061377,0.0624154971951839,0.0538088982210295,0.0624154971951839,0.01895513086830079,0.02527350782440105,0.01895513086830079,0.4532828701865512,0.46507367766167035,0.4532828701865512,-0.17917476706950808,-0.2540589314237278,-0.17917476706950808,-0.022929830756340988,-0.06460872897547452,-0.022929830756340988,0.05983369056922259,0.06294735727753378,0.05983369056922259,0.5001082251082252,0.516017316017316,0.5001082251082252,0.06578005328005329,0.06786546786546788,0.06578005328005329,0.005494505494505495,0.007326007326007327,0.005494505494505495,38.0,38.333333333333336,38.0,204.5,180.33333333333334,204.5,1.5,1.6666666666666667,1.5,1.0,1.3333333333333333,1.0,1.75,2.0,1.75,-1.789957543749424,-5.39089828671698,-1.789957543749424,0.9892456997191476,-0.21630676500089896,0.9892456997191476,28.5,29.666666666666668,28.5,178.25,170.0,178.25,1.75,1.3333333333333333,1.75,0.75,1.0,0.75,3.0,3.0,3.0,-2.2672522574257448,-3.4474617858370693,-2.2672522574257448,-0.40759184242038593,-0.8327695559832003,-0.40759184242038593,,,,,,,,,,,,,,,,,,,,,,,,,,
2026_13_MIA_DEN,2026,13,DEN,MIA,9.0,7.0,0.007821444896673267,0.07693071956930457,0.007821444896673267,0.46422136893649074,0.46595636076777996,0.46422136893649074,0.057167458868869245,0.07075879761750872,0.057167458868869245,0.015217538279268026,0.009361089290390154,0.015217538279268026,0.5070834866887498,0.498333537807222,0.5070834866887498,-0.023530806317518787,0.1184317559011629,-0.023530806317518787,-0.022547862340055153,0.004123489999893533,-0.022547862340055153,0.08924681035233478,0.05907393003858596,0.08924681035233478,0.4933040613125659,0.49323658391459,0.4933040613125659,0.08777756093097337,0.0867337176049342,0.08777756093097337,0.015314054512018605,0.016089735020353813,0.015314054512018605,-0.14076859746921866,-0.12110620993382935,-0.14076859746921866,0.39069115095430884,0.39784461152882206,0.39069115095430884,0.07566367842683633,0.06498746867167919,0.07566367842683633,0.019271255060728746,0.015438596491228071,0.019271255060728746,0.4362471395881007,0.4149961861174676,0.4362471395881007,-0.2222894383428996,-0.20024126545875817,-0.2222894383428996,-0.055899321524586806,-0.02703969405888808,-0.055899321524586806,0.13925104021792037,0.1748282217410675,0.13925104021792037,0.5269833417153186,0.540363753866039,0.5269833417153186,0.08969207137078258,0.09765960393297328,0.08969207137078258,0.010745614035087718,0.005555555555555556,0.010745614035087718,33.75,35.666666666666664,33.75,204.75,229.33333333333334,204.75,1.25,1.3333333333333333,1.25,0.75,0.6666666666666666,0.75,1.25,0.3333333333333333,1.25,-0.5764045990066502,4.02525779304248,-0.5764045990066502,-2.9256460681492484,-1.307681144526116,-2.9256460681492484,25.75,25.333333333333332,25.75,178.0,164.0,178.0,0.25,0.3333333333333333,0.25,0.5,0.3333333333333333,0.5,2.75,2.0,2.75,-4.373726229028161,-4.001718406341058,-4.373726229028161,-9.202447275063797,-9.319847514257406,-9.202447275063797,,,,,,,,,,,,,,,,,,,,,,,,,,
2026_13_CAR_MIN,2026,13,MIN,CAR,7.0,6.0,-0.024195758249175733,-0.04077515267864346,-0.024195758249175733,0.39842937574185144,0.3915995280161623,0.39842937574185144,0.05784997006333967,0.06812428440877721,0.05784997006333967,0.006756756756756757,0.0045045045045045045,0.006756756756756757,0.4234687810508992,0.43849891527507284,0.4234687810508992,-0.08832344442676934,-0.12394098261348968,-0.08832344442676934,-0.10269216522773571,-0.1189112699376209,-0.10269216522773571,-0.15515538262958883,-0.17426616046874957,-0.15515538262958883,0.3810449735449736,0.36917107583774245,0.3810449735449736,0.07540564373897707,0.06482657260435037,0.07540564373897707,0.023077601410934744,0.022833627278071724,0.023077601410934744,0.11702604375675155,0.11269960480323371,0.11702604375675155,0.4873072411349251,0.48106828938471935,0.4873072411349251,0.08857407316894353,0.08597025016903313,0.08857407316894353,0.008897659603932974,0.0038314176245210726,0.008897659603932974,0.5320202089400499,0.5447512250887908,0.5320202089400499,0.22300513001539274,0.21365398378342618,0.22300513001539274,-0.05775023295628121,-0.09537727561531535,-0.05775023295628121,0.035000205721044356,-0.0863028128152195,0.035000205721044356,0.477022487316605,0.4428481649069885,0.477022487316605,0.06887983340189223,0.05774886877828054,0.06887983340189223,0.024511946386946388,0.025106837606837604,0.024511946386946388,26.25,28.666666666666668,26.25,172.75,186.0,172.75,1.0,0.3333333333333333,1.0,0.25,0.3333333333333333,0.25,3.25,3.3333333333333335,3.25,-1.8144806876133537,-4.081678120415504,-1.8144806876133537,-2.9832216492412904,-1.5571783016386782,-2.9832216492412904,40.5,41.666666666666664,40.5,317.0,302.3333333333333,317.0,2.25,2.0,2.25,0.5,0.3333333333333333,0.5,2.5,2.6666666666666665,2.5,10.300379856796933,8.560585376453988,10.300379856796933,6.132159628809991,5.964684393882333,6.132159628809991,,,,,,,,,,,,,,,,,,,,,,,,,,
2026_13_BUF_NE,2026,13,NE,BUF,7.0,10.0,-0.060419780865163704,-0.053636377770297054,-0.060419780865163704,0.46107127507744206,0.46518905053060644,0.46107127507744206,0.08276397200733064,0.09753144985592803,0.08276397200733064,0.03397892035226001,0.03248471431583386,0.03397892035226001,0.4537663254886556,0.4491776114740516,0.4537663254886556,-0.11651124840408737,-0.11255801495557961,-0.11651124840408737,0.0033094769725084995,0.033700162535733214,0.0033094769725084995,0.014683888407503457,-0.005354046901429298,0.014683888407503457,0.4708552936524144,0.46961496780773887,0.4708552936524144,0.07344796862996782,0.06403231975521133,0.07344796862996782,0.016639175750621533,0.022185567667495378,0.016639175750621533,0.19389511142951354,0.17718136558085787,0.19389511142951354,0.5192702630669048,0.5331563706563708,0.5192702630669048,0.1229492018671123,0.12413127413127413,0.1229492018671123,0.024034749034749035,0.032046332046332046,0.024034749034749035,0.4584856382138586,0.44969802266898323,0.4584856382138586,0.20221865158416258,0.11821836954928329,0.20221865158416258,0.13684891029334226,0.22602513157811643,0.13684891029334226,0.09736157266317838,0.09567055252063317,0.09736157266317838,0.5302788797204284,0.5348773341327324,0.5302788797204284,0.09363335845093104,0.09554044863054544,0.09363335845093104,0.014623611682435212,0.01217214158390629,0.014623611682435212,29.25,28.0,29.25,213.5,225.33333333333334,213.5,1.0,1.0,1.0,1.75,1.3333333333333333,1.75,2.5,2.3333333333333335,2.5,-2.2567784958981347,-1.4685866095355185,-2.2567784958981347,2.080397172537725,0.7837126770662883,2.080397172537725,29.75,30.0,29.75,259.75,235.0,259.75,1.5,1.3333333333333333,1.5,0.75,1.0,0.75,2.25,2.3333333333333335,2.25,8.485946157317821,6.469586901076558,8.485946157317821,5.820897312309498,5.047367988961665,5.820897312309498,,,,,,,,,,,,,,,,,,,,,,,,,,
2026_13_HOU_PIT,2026,13,PIT,HOU,9.0,7.0,-0.05865213980463708,0.0004961924334776976,-0.05865213980463708,0.4671707765037606,0.4895610353383475,0.4671707765037606,0.07658311183542543,0.08433303800278946,0.07658311183542543,0.022776646036642544,0.025924416937745613,0.022776646036642544,0.5499782059365834,0.5396105808884176,0.5499782059365834,-0.13070207208742093,-0.06628752703161858,-0.13070207208742093,-0.02495502485644363,0.050795171167058784,-0.02495502485644363,0.018119392676324793,0.11682094772375318,0.018119392676324793,0.49675457715780297,0.5272043010752688,0.49675457715780297,0.0900283347863993,0.09301075268817204,0.0900283347863993,0.024960161774677907,0.024271206690561528,0.024960161774677907,-0.007104739494929159,-0.04361786369017689,-0.007104739494929159,0.4555751462467881,0.43527235616787857,0.4555751462467881,0.08174329816120861,0.07968703491091551,0.08174329816120861,0.005494505494505495,0.0,0.005494505494505495,0.5078664943791558,0.5253034739870225,0.5078664943791558,0.06468450506761518,0.07407980502283656,0.06468450506761518,-0.16633112135104772,-0.25858544165020897,-0.16633112135104772,0.08258746448108978,0.028771169649626147,0.08258746448108978,0.44833707605691064,0.43857878797637834,0.44833707605691064,0.0816647739862989,0.06908537029018957,0.0816647739862989,0.009036144578313253,0.012048192771084336,0.009036144578313253,38.25,37.666666666666664,38.25,249.75,259.3333333333333,249.75,1.75,2.0,1.75,1.0,1.3333333333333333,1.0,3.25,3.6666666666666665,3.25,-4.5747589667659625,-3.4869635321114525,-4.5747589667659625,-3.4437064553965655,-5.003102898238917,-3.4437064553965655,37.75,37.666666666666664,37.75,285.25,289.0,285.25,1.25,1.0,1.25,0.0,0.0,0.0,3.0,3.0,3.0,1.8068844877002688,1.9103650458403614,1.8068844877002688,2.5078010023755493,2.2898421776600375,2.5078010023755493,,,,,,,,,,,,,,,,,,,,,,,,,,
2026_13_DAL_SEA,2026,13,SEA,DAL,8.0,11.0,0.06962581722046447,0.06790185818251875,0.06962581722046447,0.4933006507865265,0.4995421106532218,0.4933006507865265,0.08398499570815955,0.0780816891928003,0.08398499570815955,0.019262769262769264,0.025683692350359017,0.019262769262769264,0.4309138347035496,0.425126492248411,0.4309138347035496,0.16643086328697054,0.16590206254841208,0.16643086328697054,-0.1688324932304218,-0.20471159713694417,-0.1688324932304218,-0.10749100122304668,-0.11639800491414103,-0.10749100122304668,0.4150128174632777,0.4037777737117206,0.4150128174632777,0.043142821352617704,0.04470324898297745,0.043142821352617704,0.022368572912458883,0.01700425106276569,0.022368572912458883,0.16012706161710769,0.15788516305558356,0.16012706161710769,0.5234810596609654,0.542060767719997,0.5234810596609654,0.0532659435811631,0.06564491402219597,0.0532659435811631,0.0069058212829069335,0.0038314176245210726,0.0069058212829069335,0.5171555864817285,0.5067450830509069,0.5171555864817285,0.29203132298283724,0.2876015407951354,0.29203132298283724,-0.020189098131197084,-0.04717694437999781,-0.020189098131197084,0.16746099151762128,0.11542368845069702,0.16746099151762128,0.5351058092081313,0.5073340614003156,0.5351058092081313,0.10101677108679964,0.11714516846661005,0.10101677108679964,0.006338254172015404,0.0040650406504065045,0.006338254172015404,28.75,31.0,28.75,242.25,260.6666666666667,242.25,2.5,3.0,2.5,0.75,1.0,0.75,1.25,1.3333333333333333,1.25,5.35974044405344,4.998122275349421,5.35974044405344,4.746487511881998,4.735512551102604,4.746487511881998,37.5,38.666666666666664,37.5,266.25,296.6666666666667,266.25,2.0,2.0,2.0,0.25,0.0,0.25,1.5,2.0,1.5,12.159050178521934,12.751765983175227,12.159050178521934,6.298653113689049,5.8215819502486434,6.298653113689049,,,,,,,,,,,,,,,,,,,,,,,,,,
2026_14_MIN_NE,2026,14,NE,MIN,4.0,4.0,-0.060419780865163704,-0.053636377770297054,-0.060419780865163704,0.46107127507744206,0.46518905053060644,0.46107127507744206,0.08276397200733064,0.09753144985592803,0.08276397200733064,0.03397892035226001,0.03248471431583386,0.03397892035226001,0.4537663254886556,0.4491776114740516,0.4537663254886556,-0.11651124840408737,-0.11255801495557961,-0.11651124840408737,0.0033094769725084995,0.033700162535733214,0.0033094769725084995,0.014683888407503457,-0.005354046901429298,0.014683888407503457,0.4708552936524144,0.46961496780773887,0.4708552936524144,0.07344796862996782,0.06403231975521133,0.07344796862996782,0.016639175750621533,0.022185567667495378,0.016639175750621533,-0.024195758249175733,-0.04077515267864346,-0.024195758249175733,0.39842937574185144,0.3915995280161623,0.39842937574185144,0.05784997006333967,0.06812428440877721,0.05784997006333967,0.006756756756756757,0.0045045045045045045,0.006756756756756757,0.4234687810508992,0.43849891527507284,0.4234687810508992,-0.08832344442676934,-0.12394098261348968,-0.08832344442676934,-0.10269216522773571,-0.1189112699376209,-0.10269216522773571,-0.15515538262958883,-0.17426616046874957,-0.15515538262958883,0.3810449735449736,0.36917107583774245,0.3810449735449736,0.07540564373897707,0.06482657260435037,0.07540564373897707,0.023077601410934744,0.022833627278071724,0.023077601410934744,29.25,28.0,29.25,213.5,225.33333333333334,213.5,1.0,1.0,1.0,1.75,1.3333333333333333,1.75,2.5,2.3333333333333335,2.5,-2.2567784958981347,-1.4685866095355185,-2.2567784958981347,2.080397172537725,0.7837126770662883,2.080397172537725,26.25,28.666666666666668,26.25,172.75,186.0,172.75,1.0,0.3333333333333333,1.0,0.25,0.3333333333333333,0.25,3.25,3.3333333333333335,3.25,-1.8144806876133537,-4.081678120415504,-1.8144806876133537,-2.9832216492412904,-1.5571783016386782,-2.9832216492412904,,,,,,,,,,,,,,,,,,,,,,,,,,
2026_14_TB_BAL,2026,14,BAL,TB,14.0,7.0,0.16064151754950937,0.10981452440018885,0.16064151754950937,0.5464133876074174,0.5467330016583748,0.5464133876074174,0.111210828972023,0.10932006633499171,0.111210828972023,0.006978096530335336,0.004975124378109453,0.006978096530335336,0.3820982923221729,0.39390883420734163,0.3820982923221729,0.3656025607512006,0.36212635779913627,0.3656025607512006,0.05693271481630258,-0.01734681333870776,0.05693271481630258,0.02066703118038173,0.06817387989164064,0.02066703118038173,0.4699920480586486,0.4768976099719178,0.4699920480586486,0.07681628821587012,0.06860529250038722,0.07681628821587012,0.01716219355111177,0.013221088986023422,0.01716219355111177,-0.08614008487593638,-0.09307591013692167,-0.08614008487593638,0.45180602847856366,0.42292085848423877,0.45180602847856366,0.05642654000928649,0.05985077129443326,0.05642654000928649,0.0315042498581231,0.02149284596467695,0.0315042498581231,0.4817907995618839,0.4757210660825119,0.4817907995618839,-0.2553665432504918,-0.2580693202665265,-0.2553665432504918,-0.011232668870502185,0.011929151758878723,-0.011232668870502185,0.010685284145078714,-0.009588248869124153,0.010685284145078714,0.46778024495415793,0.4505468201120375,0.46778024495415793,0.05877030333552073,0.048057374144330665,0.05877030333552073,0.014561639561639562,0.015086515086515087,0.014561639561639562,24.0,23.666666666666668,24.0,241.75,214.33333333333334,241.75,1.5,1.6666666666666667,1.5,0.25,0.3333333333333333,0.25,1.75,1.6666666666666667,1.75,9.335359061520757,8.999254332877127,9.335359061520757,8.28603445670043,9.447465859267902,8.28603445670043,30.75,31.666666666666668,30.75,190.75,182.33333333333334,190.75,0.75,1.0,0.75,1.0,1.3333333333333333,1.0,4.0,4.0,4.0,-8.543065631932876,-9.587247694064805,-8.543065631932876,1.1619188566879113,-3.1242621736926623,1.1619188566879113,,,,,,,,,,,,,,,,,,,,,,,,,,
2026_14_NO_CAR,2026,14,CAR,NO,7.0,7.0,0.11702604375675155,0.11269960480323371,0.11702604375675155,0.4873072411349251,0.48106828938471935,0.4873072411349251,0.08857407316894353,0.08597025016903313,0.08857407316894353,0.008897659603932974,0.0038314176245210726,0.008897659603932974,0.5320202089400499,0.5447512250887908,0.5320202089400499,0.22300513001539274,0.21365398378342618,0.22300513001539274,-0.05775023295628121,-0.09537727561531535,-0.05775023295628121,0.035000205721044356,-0.0863028128152195,0.035000205721044356,0.477022487316605,0.4428481649069885,0.477022487316605,0.06887983340189223,0.05774886877828054,0.06887983340189223,0.024511946386946388,0.025106837606837604,0.024511946386946388,-0.005293048360227478,0.00934660255582588,-0.005293048360227478,0.4754726341947437,0.4901726625864557,0.4754726341947437,0.05920330514651001,0.052793949345673476,0.05920330514651001,0.021720757268424613,0.019157088122605363,0.021720757268424613,0.5478089375284998,0.5310655114759082,0.5478089375284998,0.032825762864047925,0.0491337286368859,0.032825762864047925,-0.08292202773960373,-0.08847953817173927,-0.08292202773960373,0.10647199924817373,0.14163443113881255,0.10647199924817373,0.554913966724695,0.5750107369949337,0.554913966724695,0.08623734104312711,0.0863092862653881,0.08623734104312711,0.009666268573346088,0.00930412870711378,0.009666268573346088,40.5,41.666666666666664,40.5,317.0,302.3333333333333,317.0,2.25,2.0,2.25,0.5,0.3333333333333333,0.5,2.5,2.6666666666666665,2.5,10.300379856796933,8.560585376453988,10.300379856796933,6.132159628809991,5.964684393882333,6.132159628809991,45.0,41.333333333333336,45.0,300.75,264.3333333333333,300.75,2.25,2.0,2.25,0.75,0.3333333333333333,0.75,3.0,2.3333333333333335,3.0,1.740578409076187,2.656544636290428,1.740578409076187,4.253017598071094,6.0725582861308505,4.253017598071094,,,,,,,,,,,,,,,,,,,,,,,,,,
2026_14_ATL_CLE,2026,14,CLE,ATL,7.0,7.0,0.03646472644512655,0.06437086914393775,0.03646472644512655,0.4990916812655943,0.5014344109996284,0.4990916812655943,0.059016828582045974,0.05752508361204014,0.059016828582045974,0.017808302808302808,0.013162393162393163,0.017808302808302808,0.45693565016130105,0.46170654994184407,0.45693565016130105,0.07129367323799057,0.216478373955558,0.07129367323799057,-0.1719729892608971,-0.2415060652994603,-0.1719729892608971,0.08159016303944597,-0.00020689521473431458,0.08159016303944597,0.5058113159855258,0.46087342131403436,0.5058113159855258,0.09875113080034056,0.08479317440045409,0.09875113080034056,0.012171402724563643,0.016228536966084856,0.012171402724563643,-0.026019571301306138,0.05796899575357858,-0.026019571301306138,0.5139868002677601,0.5501805985552116,0.5139868002677601,0.08904929503807213,0.09170536635706915,0.08904929503807213,0.025671230440967283,0.025219298245614034,0.025671230440967283,0.3636731385809049,0.3661760569206585,0.3636731385809049,-0.11227903529296565,0.05240420208961133,-0.11227903529296565,0.09627633399283132,0.1556026228577863,0.09627633399283132,-0.04486357267602255,0.018880948604963727,-0.04486357267602255,0.4452458897133712,0.4603278529511616,0.4452458897133712,0.055445584169940346,0.05614966778214268,0.055445584169940346,0.009371453513749455,0.008050826907221495,0.009371453513749455,28.75,31.0,28.75,213.75,216.66666666666666,213.75,1.5,1.6666666666666667,1.5,0.5,0.3333333333333333,0.5,2.75,2.0,2.75,4.134775975382055,7.366408698682321,4.134775975382055,1.71397661613135,-1.1550297611725535,1.71397661613135,21.0,20.666666666666668,21.0,177.0,188.33333333333334,177.0,0.75,0.6666666666666666,0.75,1.25,1.0,1.25,1.5,0.6666666666666666,1.5,-1.9486731724686526,2.6566182478611684,-1.9486731724686526,-4.174953236767758,-2.093933193808626,-4.174953236767758,,,,,,,,,,,,,,,,,,,,,,,,,,
2026_14_TEN_DET,2026,14,DET,TEN,7.0,7.0,0.15670622136136952,0.2086133939564069,0.15670622136136952,0.5523081850134909,0.571536361379995,0.5523081850134909,0.07502982409787108,0.07136593033838008,0.07502982409787108,0.002688172043010753,0.0,0.002688172043010753,0.5190089135872269,0.5454917382628226,0.5190089135872269,0.26255129545484124,0.34392568915045024,0.26255129545484124,-0.06592612583036535,-0.0807579939558867,-0.06592612583036535,0.1665762074666667,0.23850561032501813,0.1665762074666667,0.510404411764706,0.536748366013072,0.510404411764706,0.10730392156862745,0.1169281045751634,0.10730392156862745,0.010686274509803922,0.0044444444444444444,0.010686274509803922,-0.08613970667452825,-0.05785638441108254,-0.08613970667452825,0.45301058329615707,0.44776411106154274,0.45301058329615707,0.06337062249059972,0.07407749665413295,0.06337062249059972,0.018301444697597348,0.0191935929301298,0.018301444697597348,0.47286633403361344,0.4481967787114846,0.47286633403361344,-0.12028579062453473,-0.09036911373240779,-0.12028579062453473,-0.011253756088963715,-0.05164045572881565,-0.011253756088963715,0.10522877133938018,0.07898123575395055,0.10522877133938018,0.48157215080344223,0.46191602089107603,0.48157215080344223,0.07996914188921657,0.07509399098742388,0.07996914188921657,0.006024096385542169,0.008032128514056226,0.006024096385542169,40.25,40.666666666666664,40.25,303.5,336.0,303.5,2.25,2.3333333333333335,2.25,0.0,0.0,0.0,2.0,2.3333333333333335,2.0,12.222878182108985,14.345667253100727,12.222878182108985,2.056106808235179,3.7113713119630223,2.056106808235179,29.75,29.0,29.75,181.5,195.33333333333334,181.5,0.75,0.6666666666666666,0.75,0.5,0.6666666666666666,0.5,1.5,1.0,1.5,-3.379584406637437,-2.0556946270059013,-3.379584406637437,3.4139458071283935,4.422012252800939,3.4139458071283935,,,,,,,,,,,,,,,,,,,,,,,,,,
2026_14_CHI_MIA,2026,14,MIA,CHI,7.0,7.0,-0.14076859746921866,-0.12110620993382935,-0.14076859746921866,0.39069115095430884,0.39784461152882206,0.39069115095430884,0.07566367842683633,0.06498746867167919,0.07566367842683633,0.019271255060728746,0.015438596491228071,0.019271255060728746,0.4362471395881007,0.4149961861174676,0.4362471395881007,-0.2222894383428996,-0.20024126545875817,-0.2222894383428996,-0.055899321524586806,-0.02703969405888808,-0.055899321524586806,0.13925104021792037,0.1748282217410675,0.13925104021792037,0.5269833417153186,0.540363753866039,0.5269833417153186,0.08969207137078258,0.09765960393297328,0.08969207137078258,0.010745614035087718,0.005555555555555556,0.010745614035087718,0.1141436378280993,0.019221763327520427,0.1141436378280993,0.5079740860990861,0.48411696328362996,0.5079740860990861,0.0918923861632195,0.08843227246005024,0.0918923861632195,0.017062991021324355,0.015174897119341562,0.017062991021324355,0.4137599428663719,0.4342556813975868,0.4137599428663719,0.19803596807468607,0.11431392938111713,0.19803596807468607,0.0323862323957393,-0.08272822032860595,0.0323862323957393,-0.043727466271272074,-0.10163840856746444,-0.043727466271272074,0.45463631379024827,0.4375070529251503,0.45463631379024827,0.07264670715555553,0.06473376215118247,0.07264670715555553,0.01895513086830079,0.017241379310344827,0.01895513086830079,25.75,25.333333333333332,25.75,178.0,164.0,178.0,0.25,0.3333333333333333,0.25,0.5,0.3333333333333333,0.5,2.75,2.0,2.75,-4.373726229028161,-4.001718406341058,-4.373726229028161,-9.202447275063797,-9.319847514257406,-9.202447275063797,30.75,31.333333333333332,30.75,230.5,217.66666666666666,230.5,1.0,0.6666666666666666,1.0,0.5,0.6666666666666666,0.5,1.5,1.3333333333333333,1.5,8.176464170546858,4.713523170106895,8.176464170546858,5.433587391452958,1.7180039022315883,5.433587391452958,,,,,,,,,,,,,,,,,,,,,,,,,,
2026_14_DEN_NYJ,2026,14,NYJ,DEN,14.0,7.0,0.027433912679672805,-0.024745242458992612,0.027433912679672805,0.4872290881586234,0.4694586040313176,0.4872290881586234,0.06980557018787903,0.06154256205230718,0.06980557018787903,0.0033333333333333335,0.0044444444444444444,0.0033333333333333335,0.459888958726168,0.5020741671904463,0.459888958726168,0.12044471333778163,0.025108894110670466,0.12044471333778163,-0.163229287570642,-0.22084418451509147,-0.163229287570642,-0.0019136686206546096,0.05444499966074898,-0.0019136686206546096,0.5293509615384615,0.5495512820512821,0.5293509615384615,0.06466346153846153,0.07580128205128205,0.06466346153846153,0.012960737179487179,0.012072649572649571,0.012960737179487179,0.007821444896673267,0.07693071956930457,0.007821444896673267,0.46422136893649074,0.46595636076777996,0.46422136893649074,0.057167458868869245,0.07075879761750872,0.057167458868869245,0.015217538279268026,0.009361089290390154,0.015217538279268026,0.5070834866887498,0.498333537807222,0.5070834866887498,-0.023530806317518787,0.1184317559011629,-0.023530806317518787,-0.022547862340055153,0.004123489999893533,-0.022547862340055153,0.08924681035233478,0.05907393003858596,0.08924681035233478,0.4933040613125659,0.49323658391459,0.4933040613125659,0.08777756093097337,0.0867337176049342,0.08777756093097337,0.015314054512018605,0.016089735020353813,0.015314054512018605,29.25,31.0,29.25,225.5,229.0,225.5,1.25,1.6666666666666667,1.25,0.0,0.0,0.0,3.0,4.0,3.0,5.0157015971744245,3.4359847614129784,5.0157015971744245,5.5156565927293,3.075535148382187,5.5156565927293,33.75,35.666666666666664,33.75,204.75,229.33333333333334,204.75,1.25,1.3333333333333333,1.25,0.75,0.6666666666666666,0.75,1.25,0.3333333333333333,1.25,-0.5764045990066502,4.02525779304248,-0.5764045990066502,-2.9256460681492484,-1.307681144526116,-2.9256460681492484,,,,,,,,,,,,,,,,,,,,,,,,,,
2026_14_IND_PHI,2026,14,PHI,IND,7.0,14.0,-0.04612291219001544,-0.0845576804540676,-0.04612291219001544,0.4368739692061377,0.43543980207877175,0.4368739692061377,0.0624154971951839,0.0538088982210295,0.0624154971951839,0.01895513086830079,0.02527350782440105,0.01895513086830079,0.4532828701865512,0.46507367766167035,0.4532828701865512,-0.17917476706950808,-0.2540589314237278,-0.17917476706950808,-0.022929830756340988,-0.06460872897547452,-0.022929830756340988,0.05983369056922259,0.06294735727753378,0.05983369056922259,0.5001082251082252,0.516017316017316,0.5001082251082252,0.06578005328005329,0.06786546786546788,0.06578005328005329,0.005494505494505495,0.007326007326007327,0.005494505494505495,0.022634621076697316,0.0707973330867281,0.022634621076697316,0.4892823909838584,0.502618067205531,0.4892823909838584,0.07523268638671363,0.0664938233948452,0.07523268638671363,0.025776192275983406,0.024706420619185602,0.025776192275983406,0.45776559725835086,0.4509338398227287,0.45776559725835086,-0.20362434170788263,-0.11763022060584222,-0.20362434170788263,0.12113213959231584,0.12071812908002277,0.12113213959231584,0.06436357819500677,-0.018556061405814634,0.06436357819500677,0.4867591036201997,0.4671939563420844,0.4867591036201997,0.07655633162279933,0.06311406986936015,0.07655633162279933,0.006536226930963773,0.0043859649122807015,0.006536226930963773,28.5,29.666666666666668,28.5,178.25,170.0,178.25,1.75,1.3333333333333333,1.75,0.75,1.0,0.75,3.0,3.0,3.0,-2.2672522574257448,-3.4474617858370693,-2.2672522574257448,-0.40759184242038593,-0.8327695559832003,-0.40759184242038593,33.0,33.666666666666664,33.0,188.5,196.0,188.5,0.75,0.6666666666666666,0.75,1.0,1.0,1.0,2.0,2.0,2.0,-5.988214852655161,-4.780209844417336,-5.988214852655161,-1.7621563027547107,-0.662722445343385,-1.7621563027547107,,,,,,,,,,,,,,,,,,,,,,,,,,
2026_14_HOU_WAS,2026,14,WAS,HOU,7.0,7.0,-0.029658132563212994,-0.05637507356571366,-0.029658132563212994,0.43337765144568735,0.427043217800599,0.43337765144568735,0.06181612568005379,0.06258023106546855,0.06181612568005379,0.006338254172015404,0.008451005562687205,0.006338254172015404,0.44706818239534474,0.4515125966074476,0.44706818239534474,0.004333421250685879,-0.030387248102538834,0.004333421250685879,-0.11193082254276396,-0.15098220459818143,-0.11193082254276396,0.09265004072306829,0.10047292343004403,0.09265004072306829,0.5141549001222617,0.5384810433002706,0.5141549001222617,0.07169606004614693,0.06618298202231354,0.07169606004614693,0.01558837318330989,0.02078449757774652,0.01558837318330989,-0.007104739494929159,-0.04361786369017689,-0.007104739494929159,0.4555751462467881,0.43527235616787857,0.4555751462467881,0.08174329816120861,0.07968703491091551,0.08174329816120861,0.005494505494505495,0.0,0.005494505494505495,0.5078664943791558,0.5253034739870225,0.5078664943791558,0.06468450506761518,0.07407980502283656,0.06468450506761518,-0.16633112135104772,-0.25858544165020897,-0.16633112135104772,0.08258746448108978,0.028771169649626147,0.08258746448108978,0.44833707605691064,0.43857878797637834,0.44833707605691064,0.0816647739862989,0.06908537029018957,0.0816647739862989,0.009036144578313253,0.012048192771084336,0.009036144578313253,28.75,27.0,28.75,157.25,155.0,157.25,1.75,1.6666666666666667,1.75,0.25,0.3333333333333333,0.25,1.0,1.0,1.0,-0.5671165852674691,-2.0581005987476115,-0.5671165852674691,-3.005027401437662,-2.8582689445465803,-3.005027401437662,37.75,37.666666666666664,37.75,285.25,289.0,285.25,1.25,1.0,1.25,0.0,0.0,0.0,3.0,3.0,3.0,1.8068844877002688,1.9103650458403614,1.8068844877002688,2.5078010023755493,2.2898421776600375,2.5078010023755493,,,,,,,,,,,,,,,,,,,,,,,,,,
2026_14_LAC_LV,2026,14,LV,LAC,14.0,7.0,0.021463399893859685,0.01777803464231992,0.021463399893859685,0.4786459520012152,0.4759139009139009,0.4786459520012152,0.06554549251917673,0.06546416546416546,0.06554549251917673,0.018853478392952077,0.016366041366041365,0.018853478392952077,0.4730438184663537,0.4973917579551383,0.4730438184663537,0.15941266353436606,0.20818138846405143,0.15941266353436606,-0.21418225715379746,-0.2571573260438323,-0.21418225715379746,-0.09598422869260231,-0.06139371823167424,-0.09598422869260231,0.45225627065010005,0.47993143778987696,0.45225627065010005,0.07824189120014892,0.06842508570276266,0.07824189120014892,0.02905498161850249,0.028483565234926397,0.02905498161850249,-0.16480540260291193,-0.1298451458020771,-0.16480540260291193,0.43657915504166533,0.44769693790501625,0.43657915504166533,0.07560979017823492,0.07930767722689387,0.07560979017823492,0.029900620660975222,0.02911480604259062,0.029900620660975222,0.4449937159614579,0.43203463203463205,0.4449937159614579,-0.1553756493588359,-0.144860128955956,-0.1553756493588359,-0.16545872561455968,-0.11213158877207674,-0.16545872561455968,0.023020096041020576,0.006804844221700135,0.023020096041020576,0.4790728228228229,0.4720970970970971,0.4790728228228229,0.07944551694551694,0.08608608608608609,0.07944551694551694,0.027120870870870874,0.036161161161161165,0.027120870870870874,36.0,38.0,36.0,256.5,288.6666666666667,256.5,2.75,2.6666666666666665,2.75,1.0,0.6666666666666666,1.0,1.25,1.6666666666666667,1.25,6.281335473132113,8.244049076723051,6.281335473132113,2.2832901943903203,2.8080865725075603,2.2832901943903203,29.75,30.666666666666668,29.75,204.0,202.33333333333334,204.0,1.0,1.0,1.0,1.5,1.6666666666666667,1.5,3.0,3.0,3.0,-5.143134782981752,-4.988290938300914,-5.143134782981752,-4.346979795763358,-3.726181019945671,-4.346979795763358,,,,,,,,,,,,,,,,,,,,,,,,,,
2026_14_KC_CIN,2026,14,CIN,KC,7.0,10.0,0.09201308181827032,0.09884881469513133,0.09201308181827032,0.48556511056511054,0.4742599742599743,0.48556511056511054,0.07275944775944776,0.0667095667095667,0.07275944775944776,0.01267135642135642,0.012566137566137565,0.01267135642135642,0.5481547168958145,0.5729782190189808,0.5481547168958145,0.10733583649416452,0.1674380881257543,0.10733583649416452,-0.08384502616603288,-0.14423211792592597,-0.08384502616603288,0.04699424642761679,0.08443653160114924,0.04699424642761679,0.4886801491081382,0.47208635265700477,0.4886801491081382,0.08980687941285767,0.10435789049919485,0.08980687941285767,0.02263099219620959,0.00966183574879227,0.02263099219620959,0.15427030993447494,0.14577192948143947,0.15427030993447494,0.5378611594590976,0.5526460481099656,0.5378611594590976,0.0975898156825992,0.09981672394043528,0.0975898156825992,0.007413419913419914,0.005555555555555556,0.007413419913419914,0.4394608780009779,0.4587548548784968,0.4394608780009779,0.19644463331241604,0.2883840098737328,0.19644463331241604,0.1264897111985765,0.046508365582302036,0.1264897111985765,-0.02749620394404522,0.029840521115013247,-0.02749620394404522,0.46930291766630383,0.47273175907419746,0.46930291766630383,0.06833424043958551,0.08564783971179707,0.06833424043958551,0.023495781197477333,0.020398746514669233,0.023495781197477333,39.25,40.666666666666664,39.25,292.75,305.6666666666667,292.75,1.75,2.0,1.75,0.75,0.6666666666666666,0.75,2.25,2.6666666666666665,2.25,4.716609270158397,7.164463381018454,4.716609270158397,4.632584458671904,4.059535021751475,4.632584458671904,32.0,33.666666666666664,32.0,259.25,284.3333333333333,259.25,2.25,2.3333333333333335,2.25,0.5,0.3333333333333333,0.5,1.5,1.3333333333333333,1.5,6.446316563629169,9.362365883097056,6.446316563629169,0.7971588863963264,5.035578952105095,0.7971588863963264,,,,,,,,,,,,,,,,,,,,,,,,,,
2026_14_NYG_SEA,2026,14,SEA,NYG,6.0,7.0,0.06962581722046447,0.06790185818251875,0.06962581722046447,0.4933006507865265,0.4995421106532218,0.4933006507865265,0.08398499570815955,0.0780816891928003,0.08398499570815955,0.019262769262769264,0.025683692350359017,0.019262769262769264,0.4309138347035496,0.425126492248411,0.4309138347035496,0.16643086328697054,0.16590206254841208,0.16643086328697054,-0.1688324932304218,-0.20471159713694417,-0.1688324932304218,-0.10749100122304668,-0.11639800491414103,-0.10749100122304668,0.4150128174632777,0.4037777737117206,0.4150128174632777,0.043142821352617704,0.04470324898297745,0.043142821352617704,0.022368572912458883,0.01700425106276569,0.022368572912458883,0.006493002490323427,-0.09920029691903344,0.006493002490323427,0.4428581135938438,0.38433713391459867,0.4428581135938438,0.051001623777754246,0.05045830538788285,0.051001623777754246,0.016860902255639097,0.018095238095238095,0.016860902255639097,0.4351743047395221,0.4405927666797232,0.4351743047395221,0.014663715912634719,-0.2160661405928355,0.014663715912634719,-0.13802534070292533,-0.2042759136584121,-0.13802534070292533,-0.0012634584217439404,-0.05730219699621856,-0.0012634584217439404,0.4851244952411321,0.49091868182688586,0.4851244952411321,0.06845212496097068,0.0858931558619394,0.06845212496097068,0.028107145067410154,0.03209984933719203,0.028107145067410154,28.75,31.0,28.75,242.25,260.6666666666667,242.25,2.5,3.0,2.5,0.75,1.0,0.75,1.25,1.3333333333333333,1.25,5.35974044405344,4.998122275349421,5.35974044405344,4.746487511881998,4.735512551102604,4.746487511881998,26.75,26.0,26.75,177.25,159.66666666666666,177.25,1.5,1.0,1.5,0.75,1.0,0.75,2.75,3.0,2.75,0.7976973932247889,-6.2405540918004165,0.7976973932247889,-3.849986347403323,-9.594501192201585,-3.849986347403323,,,,,,,,,,,,,,,,,,,,,,,,,,
2026_14_LA_SF,2026,14,SF,LA,7.0,10.0,0.2837401253058599,0.33045305973302525,0.2837401253058599,0.5773135621184624,0.5786403050468386,0.5773135621184624,0.11436699114557554,0.12582265486076738,0.11436699114557554,0.00662280701754386,0.0043859649122807015,0.00662280701754386,0.41186891344786086,0.39600539811066127,0.41186891344786086,0.5827797552460245,0.7297295997801805,0.5827797552460245,0.045266618070794115,-0.01315002474972668,0.045266618070794115,0.030823408413467847,0.11445311012667786,0.030823408413467847,0.4847847754253789,0.5021010936019977,0.4847847754253789,0.0319687727726647,0.02272453285111513,0.0319687727726647,0.010013706975327444,0.003401360544217687,0.010013706975327444,-0.006250000793374344,0.06502189785088827,-0.006250000793374344,0.48462104905403874,0.5018827917735442,0.48462104905403874,0.08757771694377327,0.09686979174592654,0.08757771694377327,0.025574517804091586,0.02414910831590321,0.025574517804091586,0.5161766922960953,0.5468214483139856,0.5161766922960953,0.05073602099405059,0.19893208985503819,0.05073602099405059,0.003712331235477047,0.05009166202233184,0.003712331235477047,-0.07489104167677382,-0.147721829577153,-0.07489104167677382,0.4458125042335569,0.40330556120029804,0.4458125042335569,0.04348608006502744,0.03131477342003658,0.04348608006502744,0.010194235588972431,0.009147869674185462,0.010194235588972431,28.25,26.333333333333332,28.25,251.75,267.3333333333333,251.75,2.75,2.6666666666666665,2.75,0.25,0.0,0.25,0.0,0.0,0.0,14.896443385994043,18.253382002698416,14.896443385994043,6.132157008781988,7.919023951353924,6.132157008781988,40.5,45.666666666666664,40.5,297.25,344.6666666666667,297.25,1.5,2.0,1.5,1.5,1.6666666666666667,1.5,1.5,2.0,1.5,3.3563621536499952,6.345530322934145,3.3563621536499952,0.05398762446581107,1.6348236182919977,0.05398762446581107,,,,,,,,,,,,,,,,,,,,,,,,,,
2026_14_BUF_GB,2026,14,GB,BUF,7.0,7.0,-0.03510056544351925,-0.014193070887323482,-0.03510056544351925,0.45264505185391263,0.4646378469163279,0.45264505185391263,0.062887165577039,0.04813526838843294,0.062887165577039,0.02089959969706805,0.01992962499291613,0.02089959969706805,0.5592885674514314,0.5587262200165426,0.5592885674514314,0.03467342086398541,0.06582286617860096,0.03467342086398541,-0.36062054344857286,-0.33781668758934075,-0.36062054344857286,0.046801226320419886,0.0538874934141507,0.046801226320419886,0.4875537458165714,0.5104320214491223,0.4875537458165714,0.055777742927866907,0.06536131489481353,0.055777742927866907,0.013710105583715666,0.013775636273783051,0.013710105583715666,0.19389511142951354,0.17718136558085787,0.19389511142951354,0.5192702630669048,0.5331563706563708,0.5192702630669048,0.1229492018671123,0.12413127413127413,0.1229492018671123,0.024034749034749035,0.032046332046332046,0.024034749034749035,0.4584856382138586,0.44969802266898323,0.4584856382138586,0.20221865158416258,0.11821836954928329,0.20221865158416258,0.13684891029334226,0.22602513157811643,0.13684891029334226,0.09736157266317838,0.09567055252063317,0.09736157266317838,0.5302788797204284,0.5348773341327324,0.5302788797204284,0.09363335845093104,0.09554044863054544,0.09363335845093104,0.014623611682435212,0.01217214158390629,0.014623611682435212,38.5,37.333333333333336,38.5,260.25,218.0,260.25,2.0,2.0,2.0,0.75,0.6666666666666666,0.75,2.0,1.3333333333333333,2.0,1.1523960315345447,2.437743406603932,1.1523960315345447,-6.6163849212516395,-5.603828397431513,-6.6163849212516395,29.75,30.0,29.75,259.75,235.0,259.75,1.5,1.3333333333333333,1.5,0.75,1.0,0.75,2.25,2.3333333333333335,2.25,8.485946157317821,6.469586901076558,8.485946157317821,5.820897312309498,5.047367988961665,5.820897312309498,,,,,,,,,,,,,,,,,,,,,,,,,,
2026_14_PIT_JAX,2026,14,JAX,PIT,8.0,8.0,0.1806901514807951,0.13192642270706453,0.1806901514807951,0.540006038647343,0.506466384863124,0.540006038647343,0.08712635869565218,0.06929347826086957,0.08712635869565218,0.007095410628019324,0.009460547504025765,0.007095410628019324,0.41920826429163216,0.4339443523888429,0.41920826429163216,0.3137043547700914,0.15408530987731625,0.3137043547700914,0.06556005055766415,0.10004080026360397,0.06556005055766415,-0.029490075920002308,-0.02356886734290074,-0.029490075920002308,0.47259979862591805,0.4661119008133934,0.47259979862591805,0.07574478796493722,0.07982902945589514,0.07574478796493722,0.028036898839137646,0.02680052120350628,0.028036898839137646,-0.05865213980463708,0.0004961924334776976,-0.05865213980463708,0.4671707765037606,0.4895610353383475,0.4671707765037606,0.07658311183542543,0.08433303800278946,0.07658311183542543,0.022776646036642544,0.025924416937745613,0.022776646036642544,0.5499782059365834,0.5396105808884176,0.5499782059365834,-0.13070207208742093,-0.06628752703161858,-0.13070207208742093,-0.02495502485644363,0.050795171167058784,-0.02495502485644363,0.018119392676324793,0.11682094772375318,0.018119392676324793,0.49675457715780297,0.5272043010752688,0.49675457715780297,0.0900283347863993,0.09301075268817204,0.0900283347863993,0.024960161774677907,0.024271206690561528,0.024960161774677907,26.0,27.0,26.0,210.75,199.33333333333334,210.75,2.0,1.3333333333333333,2.0,0.5,0.6666666666666666,0.5,2.0,2.3333333333333335,2.0,7.936949496801796,4.242107413481726,7.936949496801796,10.380772024171124,6.399239413026021,10.380772024171124,38.25,37.666666666666664,38.25,249.75,259.3333333333333,249.75,1.75,2.0,1.75,1.0,1.3333333333333333,1.0,3.25,3.6666666666666665,3.25,-4.5747589667659625,-3.4869635321114525,-4.5747589667659625,-3.4437064553965655,-5.003102898238917,-3.4437064553965655,,,,,,,,,,,,,,,,,,,,,,,,,,
2026_15_SF_LAC,2026,15,LAC,SF,4.0,4.0,-0.16480540260291193,-0.1298451458020771,-0.16480540260291193,0.43657915504166533,0.44769693790501625,0.43657915504166533,0.07560979017823492,0.07930767722689387,0.07560979017823492,0.029900620660975222,0.02911480604259062,0.029900620660975222,0.4449937159614579,0.43203463203463205,0.4449937159614579,-0.1553756493588359,-0.144860128955956,-0.1553756493588359,-0.16545872561455968,-0.11213158877207674,-0.16545872561455968,0.023020096041020576,0.006804844221700135,0.023020096041020576,0.4790728228228229,0.4720970970970971,0.4790728228228229,0.07944551694551694,0.08608608608608609,0.07944551694551694,0.027120870870870874,0.036161161161161165,0.027120870870870874,0.2837401253058599,0.33045305973302525,0.2837401253058599,0.5773135621184624,0.5786403050468386,0.5773135621184624,0.11436699114557554,0.12582265486076738,0.11436699114557554,0.00662280701754386,0.0043859649122807015,0.00662280701754386,0.41186891344786086,0.39600539811066127,0.41186891344786086,0.5827797552460245,0.7297295997801805,0.5827797552460245,0.045266618070794115,-0.01315002474972668,0.045266618070794115,0.030823408413467847,0.11445311012667786,0.030823408413467847,0.4847847754253789,0.5021010936019977,0.4847847754253789,0.0319687727726647,0.02272453285111513,0.0319687727726647,0.010013706975327444,0.003401360544217687,0.010013706975327444,29.75,30.666666666666668,29.75,204.0,202.33333333333334,204.0,1.0,1.0,1.0,1.5,1.6666666666666667,1.5,3.0,3.0,3.0,-5.143134782981752,-4.988290938300914,-5.143134782981752,-4.346979795763358,-3.726181019945671,-4.346979795763358,28.25,26.333333333333332,28.25,251.75,267.3333333333333,251.75,2.75,2.6666666666666665,2.75,0.25,0.0,0.25,0.0,0.0,0.0,14.896443385994043,18.253382002698416,14.896443385994043,6.132157008781988,7.919023951353924,6.132157008781988,,,,,,,,,,,,,,,,,,,,,,,,,,
2026_15_SEA_PHI,2026,15,PHI,SEA,6.0,6.0,-0.04612291219001544,-0.0845576804540676,-0.04612291219001544,0.4368739692061377,0.43543980207877175,0.4368739692061377,0.0624154971951839,0.0538088982210295,0.0624154971951839,0.01895513086830079,0.02527350782440105,0.01895513086830079,0.4532828701865512,0.46507367766167035,0.4532828701865512,-0.17917476706950808,-0.2540589314237278,-0.17917476706950808,-0.022929830756340988,-0.06460872897547452,-0.022929830756340988,0.05983369056922259,0.06294735727753378,0.05983369056922259,0.5001082251082252,0.516017316017316,0.5001082251082252,0.06578005328005329,0.06786546786546788,0.06578005328005329,0.005494505494505495,0.007326007326007327,0.005494505494505495,0.06962581722046447,0.06790185818251875,0.06962581722046447,0.4933006507865265,0.4995421106532218,0.4933006507865265,0.08398499570815955,0.0780816891928003,0.08398499570815955,0.019262769262769264,0.025683692350359017,0.019262769262769264,0.4309138347035496,0.425126492248411,0.4309138347035496,0.16643086328697054,0.16590206254841208,0.16643086328697054,-0.1688324932304218,-0.20471159713694417,-0.1688324932304218,-0.10749100122304668,-0.11639800491414103,-0.10749100122304668,0.4150128174632777,0.4037777737117206,0.4150128174632777,0.043142821352617704,0.04470324898297745,0.043142821352617704,0.022368572912458883,0.01700425106276569,0.022368572912458883,28.5,29.666666666666668,28.5,178.25,170.0,178.25,1.75,1.3333333333333333,1.75,0.75,1.0,0.75,3.0,3.0,3.0,-2.2672522574257448,-3.4474617858370693,-2.2672522574257448,-0.40759184242038593,-0.8327695559832003,-0.40759184242038593,28.75,31.0,28.75,242.25,260.6666666666667,242.25,2.5,3.0,2.5,0.75,1.0,0.75,1.25,1.3333333333333333,1.25,5.35974044405344,4.998122275349421,5.35974044405344,4.746487511881998,4.735512551102604,4.746487511881998,,,,,,,,,,,,,,,,,,,,,,,,,,
2026_15_CHI_BUF,2026,15,BUF,CHI,6.0,6.0,0.19389511142951354,0.17718136558085787,0.19389511142951354,0.5192702630669048,0.5331563706563708,0.5192702630669048,0.1229492018671123,0.12413127413127413,0.1229492018671123,0.024034749034749035,0.032046332046332046,0.024034749034749035,0.4584856382138586,0.44969802266898323,0.4584856382138586,0.20221865158416258,0.11821836954928329,0.20221865158416258,0.13684891029334226,0.22602513157811643,0.13684891029334226,0.09736157266317838,0.09567055252063317,0.09736157266317838,0.5302788797204284,0.5348773341327324,0.5302788797204284,0.09363335845093104,0.09554044863054544,0.09363335845093104,0.014623611682435212,0.01217214158390629,0.014623611682435212,0.1141436378280993,0.019221763327520427,0.1141436378280993,0.5079740860990861,0.48411696328362996,0.5079740860990861,0.0918923861632195,0.08843227246005024,0.0918923861632195,0.017062991021324355,0.015174897119341562,0.017062991021324355,0.4137599428663719,0.4342556813975868,0.4137599428663719,0.19803596807468607,0.11431392938111713,0.19803596807468607,0.0323862323957393,-0.08272822032860595,0.0323862323957393,-0.043727466271272074,-0.10163840856746444,-0.043727466271272074,0.45463631379024827,0.4375070529251503,0.45463631379024827,0.07264670715555553,0.06473376215118247,0.07264670715555553,0.01895513086830079,0.017241379310344827,0.01895513086830079,29.75,30.0,29.75,259.75,235.0,259.75,1.5,1.3333333333333333,1.5,0.75,1.0,0.75,2.25,2.3333333333333335,2.25,8.485946157317821,6.469586901076558,8.485946157317821,5.820897312309498,5.047367988961665,5.820897312309498,30.75,31.333333333333332,30.75,230.5,217.66666666666666,230.5,1.0,0.6666666666666666,1.0,0.5,0.6666666666666666,0.5,1.5,1.3333333333333333,1.5,8.176464170546858,4.713523170106895,8.176464170546858,5.433587391452958,1.7180039022315883,5.433587391452958,,,,,,,,,,,,,,,,,,,,,,,,,,
2026_15_CIN_CAR,2026,15,CAR,CIN,7.0,7.0,0.11702604375675155,0.11269960480323371,0.11702604375675155,0.4873072411349251,0.48106828938471935,0.4873072411349251,0.08857407316894353,0.08597025016903313,0.08857407316894353,0.008897659603932974,0.0038314176245210726,0.008897659603932974,0.5320202089400499,0.5447512250887908,0.5320202089400499,0.22300513001539274,0.21365398378342618,0.22300513001539274,-0.05775023295628121,-0.09537727561531535,-0.05775023295628121,0.035000205721044356,-0.0863028128152195,0.035000205721044356,0.477022487316605,0.4428481649069885,0.477022487316605,0.06887983340189223,0.05774886877828054,0.06887983340189223,0.024511946386946388,0.025106837606837604,0.024511946386946388,0.09201308181827032,0.09884881469513133,0.09201308181827032,0.48556511056511054,0.4742599742599743,0.48556511056511054,0.07275944775944776,0.0667095667095667,0.07275944775944776,0.01267135642135642,0.012566137566137565,0.01267135642135642,0.5481547168958145,0.5729782190189808,0.5481547168958145,0.10733583649416452,0.1674380881257543,0.10733583649416452,-0.08384502616603288,-0.14423211792592597,-0.08384502616603288,0.04699424642761679,0.08443653160114924,0.04699424642761679,0.4886801491081382,0.47208635265700477,0.4886801491081382,0.08980687941285767,0.10435789049919485,0.08980687941285767,0.02263099219620959,0.00966183574879227,0.02263099219620959,40.5,41.666666666666664,40.5,317.0,302.3333333333333,317.0,2.25,2.0,2.25,0.5,0.3333333333333333,0.5,2.5,2.6666666666666665,2.5,10.300379856796933,8.560585376453988,10.300379856796933,6.132159628809991,5.964684393882333,6.132159628809991,39.25,40.666666666666664,39.25,292.75,305.6666666666667,292.75,1.75,2.0,1.75,0.75,0.6666666666666666,0.75,2.25,2.6666666666666665,2.25,4.716609270158397,7.164463381018454,4.716609270158397,4.632584458671904,4.059535021751475,4.632584458671904,,,,,,,,,,,,,,,,,,,,,,,,,,
2026_15_MIA_GB,2026,15,GB,MIA,7.0,7.0,-0.03510056544351925,-0.014193070887323482,-0.03510056544351925,0.45264505185391263,0.4646378469163279,0.45264505185391263,0.062887165577039,0.04813526838843294,0.062887165577039,0.02089959969706805,0.01992962499291613,0.02089959969706805,0.5592885674514314,0.5587262200165426,0.5592885674514314,0.03467342086398541,0.06582286617860096,0.03467342086398541,-0.36062054344857286,-0.33781668758934075,-0.36062054344857286,0.046801226320419886,0.0538874934141507,0.046801226320419886,0.4875537458165714,0.5104320214491223,0.4875537458165714,0.055777742927866907,0.06536131489481353,0.055777742927866907,0.013710105583715666,0.013775636273783051,0.013710105583715666,-0.14076859746921866,-0.12110620993382935,-0.14076859746921866,0.39069115095430884,0.39784461152882206,0.39069115095430884,0.07566367842683633,0.06498746867167919,0.07566367842683633,0.019271255060728746,0.015438596491228071,0.019271255060728746,0.4362471395881007,0.4149961861174676,0.4362471395881007,-0.2222894383428996,-0.20024126545875817,-0.2222894383428996,-0.055899321524586806,-0.02703969405888808,-0.055899321524586806,0.13925104021792037,0.1748282217410675,0.13925104021792037,0.5269833417153186,0.540363753866039,0.5269833417153186,0.08969207137078258,0.09765960393297328,0.08969207137078258,0.010745614035087718,0.005555555555555556,0.010745614035087718,38.5,37.333333333333336,38.5,260.25,218.0,260.25,2.0,2.0,2.0,0.75,0.6666666666666666,0.75,2.0,1.3333333333333333,2.0,1.1523960315345447,2.437743406603932,1.1523960315345447,-6.6163849212516395,-5.603828397431513,-6.6163849212516395,25.75,25.333333333333332,25.75,178.0,164.0,178.0,0.25,0.3333333333333333,0.25,0.5,0.3333333333333333,0.5,2.75,2.0,2.75,-4.373726229028161,-4.001718406341058,-4.373726229028161,-9.202447275063797,-9.319847514257406,-9.202447275063797,,,,,,,,,,,,,,,,,,,,,,,,,,
2026_15_JAX_HOU,2026,15,HOU,JAX,7.0,6.0,-0.007104739494929159,-0.04361786369017689,-0.007104739494929159,0.4555751462467881,0.43527235616787857,0.4555751462467881,0.08174329816120861,0.07968703491091551,0.08174329816120861,0.005494505494505495,0.0,0.005494505494505495,0.5078664943791558,0.5253034739870225,0.5078664943791558,0.06468450506761518,0.07407980502283656,0.06468450506761518,-0.16633112135104772,-0.25858544165020897,-0.16633112135104772,0.08258746448108978,0.028771169649626147,0.08258746448108978,0.44833707605691064,0.43857878797637834,0.44833707605691064,0.0816647739862989,0.06908537029018957,0.0816647739862989,0.009036144578313253,0.012048192771084336,0.009036144578313253,0.1806901514807951,0.13192642270706453,0.1806901514807951,0.540006038647343,0.506466384863124,0.540006038647343,0.08712635869565218,0.06929347826086957,0.08712635869565218,0.007095410628019324,0.009460547504025765,0.007095410628019324,0.41920826429163216,0.4339443523888429,0.41920826429163216,0.3137043547700914,0.15408530987731625,0.3137043547700914,0.06556005055766415,0.10004080026360397,0.06556005055766415,-0.029490075920002308,-0.02356886734290074,-0.029490075920002308,0.47259979862591805,0.4661119008133934,0.47259979862591805,0.07574478796493722,0.07982902945589514,0.07574478796493722,0.028036898839137646,0.02680052120350628,0.028036898839137646,37.75,37.666666666666664,37.75,285.25,289.0,285.25,1.25,1.0,1.25,0.0,0.0,0.0,3.0,3.0,3.0,1.8068844877002688,1.9103650458403614,1.8068844877002688,2.5078010023755493,2.2898421776600375,2.5078010023755493,26.0,27.0,26.0,210.75,199.33333333333334,210.75,2.0,1.3333333333333333,2.0,0.5,0.6666666666666666,0.5,2.0,2.3333333333333335,2.0,7.936949496801796,4.242107413481726,7.936949496801796,10.380772024171124,6.399239413026021,10.380772024171124,,,,,,,,,,,,,,,,,,,,,,,,,,
2026_15_CLE_NYG,2026,15,NYG,CLE,7.0,7.0,0.006493002490323427,-0.09920029691903344,0.006493002490323427,0.4428581135938438,0.38433713391459867,0.4428581135938438,0.051001623777754246,0.05045830538788285,0.051001623777754246,0.016860902255639097,0.018095238095238095,0.016860902255639097,0.4351743047395221,0.4405927666797232,0.4351743047395221,0.014663715912634719,-0.2160661405928355,0.014663715912634719,-0.13802534070292533,-0.2042759136584121,-0.13802534070292533,-0.0012634584217439404,-0.05730219699621856,-0.0012634584217439404,0.4851244952411321,0.49091868182688586,0.4851244952411321,0.06845212496097068,0.0858931558619394,0.06845212496097068,0.028107145067410154,0.03209984933719203,0.028107145067410154,0.03646472644512655,0.06437086914393775,0.03646472644512655,0.4990916812655943,0.5014344109996284,0.4990916812655943,0.059016828582045974,0.05752508361204014,0.059016828582045974,0.017808302808302808,0.013162393162393163,0.017808302808302808,0.45693565016130105,0.46170654994184407,0.45693565016130105,0.07129367323799057,0.216478373955558,0.07129367323799057,-0.1719729892608971,-0.2415060652994603,-0.1719729892608971,0.08159016303944597,-0.00020689521473431458,0.08159016303944597,0.5058113159855258,0.46087342131403436,0.5058113159855258,0.09875113080034056,0.08479317440045409,0.09875113080034056,0.012171402724563643,0.016228536966084856,0.012171402724563643,26.75,26.0,26.75,177.25,159.66666666666666,177.25,1.5,1.0,1.5,0.75,1.0,0.75,2.75,3.0,2.75,0.7976973932247889,-6.2405540918004165,0.7976973932247889,-3.849986347403323,-9.594501192201585,-3.849986347403323,28.75,31.0,28.75,213.75,216.66666666666666,213.75,1.5,1.6666666666666667,1.5,0.5,0.3333333333333333,0.5,2.75,2.0,2.75,4.134775975382055,7.366408698682321,4.134775975382055,1.71397661613135,-1.1550297611725535,1.71397661613135,,,,,,,,,,,,,,,,,,,,,,,,,,
2026_15_BAL_PIT,2026,15,PIT,BAL,6.0,7.0,-0.05865213980463708,0.0004961924334776976,-0.05865213980463708,0.4671707765037606,0.4895610353383475,0.4671707765037606,0.07658311183542543,0.08433303800278946,0.07658311183542543,0.022776646036642544,0.025924416937745613,0.022776646036642544,0.5499782059365834,0.5396105808884176,0.5499782059365834,-0.13070207208742093,-0.06628752703161858,-0.13070207208742093,-0.02495502485644363,0.050795171167058784,-0.02495502485644363,0.018119392676324793,0.11682094772375318,0.018119392676324793,0.49675457715780297,0.5272043010752688,0.49675457715780297,0.0900283347863993,0.09301075268817204,0.0900283347863993,0.024960161774677907,0.024271206690561528,0.024960161774677907,0.16064151754950937,0.10981452440018885,0.16064151754950937,0.5464133876074174,0.5467330016583748,0.5464133876074174,0.111210828972023,0.10932006633499171,0.111210828972023,0.006978096530335336,0.004975124378109453,0.006978096530335336,0.3820982923221729,0.39390883420734163,0.3820982923221729,0.3656025607512006,0.36212635779913627,0.3656025607512006,0.05693271481630258,-0.01734681333870776,0.05693271481630258,0.02066703118038173,0.06817387989164064,0.02066703118038173,0.4699920480586486,0.4768976099719178,0.4699920480586486,0.07681628821587012,0.06860529250038722,0.07681628821587012,0.01716219355111177,0.013221088986023422,0.01716219355111177,38.25,37.666666666666664,38.25,249.75,259.3333333333333,249.75,1.75,2.0,1.75,1.0,1.3333333333333333,1.0,3.25,3.6666666666666665,3.25,-4.5747589667659625,-3.4869635321114525,-4.5747589667659625,-3.4437064553965655,-5.003102898238917,-3.4437064553965655,24.0,23.666666666666668,24.0,241.75,214.33333333333334,241.75,1.5,1.6666666666666667,1.5,0.25,0.3333333333333333,0.25,1.75,1.6666666666666667,1.75,9.335359061520757,8.999254332877127,9.335359061520757,8.28603445670043,9.447465859267902,8.28603445670043,,,,,,,,,,,,,,,,,,,,,,,,,,
2026_15_NO_TB,2026,15,TB,NO,7.0,7.0,-0.08614008487593638,-0.09307591013692167,-0.08614008487593638,0.45180602847856366,0.42292085848423877,0.45180602847856366,0.05642654000928649,0.05985077129443326,0.05642654000928649,0.0315042498581231,0.02149284596467695,0.0315042498581231,0.4817907995618839,0.4757210660825119,0.4817907995618839,-0.2553665432504918,-0.2580693202665265,-0.2553665432504918,-0.011232668870502185,0.011929151758878723,-0.011232668870502185,0.010685284145078714,-0.009588248869124153,0.010685284145078714,0.46778024495415793,0.4505468201120375,0.46778024495415793,0.05877030333552073,0.048057374144330665,0.05877030333552073,0.014561639561639562,0.015086515086515087,0.014561639561639562,-0.005293048360227478,0.00934660255582588,-0.005293048360227478,0.4754726341947437,0.4901726625864557,0.4754726341947437,0.05920330514651001,0.052793949345673476,0.05920330514651001,0.021720757268424613,0.019157088122605363,0.021720757268424613,0.5478089375284998,0.5310655114759082,0.5478089375284998,0.032825762864047925,0.0491337286368859,0.032825762864047925,-0.08292202773960373,-0.08847953817173927,-0.08292202773960373,0.10647199924817373,0.14163443113881255,0.10647199924817373,0.554913966724695,0.5750107369949337,0.554913966724695,0.08623734104312711,0.0863092862653881,0.08623734104312711,0.009666268573346088,0.00930412870711378,0.009666268573346088,30.75,31.666666666666668,30.75,190.75,182.33333333333334,190.75,0.75,1.0,0.75,1.0,1.3333333333333333,1.0,4.0,4.0,4.0,-8.543065631932876,-9.587247694064805,-8.543065631932876,1.1619188566879113,-3.1242621736926623,1.1619188566879113,45.0,41.333333333333336,45.0,300.75,264.3333333333333,300.75,2.25,2.0,2.25,0.75,0.3333333333333333,0.75,3.0,2.3333333333333335,3.0,1.740578409076187,2.656544636290428,1.740578409076187,4.253017598071094,6.0725582861308505,4.253017598071094,,,,,,,,,,,,,,,,,,,,,,,,,,
2026_15_IND_TEN,2026,15,TEN,IND,7.0,7.0,-0.08613970667452825,-0.05785638441108254,-0.08613970667452825,0.45301058329615707,0.44776411106154274,0.45301058329615707,0.06337062249059972,0.07407749665413295,0.06337062249059972,0.018301444697597348,0.0191935929301298,0.018301444697597348,0.47286633403361344,0.4481967787114846,0.47286633403361344,-0.12028579062453473,-0.09036911373240779,-0.12028579062453473,-0.011253756088963715,-0.05164045572881565,-0.011253756088963715,0.10522877133938018,0.07898123575395055,0.10522877133938018,0.48157215080344223,0.46191602089107603,0.48157215080344223,0.07996914188921657,0.07509399098742388,0.07996914188921657,0.006024096385542169,0.008032128514056226,0.006024096385542169,0.022634621076697316,0.0707973330867281,0.022634621076697316,0.4892823909838584,0.502618067205531,0.4892823909838584,0.07523268638671363,0.0664938233948452,0.07523268638671363,0.025776192275983406,0.024706420619185602,0.025776192275983406,0.45776559725835086,0.4509338398227287,0.45776559725835086,-0.20362434170788263,-0.11763022060584222,-0.20362434170788263,0.12113213959231584,0.12071812908002277,0.12113213959231584,0.06436357819500677,-0.018556061405814634,0.06436357819500677,0.4867591036201997,0.4671939563420844,0.4867591036201997,0.07655633162279933,0.06311406986936015,0.07655633162279933,0.006536226930963773,0.0043859649122807015,0.006536226930963773,29.75,29.0,29.75,181.5,195.33333333333334,181.5,0.75,0.6666666666666666,0.75,0.5,0.6666666666666666,0.5,1.5,1.0,1.5,-3.379584406637437,-2.0556946270059013,-3.379584406637437,3.4139458071283935,4.422012252800939,3.4139458071283935,33.0,33.666666666666664,33.0,188.5,196.0,188.5,0.75,0.6666666666666666,0.75,1.0,1.0,1.0,2.0,2.0,2.0,-5.988214852655161,-4.780209844417336,-5.988214852655161,-1.7621563027547107,-0.662722445343385,-1.7621563027547107,,,,,,,,,,,,,,,,,,,,,,,,,,
2026_15_ATL_WAS,2026,15,WAS,ATL,7.0,7.0,-0.029658132563212994,-0.05637507356571366,-0.029658132563212994,0.43337765144568735,0.427043217800599,0.43337765144568735,0.06181612568005379,0.06258023106546855,0.06181612568005379,0.006338254172015404,0.008451005562687205,0.006338254172015404,0.44706818239534474,0.4515125966074476,0.44706818239534474,0.004333421250685879,-0.030387248102538834,0.004333421250685879,-0.11193082254276396,-0.15098220459818143,-0.11193082254276396,0.09265004072306829,0.10047292343004403,0.09265004072306829,0.5141549001222617,0.5384810433002706,0.5141549001222617,0.07169606004614693,0.06618298202231354,0.07169606004614693,0.01558837318330989,0.02078449757774652,0.01558837318330989,-0.026019571301306138,0.05796899575357858,-0.026019571301306138,0.5139868002677601,0.5501805985552116,0.5139868002677601,0.08904929503807213,0.09170536635706915,0.08904929503807213,0.025671230440967283,0.025219298245614034,0.025671230440967283,0.3636731385809049,0.3661760569206585,0.3636731385809049,-0.11227903529296565,0.05240420208961133,-0.11227903529296565,0.09627633399283132,0.1556026228577863,0.09627633399283132,-0.04486357267602255,0.018880948604963727,-0.04486357267602255,0.4452458897133712,0.4603278529511616,0.4452458897133712,0.055445584169940346,0.05614966778214268,0.055445584169940346,0.009371453513749455,0.008050826907221495,0.009371453513749455,28.75,27.0,28.75,157.25,155.0,157.25,1.75,1.6666666666666667,1.75,0.25,0.3333333333333333,0.25,1.0,1.0,1.0,-0.5671165852674691,-2.0581005987476115,-0.5671165852674691,-3.005027401437662,-2.8582689445465803,-3.005027401437662,21.0,20.666666666666668,21.0,177.0,188.33333333333334,177.0,0.75,0.6666666666666666,0.75,1.25,1.0,1.25,1.5,0.6666666666666666,1.5,-1.9486731724686526,2.6566182478611684,-1.9486731724686526,-4.174953236767758,-2.093933193808626,-4.174953236767758,,,,,,,,,,,,,,,,,,,,,,,,,,
2026_15_NYJ_ARI,2026,15,ARI,NYJ,14.0,7.0,-0.035179604016143035,-0.07079475585451801,-0.035179604016143035,0.48512565121628104,0.4801675349550414,0.48512565121628104,0.03125888945781419,0.021837249435815744,0.03125888945781419,0.015842537731938652,0.02112338364258487,0.015842537731938652,0.4924503115420499,0.5021288706739527,0.4924503115420499,-0.07808093794245746,-0.18316813379304195,-0.07808093794245746,-0.053516651231944455,-0.0813877511119224,-0.053516651231944455,0.07619913301005453,0.19149423501521148,0.07619913301005453,0.46794930875576035,0.4895238095238095,0.46794930875576035,0.09015500628403854,0.09870129870129869,0.09015500628403854,0.021311269375785508,0.01766233766233766,0.021311269375785508,0.027433912679672805,-0.024745242458992612,0.027433912679672805,0.4872290881586234,0.4694586040313176,0.4872290881586234,0.06980557018787903,0.06154256205230718,0.06980557018787903,0.0033333333333333335,0.0044444444444444444,0.0033333333333333335,0.459888958726168,0.5020741671904463,0.459888958726168,0.12044471333778163,0.025108894110670466,0.12044471333778163,-0.163229287570642,-0.22084418451509147,-0.163229287570642,-0.0019136686206546096,0.05444499966074898,-0.0019136686206546096,0.5293509615384615,0.5495512820512821,0.5293509615384615,0.06466346153846153,0.07580128205128205,0.06466346153846153,0.012960737179487179,0.012072649572649571,0.012960737179487179,38.0,38.333333333333336,38.0,204.5,180.33333333333334,204.5,1.5,1.6666666666666667,1.5,1.0,1.3333333333333333,1.0,1.75,2.0,1.75,-1.789957543749424,-5.39089828671698,-1.789957543749424,0.9892456997191476,-0.21630676500089896,0.9892456997191476,29.25,31.0,29.25,225.5,229.0,225.5,1.25,1.6666666666666667,1.25,0.0,0.0,0.0,3.0,4.0,3.0,5.0157015971744245,3.4359847614129784,5.0157015971744245,5.5156565927293,3.075535148382187,5.5156565927293,,,,,,,,,,,,,,,,,,,,,,,,,,
2026_15_DAL_LA,2026,15,LA,DAL,7.0,13.0,-0.006250000793374344,0.06502189785088827,-0.006250000793374344,0.48462104905403874,0.5018827917735442,0.48462104905403874,0.08757771694377327,0.09686979174592654,0.08757771694377327,0.025574517804091586,0.02414910831590321,0.025574517804091586,0.5161766922960953,0.5468214483139856,0.5161766922960953,0.05073602099405059,0.19893208985503819,0.05073602099405059,0.003712331235477047,0.05009166202233184,0.003712331235477047,-0.07489104167677382,-0.147721829577153,-0.07489104167677382,0.4458125042335569,0.40330556120029804,0.4458125042335569,0.04348608006502744,0.03131477342003658,0.04348608006502744,0.010194235588972431,0.009147869674185462,0.010194235588972431,0.16012706161710769,0.15788516305558356,0.16012706161710769,0.5234810596609654,0.542060767719997,0.5234810596609654,0.0532659435811631,0.06564491402219597,0.0532659435811631,0.0069058212829069335,0.0038314176245210726,0.0069058212829069335,0.5171555864817285,0.5067450830509069,0.5171555864817285,0.29203132298283724,0.2876015407951354,0.29203132298283724,-0.020189098131197084,-0.04717694437999781,-0.020189098131197084,0.16746099151762128,0.11542368845069702,0.16746099151762128,0.5351058092081313,0.5073340614003156,0.5351058092081313,0.10101677108679964,0.11714516846661005,0.10101677108679964,0.006338254172015404,0.0040650406504065045,0.006338254172015404,40.5,45.666666666666664,40.5,297.25,344.6666666666667,297.25,1.5,2.0,1.5,1.5,1.6666666666666667,1.5,1.5,2.0,1.5,3.3563621536499952,6.345530322934145,3.3563621536499952,0.05398762446581107,1.6348236182919977,0.05398762446581107,37.5,38.666666666666664,37.5,266.25,296.6666666666667,266.25,2.0,2.0,2.0,0.25,0.0,0.25,1.5,2.0,1.5,12.159050178521934,12.751765983175227,12.159050178521934,6.298653113689049,5.8215819502486434,6.298653113689049,,,,,,,,,,,,,,,,,,,,,,,,,,
2026_15_DEN_LV,2026,15,LV,DEN,7.0,7.0,0.021463399893859685,0.01777803464231992,0.021463399893859685,0.4786459520012152,0.4759139009139009,0.4786459520012152,0.06554549251917673,0.06546416546416546,0.06554549251917673,0.018853478392952077,0.016366041366041365,0.018853478392952077,0.4730438184663537,0.4973917579551383,0.4730438184663537,0.15941266353436606,0.20818138846405143,0.15941266353436606,-0.21418225715379746,-0.2571573260438323,-0.21418225715379746,-0.09598422869260231,-0.06139371823167424,-0.09598422869260231,0.45225627065010005,0.47993143778987696,0.45225627065010005,0.07824189120014892,0.06842508570276266,0.07824189120014892,0.02905498161850249,0.028483565234926397,0.02905498161850249,0.007821444896673267,0.07693071956930457,0.007821444896673267,0.46422136893649074,0.46595636076777996,0.46422136893649074,0.057167458868869245,0.07075879761750872,0.057167458868869245,0.015217538279268026,0.009361089290390154,0.015217538279268026,0.5070834866887498,0.498333537807222,0.5070834866887498,-0.023530806317518787,0.1184317559011629,-0.023530806317518787,-0.022547862340055153,0.004123489999893533,-0.022547862340055153,0.08924681035233478,0.05907393003858596,0.08924681035233478,0.4933040613125659,0.49323658391459,0.4933040613125659,0.08777756093097337,0.0867337176049342,0.08777756093097337,0.015314054512018605,0.016089735020353813,0.015314054512018605,36.0,38.0,36.0,256.5,288.6666666666667,256.5,2.75,2.6666666666666665,2.75,1.0,0.6666666666666666,1.0,1.25,1.6666666666666667,1.25,6.281335473132113,8.244049076723051,6.281335473132113,2.2832901943903203,2.8080865725075603,2.2832901943903203,33.75,35.666666666666664,33.75,204.75,229.33333333333334,204.75,1.25,1.3333333333333333,1.25,0.75,0.6666666666666666,0.75,1.25,0.3333333333333333,1.25,-0.5764045990066502,4.02525779304248,-0.5764045990066502,-2.9256460681492484,-1.307681144526116,-2.9256460681492484,,,,,,,,,,,,,,,,,,,,,,,,,,
2026_15_DET_MIN,2026,15,MIN,DET,10.0,7.0,-0.024195758249175733,-0.04077515267864346,-0.024195758249175733,0.39842937574185144,0.3915995280161623,0.39842937574185144,0.05784997006333967,0.06812428440877721,0.05784997006333967,0.006756756756756757,0.0045045045045045045,0.006756756756756757,0.4234687810508992,0.43849891527507284,0.4234687810508992,-0.08832344442676934,-0.12394098261348968,-0.08832344442676934,-0.10269216522773571,-0.1189112699376209,-0.10269216522773571,-0.15515538262958883,-0.17426616046874957,-0.15515538262958883,0.3810449735449736,0.36917107583774245,0.3810449735449736,0.07540564373897707,0.06482657260435037,0.07540564373897707,0.023077601410934744,0.022833627278071724,0.023077601410934744,0.15670622136136952,0.2086133939564069,0.15670622136136952,0.5523081850134909,0.571536361379995,0.5523081850134909,0.07502982409787108,0.07136593033838008,0.07502982409787108,0.002688172043010753,0.0,0.002688172043010753,0.5190089135872269,0.5454917382628226,0.5190089135872269,0.26255129545484124,0.34392568915045024,0.26255129545484124,-0.06592612583036535,-0.0807579939558867,-0.06592612583036535,0.1665762074666667,0.23850561032501813,0.1665762074666667,0.510404411764706,0.536748366013072,0.510404411764706,0.10730392156862745,0.1169281045751634,0.10730392156862745,0.010686274509803922,0.0044444444444444444,0.010686274509803922,26.25,28.666666666666668,26.25,172.75,186.0,172.75,1.0,0.3333333333333333,1.0,0.25,0.3333333333333333,0.25,3.25,3.3333333333333335,3.25,-1.8144806876133537,-4.081678120415504,-1.8144806876133537,-2.9832216492412904,-1.5571783016386782,-2.9832216492412904,40.25,40.666666666666664,40.25,303.5,336.0,303.5,2.25,2.3333333333333335,2.25,0.0,0.0,0.0,2.0,2.3333333333333335,2.0,12.222878182108985,14.345667253100727,12.222878182108985,2.056106808235179,3.7113713119630223,2.056106808235179,,,,,,,,,,,,,,,,,,,,,,,,,,
2026_15_NE_KC,2026,15,KC,NE,8.0,11.0,0.15427030993447494,0.14577192948143947,0.15427030993447494,0.5378611594590976,0.5526460481099656,0.5378611594590976,0.0975898156825992,0.09981672394043528,0.0975898156825992,0.007413419913419914,0.005555555555555556,0.007413419913419914,0.4394608780009779,0.4587548548784968,0.4394608780009779,0.19644463331241604,0.2883840098737328,0.19644463331241604,0.1264897111985765,0.046508365582302036,0.1264897111985765,-0.02749620394404522,0.029840521115013247,-0.02749620394404522,0.46930291766630383,0.47273175907419746,0.46930291766630383,0.06833424043958551,0.08564783971179707,0.06833424043958551,0.023495781197477333,0.020398746514669233,0.023495781197477333,-0.060419780865163704,-0.053636377770297054,-0.060419780865163704,0.46107127507744206,0.46518905053060644,0.46107127507744206,0.08276397200733064,0.09753144985592803,0.08276397200733064,0.03397892035226001,0.03248471431583386,0.03397892035226001,0.4537663254886556,0.4491776114740516,0.4537663254886556,-0.11651124840408737,-0.11255801495557961,-0.11651124840408737,0.0033094769725084995,0.033700162535733214,0.0033094769725084995,0.014683888407503457,-0.005354046901429298,0.014683888407503457,0.4708552936524144,0.46961496780773887,0.4708552936524144,0.07344796862996782,0.06403231975521133,0.07344796862996782,0.016639175750621533,0.022185567667495378,0.016639175750621533,32.0,33.666666666666664,32.0,259.25,284.3333333333333,259.25,2.25,2.3333333333333335,2.25,0.5,0.3333333333333333,0.5,1.5,1.3333333333333333,1.5,6.446316563629169,9.362365883097056,6.446316563629169,0.7971588863963264,5.035578952105095,0.7971588863963264,29.25,28.0,29.25,213.5,225.33333333333334,213.5,1.0,1.0,1.0,1.75,1.3333333333333333,1.75,2.5,2.3333333333333335,2.5,-2.2567784958981347,-1.4685866095355185,-2.2567784958981347,2.080397172537725,0.7837126770662883,2.080397172537725,,,,,,,,,,,,,,,,,,,,,,,,,,
2026_16_HOU_PHI,2026,16,PHI,HOU,5.0,4.0,-0.04612291219001544,-0.0845576804540676,-0.04612291219001544,0.4368739692061377,0.43543980207877175,0.4368739692061377,0.0624154971951839,0.0538088982210295,0.0624154971951839,0.01895513086830079,0.02527350782440105,0.01895513086830079,0.4532828701865512,0.46507367766167035,0.4532828701865512,-0.17917476706950808,-0.2540589314237278,-0.17917476706950808,-0.022929830756340988,-0.06460872897547452,-0.022929830756340988,0.05983369056922259,0.06294735727753378,0.05983369056922259,0.5001082251082252,0.516017316017316,0.5001082251082252,0.06578005328005329,0.06786546786546788,0.06578005328005329,0.005494505494505495,0.007326007326007327,0.005494505494505495,-0.007104739494929159,-0.04361786369017689,-0.007104739494929159,0.4555751462467881,0.43527235616787857,0.4555751462467881,0.08174329816120861,0.07968703491091551,0.08174329816120861,0.005494505494505495,0.0,0.005494505494505495,0.5078664943791558,0.5253034739870225,0.5078664943791558,0.06468450506761518,0.07407980502283656,0.06468450506761518,-0.16633112135104772,-0.25858544165020897,-0.16633112135104772,0.08258746448108978,0.028771169649626147,0.08258746448108978,0.44833707605691064,0.43857878797637834,0.44833707605691064,0.0816647739862989,0.06908537029018957,0.0816647739862989,0.009036144578313253,0.012048192771084336,0.009036144578313253,28.5,29.666666666666668,28.5,178.25,170.0,178.25,1.75,1.3333333333333333,1.75,0.75,1.0,0.75,3.0,3.0,3.0,-2.2672522574257448,-3.4474617858370693,-2.2672522574257448,-0.40759184242038593,-0.8327695559832003,-0.40759184242038593,37.75,37.666666666666664,37.75,285.25,289.0,285.25,1.25,1.0,1.25,0.0,0.0,0.0,3.0,3.0,3.0,1.8068844877002688,1.9103650458403614,1.8068844877002688,2.5078010023755493,2.2898421776600375,2.5078010023755493,,,,,,,,,,,,,,,,,,,,,,,,,,
2026_16_GB_CHI,2026,16,CHI,GB,6.0,5.0,0.1141436378280993,0.019221763327520427,0.1141436378280993,0.5079740860990861,0.48411696328362996,0.5079740860990861,0.0918923861632195,0.08843227246005024,0.0918923861632195,0.017062991021324355,0.015174897119341562,0.017062991021324355,0.4137599428663719,0.4342556813975868,0.4137599428663719,0.19803596807468607,0.11431392938111713,0.19803596807468607,0.0323862323957393,-0.08272822032860595,0.0323862323957393,-0.043727466271272074,-0.10163840856746444,-0.043727466271272074,0.45463631379024827,0.4375070529251503,0.45463631379024827,0.07264670715555553,0.06473376215118247,0.07264670715555553,0.01895513086830079,0.017241379310344827,0.01895513086830079,-0.03510056544351925,-0.014193070887323482,-0.03510056544351925,0.45264505185391263,0.4646378469163279,0.45264505185391263,0.062887165577039,0.04813526838843294,0.062887165577039,0.02089959969706805,0.01992962499291613,0.02089959969706805,0.5592885674514314,0.5587262200165426,0.5592885674514314,0.03467342086398541,0.06582286617860096,0.03467342086398541,-0.36062054344857286,-0.33781668758934075,-0.36062054344857286,0.046801226320419886,0.0538874934141507,0.046801226320419886,0.4875537458165714,0.5104320214491223,0.4875537458165714,0.055777742927866907,0.06536131489481353,0.055777742927866907,0.013710105583715666,0.013775636273783051,0.013710105583715666,30.75,31.333333333333332,30.75,230.5,217.66666666666666,230.5,1.0,0.6666666666666666,1.0,0.5,0.6666666666666666,0.5,1.5,1.3333333333333333,1.5,8.176464170546858,4.713523170106895,8.176464170546858,5.433587391452958,1.7180039022315883,5.433587391452958,38.5,37.333333333333336,38.5,260.25,218.0,260.25,2.0,2.0,2.0,0.75,0.6666666666666666,0.75,2.0,1.3333333333333333,2.0,1.1523960315345447,2.437743406603932,1.1523960315345447,-6.6163849212516395,-5.603828397431513,-6.6163849212516395,,,,,,,,,,,,,,,,,,,,,,,,,,
2026_16_BUF_DEN,2026,16,DEN,BUF,5.0,6.0,0.007821444896673267,0.07693071956930457,0.007821444896673267,0.46422136893649074,0.46595636076777996,0.46422136893649074,0.057167458868869245,0.07075879761750872,0.057167458868869245,0.015217538279268026,0.009361089290390154,0.015217538279268026,0.5070834866887498,0.498333537807222,0.5070834866887498,-0.023530806317518787,0.1184317559011629,-0.023530806317518787,-0.022547862340055153,0.004123489999893533,-0.022547862340055153,0.08924681035233478,0.05907393003858596,0.08924681035233478,0.4933040613125659,0.49323658391459,0.4933040613125659,0.08777756093097337,0.0867337176049342,0.08777756093097337,0.015314054512018605,0.016089735020353813,0.015314054512018605,0.19389511142951354,0.17718136558085787,0.19389511142951354,0.5192702630669048,0.5331563706563708,0.5192702630669048,0.1229492018671123,0.12413127413127413,0.1229492018671123,0.024034749034749035,0.032046332046332046,0.024034749034749035,0.4584856382138586,0.44969802266898323,0.4584856382138586,0.20221865158416258,0.11821836954928329,0.20221865158416258,0.13684891029334226,0.22602513157811643,0.13684891029334226,0.09736157266317838,0.09567055252063317,0.09736157266317838,0.5302788797204284,0.5348773341327324,0.5302788797204284,0.09363335845093104,0.09554044863054544,0.09363335845093104,0.014623611682435212,0.01217214158390629,0.014623611682435212,33.75,35.666666666666664,33.75,204.75,229.33333333333334,204.75,1.25,1.3333333333333333,1.25,0.75,0.6666666666666666,0.75,1.25,0.3333333333333333,1.25,-0.5764045990066502,4.02525779304248,-0.5764045990066502,-2.9256460681492484,-1.307681144526116,-2.9256460681492484,29.75,30.0,29.75,259.75,235.0,259.75,1.5,1.3333333333333333,1.5,0.75,1.0,0.75,2.25,2.3333333333333335,2.25,8.485946157317821,6.469586901076558,8.485946157317821,5.820897312309498,5.047367988961665,5.820897312309498,,,,,,,,,,,,,,,,,,,,,,,,,,
2026_16_LA_SEA,2026,16,SEA,LA,6.0,5.0,0.06962581722046447,0.06790185818251875,0.06962581722046447,0.4933006507865265,0.4995421106532218,0.4933006507865265,0.08398499570815955,0.0780816891928003,0.08398499570815955,0.019262769262769264,0.025683692350359017,0.019262769262769264,0.4309138347035496,0.425126492248411,0.4309138347035496,0.16643086328697054,0.16590206254841208,0.16643086328697054,-0.1688324932304218,-0.20471159713694417,-0.1688324932304218,-0.10749100122304668,-0.11639800491414103,-0.10749100122304668,0.4150128174632777,0.4037777737117206,0.4150128174632777,0.043142821352617704,0.04470324898297745,0.043142821352617704,0.022368572912458883,0.01700425106276569,0.022368572912458883,-0.006250000793374344,0.06502189785088827,-0.006250000793374344,0.48462104905403874,0.5018827917735442,0.48462104905403874,0.08757771694377327,0.09686979174592654,0.08757771694377327,0.025574517804091586,0.02414910831590321,0.025574517804091586,0.5161766922960953,0.5468214483139856,0.5161766922960953,0.05073602099405059,0.19893208985503819,0.05073602099405059,0.003712331235477047,0.05009166202233184,0.003712331235477047,-0.07489104167677382,-0.147721829577153,-0.07489104167677382,0.4458125042335569,0.40330556120029804,0.4458125042335569,0.04348608006502744,0.03131477342003658,0.04348608006502744,0.010194235588972431,0.009147869674185462,0.010194235588972431,28.75,31.0,28.75,242.25,260.6666666666667,242.25,2.5,3.0,2.5,0.75,1.0,0.75,1.25,1.3333333333333333,1.25,5.35974044405344,4.998122275349421,5.35974044405344,4.746487511881998,4.735512551102604,4.746487511881998,40.5,45.666666666666664,40.5,297.25,344.6666666666667,297.25,1.5,2.0,1.5,1.5,1.6666666666666667,1.5,1.5,2.0,1.5,3.3563621536499952,6.345530322934145,3.3563621536499952,0.05398762446581107,1.6348236182919977,0.05398762446581107,,,,,,,,,,,,,,,,,,,,,,,,,,
2026_16_TB_ATL,2026,16,ATL,TB,7.0,7.0,-0.026019571301306138,0.05796899575357858,-0.026019571301306138,0.5139868002677601,0.5501805985552116,0.5139868002677601,0.08904929503807213,0.09170536635706915,0.08904929503807213,0.025671230440967283,0.025219298245614034,0.025671230440967283,0.3636731385809049,0.3661760569206585,0.3636731385809049,-0.11227903529296565,0.05240420208961133,-0.11227903529296565,0.09627633399283132,0.1556026228577863,0.09627633399283132,-0.04486357267602255,0.018880948604963727,-0.04486357267602255,0.4452458897133712,0.4603278529511616,0.4452458897133712,0.055445584169940346,0.05614966778214268,0.055445584169940346,0.009371453513749455,0.008050826907221495,0.009371453513749455,-0.08614008487593638,-0.09307591013692167,-0.08614008487593638,0.45180602847856366,0.42292085848423877,0.45180602847856366,0.05642654000928649,0.05985077129443326,0.05642654000928649,0.0315042498581231,0.02149284596467695,0.0315042498581231,0.4817907995618839,0.4757210660825119,0.4817907995618839,-0.2553665432504918,-0.2580693202665265,-0.2553665432504918,-0.011232668870502185,0.011929151758878723,-0.011232668870502185,0.010685284145078714,-0.009588248869124153,0.010685284145078714,0.46778024495415793,0.4505468201120375,0.46778024495415793,0.05877030333552073,0.048057374144330665,0.05877030333552073,0.014561639561639562,0.015086515086515087,0.014561639561639562,21.0,20.666666666666668,21.0,177.0,188.33333333333334,177.0,0.75,0.6666666666666666,0.75,1.25,1.0,1.25,1.5,0.6666666666666666,1.5,-1.9486731724686526,2.6566182478611684,-1.9486731724686526,-4.174953236767758,-2.093933193808626,-4.174953236767758,30.75,31.666666666666668,30.75,190.75,182.33333333333334,190.75,0.75,1.0,0.75,1.0,1.3333333333333333,1.0,4.0,4.0,4.0,-8.543065631932876,-9.587247694064805,-8.543065631932876,1.1619188566879113,-3.1242621736926623,1.1619188566879113,,,,,,,,,,,,,,,,,,,,,,,,,,
2026_16_CLE_BAL,2026,16,BAL,CLE,7.0,7.0,0.16064151754950937,0.10981452440018885,0.16064151754950937,0.5464133876074174,0.5467330016583748,0.5464133876074174,0.111210828972023,0.10932006633499171,0.111210828972023,0.006978096530335336,0.004975124378109453,0.006978096530335336,0.3820982923221729,0.39390883420734163,0.3820982923221729,0.3656025607512006,0.36212635779913627,0.3656025607512006,0.05693271481630258,-0.01734681333870776,0.05693271481630258,0.02066703118038173,0.06817387989164064,0.02066703118038173,0.4699920480586486,0.4768976099719178,0.4699920480586486,0.07681628821587012,0.06860529250038722,0.07681628821587012,0.01716219355111177,0.013221088986023422,0.01716219355111177,0.03646472644512655,0.06437086914393775,0.03646472644512655,0.4990916812655943,0.5014344109996284,0.4990916812655943,0.059016828582045974,0.05752508361204014,0.059016828582045974,0.017808302808302808,0.013162393162393163,0.017808302808302808,0.45693565016130105,0.46170654994184407,0.45693565016130105,0.07129367323799057,0.216478373955558,0.07129367323799057,-0.1719729892608971,-0.2415060652994603,-0.1719729892608971,0.08159016303944597,-0.00020689521473431458,0.08159016303944597,0.5058113159855258,0.46087342131403436,0.5058113159855258,0.09875113080034056,0.08479317440045409,0.09875113080034056,0.012171402724563643,0.016228536966084856,0.012171402724563643,24.0,23.666666666666668,24.0,241.75,214.33333333333334,241.75,1.5,1.6666666666666667,1.5,0.25,0.3333333333333333,0.25,1.75,1.6666666666666667,1.75,9.335359061520757,8.999254332877127,9.335359061520757,8.28603445670043,9.447465859267902,8.28603445670043,28.75,31.0,28.75,213.75,216.66666666666666,213.75,1.5,1.6666666666666667,1.5,0.5,0.3333333333333333,0.5,2.75,2.0,2.75,4.134775975382055,7.366408698682321,4.134775975382055,1.71397661613135,-1.1550297611725535,1.71397661613135,,,,,,,,,,,,,,,,,,,,,,,,,,
2026_16_CIN_IND,2026,16,IND,CIN,7.0,7.0,0.022634621076697316,0.0707973330867281,0.022634621076697316,0.4892823909838584,0.502618067205531,0.4892823909838584,0.07523268638671363,0.0664938233948452,0.07523268638671363,0.025776192275983406,0.024706420619185602,0.025776192275983406,0.45776559725835086,0.4509338398227287,0.45776559725835086,-0.20362434170788263,-0.11763022060584222,-0.20362434170788263,0.12113213959231584,0.12071812908002277,0.12113213959231584,0.06436357819500677,-0.018556061405814634,0.06436357819500677,0.4867591036201997,0.4671939563420844,0.4867591036201997,0.07655633162279933,0.06311406986936015,0.07655633162279933,0.006536226930963773,0.0043859649122807015,0.006536226930963773,0.09201308181827032,0.09884881469513133,0.09201308181827032,0.48556511056511054,0.4742599742599743,0.48556511056511054,0.07275944775944776,0.0667095667095667,0.07275944775944776,0.01267135642135642,0.012566137566137565,0.01267135642135642,0.5481547168958145,0.5729782190189808,0.5481547168958145,0.10733583649416452,0.1674380881257543,0.10733583649416452,-0.08384502616603288,-0.14423211792592597,-0.08384502616603288,0.04699424642761679,0.08443653160114924,0.04699424642761679,0.4886801491081382,0.47208635265700477,0.4886801491081382,0.08980687941285767,0.10435789049919485,0.08980687941285767,0.02263099219620959,0.00966183574879227,0.02263099219620959,33.0,33.666666666666664,33.0,188.5,196.0,188.5,0.75,0.6666666666666666,0.75,1.0,1.0,1.0,2.0,2.0,2.0,-5.988214852655161,-4.780209844417336,-5.988214852655161,-1.7621563027547107,-0.662722445343385,-1.7621563027547107,39.25,40.666666666666664,39.25,292.75,305.6666666666667,292.75,1.75,2.0,1.75,0.75,0.6666666666666666,0.75,2.25,2.6666666666666665,2.25,4.716609270158397,7.164463381018454,4.716609270158397,4.632584458671904,4.059535021751475,4.632584458671904,,,,,,,,,,,,,,,,,,,,,,,,,,
2026_16_LAC_MIA,2026,16,MIA,LAC,7.0,10.0,-0.14076859746921866,-0.12110620993382935,-0.14076859746921866,0.39069115095430884,0.39784461152882206,0.39069115095430884,0.07566367842683633,0.06498746867167919,0.07566367842683633,0.019271255060728746,0.015438596491228071,0.019271255060728746,0.4362471395881007,0.4149961861174676,0.4362471395881007,-0.2222894383428996,-0.20024126545875817,-0.2222894383428996,-0.055899321524586806,-0.02703969405888808,-0.055899321524586806,0.13925104021792037,0.1748282217410675,0.13925104021792037,0.5269833417153186,0.540363753866039,0.5269833417153186,0.08969207137078258,0.09765960393297328,0.08969207137078258,0.010745614035087718,0.005555555555555556,0.010745614035087718,-0.16480540260291193,-0.1298451458020771,-0.16480540260291193,0.43657915504166533,0.44769693790501625,0.43657915504166533,0.07560979017823492,0.07930767722689387,0.07560979017823492,0.029900620660975222,0.02911480604259062,0.029900620660975222,0.4449937159614579,0.43203463203463205,0.4449937159614579,-0.1553756493588359,-0.144860128955956,-0.1553756493588359,-0.16545872561455968,-0.11213158877207674,-0.16545872561455968,0.023020096041020576,0.006804844221700135,0.023020096041020576,0.4790728228228229,0.4720970970970971,0.4790728228228229,0.07944551694551694,0.08608608608608609,0.07944551694551694,0.027120870870870874,0.036161161161161165,0.027120870870870874,25.75,25.333333333333332,25.75,178.0,164.0,178.0,0.25,0.3333333333333333,0.25,0.5,0.3333333333333333,0.5,2.75,2.0,2.75,-4.373726229028161,-4.001718406341058,-4.373726229028161,-9.202447275063797,-9.319847514257406,-9.202447275063797,29.75,30.666666666666668,29.75,204.0,202.33333333333334,204.0,1.0,1.0,1.0,1.5,1.6666666666666667,1.5,3.0,3.0,3.0,-5.143134782981752,-4.988290938300914,-5.143134782981752,-4.346979795763358,-3.726181019945671,-4.346979795763358,,,,,,,,,,,,,,,,,,,,,,,,,,
2026_16_WAS_MIN,2026,16,MIN,WAS,7.0,7.0,-0.024195758249175733,-0.04077515267864346,-0.024195758249175733,0.39842937574185144,0.3915995280161623,0.39842937574185144,0.05784997006333967,0.06812428440877721,0.05784997006333967,0.006756756756756757,0.0045045045045045045,0.006756756756756757,0.4234687810508992,0.43849891527507284,0.4234687810508992,-0.08832344442676934,-0.12394098261348968,-0.08832344442676934,-0.10269216522773571,-0.1189112699376209,-0.10269216522773571,-0.15515538262958883,-0.17426616046874957,-0.15515538262958883,0.3810449735449736,0.36917107583774245,0.3810449735449736,0.07540564373897707,0.06482657260435037,0.07540564373897707,0.023077601410934744,0.022833627278071724,0.023077601410934744,-0.029658132563212994,-0.05637507356571366,-0.029658132563212994,0.43337765144568735,0.427043217800599,0.43337765144568735,0.06181612568005379,0.06258023106546855,0.06181612568005379,0.006338254172015404,0.008451005562687205,0.006338254172015404,0.44706818239534474,0.4515125966074476,0.44706818239534474,0.004333421250685879,-0.030387248102538834,0.004333421250685879,-0.11193082254276396,-0.15098220459818143,-0.11193082254276396,0.09265004072306829,0.10047292343004403,0.09265004072306829,0.5141549001222617,0.5384810433002706,0.5141549001222617,0.07169606004614693,0.06618298202231354,0.07169606004614693,0.01558837318330989,0.02078449757774652,0.01558837318330989,26.25,28.666666666666668,26.25,172.75,186.0,172.75,1.0,0.3333333333333333,1.0,0.25,0.3333333333333333,0.25,3.25,3.3333333333333335,3.25,-1.8144806876133537,-4.081678120415504,-1.8144806876133537,-2.9832216492412904,-1.5571783016386782,-2.9832216492412904,28.75,27.0,28.75,157.25,155.0,157.25,1.75,1.6666666666666667,1.75,0.25,0.3333333333333333,0.25,1.0,1.0,1.0,-0.5671165852674691,-2.0581005987476115,-0.5671165852674691,-3.005027401437662,-2.8582689445465803,-3.005027401437662,,,,,,,,,,,,,,,,,,,,,,,,,,
2026_16_ARI_NO,2026,16,NO,ARI,7.0,7.0,-0.005293048360227478,0.00934660255582588,-0.005293048360227478,0.4754726341947437,0.4901726625864557,0.4754726341947437,0.05920330514651001,0.052793949345673476,0.05920330514651001,0.021720757268424613,0.019157088122605363,0.021720757268424613,0.5478089375284998,0.5310655114759082,0.5478089375284998,0.032825762864047925,0.0491337286368859,0.032825762864047925,-0.08292202773960373,-0.08847953817173927,-0.08292202773960373,0.10647199924817373,0.14163443113881255,0.10647199924817373,0.554913966724695,0.5750107369949337,0.554913966724695,0.08623734104312711,0.0863092862653881,0.08623734104312711,0.009666268573346088,0.00930412870711378,0.009666268573346088,-0.035179604016143035,-0.07079475585451801,-0.035179604016143035,0.48512565121628104,0.4801675349550414,0.48512565121628104,0.03125888945781419,0.021837249435815744,0.03125888945781419,0.015842537731938652,0.02112338364258487,0.015842537731938652,0.4924503115420499,0.5021288706739527,0.4924503115420499,-0.07808093794245746,-0.18316813379304195,-0.07808093794245746,-0.053516651231944455,-0.0813877511119224,-0.053516651231944455,0.07619913301005453,0.19149423501521148,0.07619913301005453,0.46794930875576035,0.4895238095238095,0.46794930875576035,0.09015500628403854,0.09870129870129869,0.09015500628403854,0.021311269375785508,0.01766233766233766,0.021311269375785508,45.0,41.333333333333336,45.0,300.75,264.3333333333333,300.75,2.25,2.0,2.25,0.75,0.3333333333333333,0.75,3.0,2.3333333333333335,3.0,1.740578409076187,2.656544636290428,1.740578409076187,4.253017598071094,6.0725582861308505,4.253017598071094,38.0,38.333333333333336,38.0,204.5,180.33333333333334,204.5,1.5,1.6666666666666667,1.5,1.0,1.3333333333333333,1.0,1.75,2.0,1.75,-1.789957543749424,-5.39089828671698,-1.789957543749424,0.9892456997191476,-0.21630676500089896,0.9892456997191476,,,,,,,,,,,,,,,,,,,,,,,,,,
2026_16_NE_NYJ,2026,16,NYJ,NE,7.0,6.0,0.027433912679672805,-0.024745242458992612,0.027433912679672805,0.4872290881586234,0.4694586040313176,0.4872290881586234,0.06980557018787903,0.06154256205230718,0.06980557018787903,0.0033333333333333335,0.0044444444444444444,0.0033333333333333335,0.459888958726168,0.5020741671904463,0.459888958726168,0.12044471333778163,0.025108894110670466,0.12044471333778163,-0.163229287570642,-0.22084418451509147,-0.163229287570642,-0.0019136686206546096,0.05444499966074898,-0.0019136686206546096,0.5293509615384615,0.5495512820512821,0.5293509615384615,0.06466346153846153,0.07580128205128205,0.06466346153846153,0.012960737179487179,0.012072649572649571,0.012960737179487179,-0.060419780865163704,-0.053636377770297054,-0.060419780865163704,0.46107127507744206,0.46518905053060644,0.46107127507744206,0.08276397200733064,0.09753144985592803,0.08276397200733064,0.03397892035226001,0.03248471431583386,0.03397892035226001,0.4537663254886556,0.4491776114740516,0.4537663254886556,-0.11651124840408737,-0.11255801495557961,-0.11651124840408737,0.0033094769725084995,0.033700162535733214,0.0033094769725084995,0.014683888407503457,-0.005354046901429298,0.014683888407503457,0.4708552936524144,0.46961496780773887,0.4708552936524144,0.07344796862996782,0.06403231975521133,0.07344796862996782,0.016639175750621533,0.022185567667495378,0.016639175750621533,29.25,31.0,29.25,225.5,229.0,225.5,1.25,1.6666666666666667,1.25,0.0,0.0,0.0,3.0,4.0,3.0,5.0157015971744245,3.4359847614129784,5.0157015971744245,5.5156565927293,3.075535148382187,5.5156565927293,29.25,28.0,29.25,213.5,225.33333333333334,213.5,1.0,1.0,1.0,1.75,1.3333333333333333,1.75,2.5,2.3333333333333335,2.5,-2.2567784958981347,-1.4685866095355185,-2.2567784958981347,2.080397172537725,0.7837126770662883,2.080397172537725,,,,,,,,,,,,,,,,,,,,,,,,,,
2026_16_CAR_PIT,2026,16,PIT,CAR,7.0,7.0,-0.05865213980463708,0.0004961924334776976,-0.05865213980463708,0.4671707765037606,0.4895610353383475,0.4671707765037606,0.07658311183542543,0.08433303800278946,0.07658311183542543,0.022776646036642544,0.025924416937745613,0.022776646036642544,0.5499782059365834,0.5396105808884176,0.5499782059365834,-0.13070207208742093,-0.06628752703161858,-0.13070207208742093,-0.02495502485644363,0.050795171167058784,-0.02495502485644363,0.018119392676324793,0.11682094772375318,0.018119392676324793,0.49675457715780297,0.5272043010752688,0.49675457715780297,0.0900283347863993,0.09301075268817204,0.0900283347863993,0.024960161774677907,0.024271206690561528,0.024960161774677907,0.11702604375675155,0.11269960480323371,0.11702604375675155,0.4873072411349251,0.48106828938471935,0.4873072411349251,0.08857407316894353,0.08597025016903313,0.08857407316894353,0.008897659603932974,0.0038314176245210726,0.008897659603932974,0.5320202089400499,0.5447512250887908,0.5320202089400499,0.22300513001539274,0.21365398378342618,0.22300513001539274,-0.05775023295628121,-0.09537727561531535,-0.05775023295628121,0.035000205721044356,-0.0863028128152195,0.035000205721044356,0.477022487316605,0.4428481649069885,0.477022487316605,0.06887983340189223,0.05774886877828054,0.06887983340189223,0.024511946386946388,0.025106837606837604,0.024511946386946388,38.25,37.666666666666664,38.25,249.75,259.3333333333333,249.75,1.75,2.0,1.75,1.0,1.3333333333333333,1.0,3.25,3.6666666666666665,3.25,-4.5747589667659625,-3.4869635321114525,-4.5747589667659625,-3.4437064553965655,-5.003102898238917,-3.4437064553965655,40.5,41.666666666666664,40.5,317.0,302.3333333333333,317.0,2.25,2.0,2.25,0.5,0.3333333333333333,0.5,2.5,2.6666666666666665,2.5,10.300379856796933,8.560585376453988,10.300379856796933,6.132159628809991,5.964684393882333,6.132159628809991,,,,,,,,,,,,,,,,,,,,,,,,,,
2026_16_TEN_LV,2026,16,LV,TEN,7.0,7.0,0.021463399893859685,0.01777803464231992,0.021463399893859685,0.4786459520012152,0.4759139009139009,0.4786459520012152,0.06554549251917673,0.06546416546416546,0.06554549251917673,0.018853478392952077,0.016366041366041365,0.018853478392952077,0.4730438184663537,0.4973917579551383,0.4730438184663537,0.15941266353436606,0.20818138846405143,0.15941266353436606,-0.21418225715379746,-0.2571573260438323,-0.21418225715379746,-0.09598422869260231,-0.06139371823167424,-0.09598422869260231,0.45225627065010005,0.47993143778987696,0.45225627065010005,0.07824189120014892,0.06842508570276266,0.07824189120014892,0.02905498161850249,0.028483565234926397,0.02905498161850249,-0.08613970667452825,-0.05785638441108254,-0.08613970667452825,0.45301058329615707,0.44776411106154274,0.45301058329615707,0.06337062249059972,0.07407749665413295,0.06337062249059972,0.018301444697597348,0.0191935929301298,0.018301444697597348,0.47286633403361344,0.4481967787114846,0.47286633403361344,-0.12028579062453473,-0.09036911373240779,-0.12028579062453473,-0.011253756088963715,-0.05164045572881565,-0.011253756088963715,0.10522877133938018,0.07898123575395055,0.10522877133938018,0.48157215080344223,0.46191602089107603,0.48157215080344223,0.07996914188921657,0.07509399098742388,0.07996914188921657,0.006024096385542169,0.008032128514056226,0.006024096385542169,36.0,38.0,36.0,256.5,288.6666666666667,256.5,2.75,2.6666666666666665,2.75,1.0,0.6666666666666666,1.0,1.25,1.6666666666666667,1.25,6.281335473132113,8.244049076723051,6.281335473132113,2.2832901943903203,2.8080865725075603,2.2832901943903203,29.75,29.0,29.75,181.5,195.33333333333334,181.5,0.75,0.6666666666666666,0.75,0.5,0.6666666666666666,0.5,1.5,1.0,1.5,-3.379584406637437,-2.0556946270059013,-3.379584406637437,3.4139458071283935,4.422012252800939,3.4139458071283935,,,,,,,,,,,,,,,,,,,,,,,,,,
2026_16_SF_KC,2026,16,KC,SF,6.0,10.0,0.15427030993447494,0.14577192948143947,0.15427030993447494,0.5378611594590976,0.5526460481099656,0.5378611594590976,0.0975898156825992,0.09981672394043528,0.0975898156825992,0.007413419913419914,0.005555555555555556,0.007413419913419914,0.4394608780009779,0.4587548548784968,0.4394608780009779,0.19644463331241604,0.2883840098737328,0.19644463331241604,0.1264897111985765,0.046508365582302036,0.1264897111985765,-0.02749620394404522,0.029840521115013247,-0.02749620394404522,0.46930291766630383,0.47273175907419746,0.46930291766630383,0.06833424043958551,0.08564783971179707,0.06833424043958551,0.023495781197477333,0.020398746514669233,0.023495781197477333,0.2837401253058599,0.33045305973302525,0.2837401253058599,0.5773135621184624,0.5786403050468386,0.5773135621184624,0.11436699114557554,0.12582265486076738,0.11436699114557554,0.00662280701754386,0.0043859649122807015,0.00662280701754386,0.41186891344786086,0.39600539811066127,0.41186891344786086,0.5827797552460245,0.7297295997801805,0.5827797552460245,0.045266618070794115,-0.01315002474972668,0.045266618070794115,0.030823408413467847,0.11445311012667786,0.030823408413467847,0.4847847754253789,0.5021010936019977,0.4847847754253789,0.0319687727726647,0.02272453285111513,0.0319687727726647,0.010013706975327444,0.003401360544217687,0.010013706975327444,32.0,33.666666666666664,32.0,259.25,284.3333333333333,259.25,2.25,2.3333333333333335,2.25,0.5,0.3333333333333333,0.5,1.5,1.3333333333333333,1.5,6.446316563629169,9.362365883097056,6.446316563629169,0.7971588863963264,5.035578952105095,0.7971588863963264,28.25,26.333333333333332,28.25,251.75,267.3333333333333,251.75,2.75,2.6666666666666665,2.75,0.25,0.0,0.25,0.0,0.0,0.0,14.896443385994043,18.253382002698416,14.896443385994043,6.132157008781988,7.919023951353924,6.132157008781988,,,,,,,,,,,,,,,,,,,,,,,,,,
2026_16_JAX_DAL,2026,16,DAL,JAX,7.0,7.0,0.16012706161710769,0.15788516305558356,0.16012706161710769,0.5234810596609654,0.542060767719997,0.5234810596609654,0.0532659435811631,0.06564491402219597,0.0532659435811631,0.0069058212829069335,0.0038314176245210726,0.0069058212829069335,0.5171555864817285,0.5067450830509069,0.5171555864817285,0.29203132298283724,0.2876015407951354,0.29203132298283724,-0.020189098131197084,-0.04717694437999781,-0.020189098131197084,0.16746099151762128,0.11542368845069702,0.16746099151762128,0.5351058092081313,0.5073340614003156,0.5351058092081313,0.10101677108679964,0.11714516846661005,0.10101677108679964,0.006338254172015404,0.0040650406504065045,0.006338254172015404,0.1806901514807951,0.13192642270706453,0.1806901514807951,0.540006038647343,0.506466384863124,0.540006038647343,0.08712635869565218,0.06929347826086957,0.08712635869565218,0.007095410628019324,0.009460547504025765,0.007095410628019324,0.41920826429163216,0.4339443523888429,0.41920826429163216,0.3137043547700914,0.15408530987731625,0.3137043547700914,0.06556005055766415,0.10004080026360397,0.06556005055766415,-0.029490075920002308,-0.02356886734290074,-0.029490075920002308,0.47259979862591805,0.4661119008133934,0.47259979862591805,0.07574478796493722,0.07982902945589514,0.07574478796493722,0.028036898839137646,0.02680052120350628,0.028036898839137646,37.5,38.666666666666664,37.5,266.25,296.6666666666667,266.25,2.0,2.0,2.0,0.25,0.0,0.25,1.5,2.0,1.5,12.159050178521934,12.751765983175227,12.159050178521934,6.298653113689049,5.8215819502486434,6.298653113689049,26.0,27.0,26.0,210.75,199.33333333333334,210.75,2.0,1.3333333333333333,2.0,0.5,0.6666666666666666,0.5,2.0,2.3333333333333335,2.0,7.936949496801796,4.242107413481726,7.936949496801796,10.380772024171124,6.399239413026021,10.380772024171124,,,,,,,,,,,,,,,,,,,,,,,,,,
2026_16_NYG_DET,2026,16,DET,NYG,8.0,8.0,0.15670622136136952,0.2086133939564069,0.15670622136136952,0.5523081850134909,0.571536361379995,0.5523081850134909,0.07502982409787108,0.07136593033838008,0.07502982409787108,0.002688172043010753,0.0,0.002688172043010753,0.5190089135872269,0.5454917382628226,0.5190089135872269,0.26255129545484124,0.34392568915045024,0.26255129545484124,-0.06592612583036535,-0.0807579939558867,-0.06592612583036535,0.1665762074666667,0.23850561032501813,0.1665762074666667,0.510404411764706,0.536748366013072,0.510404411764706,0.10730392156862745,0.1169281045751634,0.10730392156862745,0.010686274509803922,0.0044444444444444444,0.010686274509803922,0.006493002490323427,-0.09920029691903344,0.006493002490323427,0.4428581135938438,0.38433713391459867,0.4428581135938438,0.051001623777754246,0.05045830538788285,0.051001623777754246,0.016860902255639097,0.018095238095238095,0.016860902255639097,0.4351743047395221,0.4405927666797232,0.4351743047395221,0.014663715912634719,-0.2160661405928355,0.014663715912634719,-0.13802534070292533,-0.2042759136584121,-0.13802534070292533,-0.0012634584217439404,-0.05730219699621856,-0.0012634584217439404,0.4851244952411321,0.49091868182688586,0.4851244952411321,0.06845212496097068,0.0858931558619394,0.06845212496097068,0.028107145067410154,0.03209984933719203,0.028107145067410154,40.25,40.666666666666664,40.25,303.5,336.0,303.5,2.25,2.3333333333333335,2.25,0.0,0.0,0.0,2.0,2.3333333333333335,2.0,12.222878182108985,14.345667253100727,12.222878182108985,2.056106808235179,3.7113713119630223,2.056106808235179,26.75,26.0,26.75,177.25,159.66666666666666,177.25,1.5,1.0,1.5,0.75,1.0,0.75,2.75,3.0,2.75,0.7976973932247889,-6.2405540918004165,0.7976973932247889,-3.849986347403323,-9.594501192201585,-3.849986347403323,,,,,,,,,,,,,,,,,,,,,,,,,,
2026_17_BAL_CIN,2026,17,CIN,BAL,4.0,4.0,0.09201308181827032,0.09884881469513133,0.09201308181827032,0.48556511056511054,0.4742599742599743,0.48556511056511054,0.07275944775944776,0.0667095667095667,0.07275944775944776,0.01267135642135642,0.012566137566137565,0.01267135642135642,0.5481547168958145,0.5729782190189808,0.5481547168958145,0.10733583649416452,0.1674380881257543,0.10733583649416452,-0.08384502616603288,-0.14423211792592597,-0.08384502616603288,0.04699424642761679,0.08443653160114924,0.04699424642761679,0.4886801491081382,0.47208635265700477,0.4886801491081382,0.08980687941285767,0.10435789049919485,0.08980687941285767,0.02263099219620959,0.00966183574879227,0.02263099219620959,0.16064151754950937,0.10981452440018885,0.16064151754950937,0.5464133876074174,0.5467330016583748,0.5464133876074174,0.111210828972023,0.10932006633499171,0.111210828972023,0.006978096530335336,0.004975124378109453,0.006978096530335336,0.3820982923221729,0.39390883420734163,0.3820982923221729,0.3656025607512006,0.36212635779913627,0.3656025607512006,0.05693271481630258,-0.01734681333870776,0.05693271481630258,0.02066703118038173,0.06817387989164064,0.02066703118038173,0.4699920480586486,0.4768976099719178,0.4699920480586486,0.07681628821587012,0.06860529250038722,0.07681628821587012,0.01716219355111177,0.013221088986023422,0.01716219355111177,39.25,40.666666666666664,39.25,292.75,305.6666666666667,292.75,1.75,2.0,1.75,0.75,0.6666666666666666,0.75,2.25,2.6666666666666665,2.25,4.716609270158397,7.164463381018454,4.716609270158397,4.632584458671904,4.059535021751475,4.632584458671904,24.0,23.666666666666668,24.0,241.75,214.33333333333334,241.75,1.5,1.6666666666666667,1.5,0.25,0.3333333333333333,0.25,1.75,1.6666666666666667,1.75,9.335359061520757,8.999254332877127,9.335359061520757,8.28603445670043,9.447465859267902,8.28603445670043,,,,,,,,,,,,,,,,,,,,,,,,,,
2026_17_NO_ATL,2026,17,ATL,NO,7.0,7.0,-0.026019571301306138,0.05796899575357858,-0.026019571301306138,0.5139868002677601,0.5501805985552116,0.5139868002677601,0.08904929503807213,0.09170536635706915,0.08904929503807213,0.025671230440967283,0.025219298245614034,0.025671230440967283,0.3636731385809049,0.3661760569206585,0.3636731385809049,-0.11227903529296565,0.05240420208961133,-0.11227903529296565,0.09627633399283132,0.1556026228577863,0.09627633399283132,-0.04486357267602255,0.018880948604963727,-0.04486357267602255,0.4452458897133712,0.4603278529511616,0.4452458897133712,0.055445584169940346,0.05614966778214268,0.055445584169940346,0.009371453513749455,0.008050826907221495,0.009371453513749455,-0.005293048360227478,0.00934660255582588,-0.005293048360227478,0.4754726341947437,0.4901726625864557,0.4754726341947437,0.05920330514651001,0.052793949345673476,0.05920330514651001,0.021720757268424613,0.019157088122605363,0.021720757268424613,0.5478089375284998,0.5310655114759082,0.5478089375284998,0.032825762864047925,0.0491337286368859,0.032825762864047925,-0.08292202773960373,-0.08847953817173927,-0.08292202773960373,0.10647199924817373,0.14163443113881255,0.10647199924817373,0.554913966724695,0.5750107369949337,0.554913966724695,0.08623734104312711,0.0863092862653881,0.08623734104312711,0.009666268573346088,0.00930412870711378,0.009666268573346088,21.0,20.666666666666668,21.0,177.0,188.33333333333334,177.0,0.75,0.6666666666666666,0.75,1.25,1.0,1.25,1.5,0.6666666666666666,1.5,-1.9486731724686526,2.6566182478611684,-1.9486731724686526,-4.174953236767758,-2.093933193808626,-4.174953236767758,45.0,41.333333333333336,45.0,300.75,264.3333333333333,300.75,2.25,2.0,2.25,0.75,0.3333333333333333,0.75,3.0,2.3333333333333335,3.0,1.740578409076187,2.656544636290428,1.740578409076187,4.253017598071094,6.0725582861308505,4.253017598071094,,,,,,,,,,,,,,,,,,,,,,,,,,
2026_17_SEA_CAR,2026,17,CAR,SEA,7.0,9.0,0.11702604375675155,0.11269960480323371,0.11702604375675155,0.4873072411349251,0.48106828938471935,0.4873072411349251,0.08857407316894353,0.08597025016903313,0.08857407316894353,0.008897659603932974,0.0038314176245210726,0.008897659603932974,0.5320202089400499,0.5447512250887908,0.5320202089400499,0.22300513001539274,0.21365398378342618,0.22300513001539274,-0.05775023295628121,-0.09537727561531535,-0.05775023295628121,0.035000205721044356,-0.0863028128152195,0.035000205721044356,0.477022487316605,0.4428481649069885,0.477022487316605,0.06887983340189223,0.05774886877828054,0.06887983340189223,0.024511946386946388,0.025106837606837604,0.024511946386946388,0.06962581722046447,0.06790185818251875,0.06962581722046447,0.4933006507865265,0.4995421106532218,0.4933006507865265,0.08398499570815955,0.0780816891928003,0.08398499570815955,0.019262769262769264,0.025683692350359017,0.019262769262769264,0.4309138347035496,0.425126492248411,0.4309138347035496,0.16643086328697054,0.16590206254841208,0.16643086328697054,-0.1688324932304218,-0.20471159713694417,-0.1688324932304218,-0.10749100122304668,-0.11639800491414103,-0.10749100122304668,0.4150128174632777,0.4037777737117206,0.4150128174632777,0.043142821352617704,0.04470324898297745,0.043142821352617704,0.022368572912458883,0.01700425106276569,0.022368572912458883,40.5,41.666666666666664,40.5,317.0,302.3333333333333,317.0,2.25,2.0,2.25,0.5,0.3333333333333333,0.5,2.5,2.6666666666666665,2.5,10.300379856796933,8.560585376453988,10.300379856796933,6.132159628809991,5.964684393882333,6.132159628809991,28.75,31.0,28.75,242.25,260.6666666666667,242.25,2.5,3.0,2.5,0.75,1.0,0.75,1.25,1.3333333333333333,1.25,5.35974044405344,4.998122275349421,5.35974044405344,4.746487511881998,4.735512551102604,4.746487511881998,,,,,,,,,,,,,,,,,,,,,,,,,,
2026_17_IND_CLE,2026,17,CLE,IND,7.0,7.0,0.03646472644512655,0.06437086914393775,0.03646472644512655,0.4990916812655943,0.5014344109996284,0.4990916812655943,0.059016828582045974,0.05752508361204014,0.059016828582045974,0.017808302808302808,0.013162393162393163,0.017808302808302808,0.45693565016130105,0.46170654994184407,0.45693565016130105,0.07129367323799057,0.216478373955558,0.07129367323799057,-0.1719729892608971,-0.2415060652994603,-0.1719729892608971,0.08159016303944597,-0.00020689521473431458,0.08159016303944597,0.5058113159855258,0.46087342131403436,0.5058113159855258,0.09875113080034056,0.08479317440045409,0.09875113080034056,0.012171402724563643,0.016228536966084856,0.012171402724563643,0.022634621076697316,0.0707973330867281,0.022634621076697316,0.4892823909838584,0.502618067205531,0.4892823909838584,0.07523268638671363,0.0664938233948452,0.07523268638671363,0.025776192275983406,0.024706420619185602,0.025776192275983406,0.45776559725835086,0.4509338398227287,0.45776559725835086,-0.20362434170788263,-0.11763022060584222,-0.20362434170788263,0.12113213959231584,0.12071812908002277,0.12113213959231584,0.06436357819500677,-0.018556061405814634,0.06436357819500677,0.4867591036201997,0.4671939563420844,0.4867591036201997,0.07655633162279933,0.06311406986936015,0.07655633162279933,0.006536226930963773,0.0043859649122807015,0.006536226930963773,28.75,31.0,28.75,213.75,216.66666666666666,213.75,1.5,1.6666666666666667,1.5,0.5,0.3333333333333333,0.5,2.75,2.0,2.75,4.134775975382055,7.366408698682321,4.134775975382055,1.71397661613135,-1.1550297611725535,1.71397661613135,33.0,33.666666666666664,33.0,188.5,196.0,188.5,0.75,0.6666666666666666,0.75,1.0,1.0,1.0,2.0,2.0,2.0,-5.988214852655161,-4.780209844417336,-5.988214852655161,-1.7621563027547107,-0.662722445343385,-1.7621563027547107,,,,,,,,,,,,,,,,,,,,,,,,,,
2026_17_NYG_DAL,2026,17,DAL,NYG,7.0,6.0,0.16012706161710769,0.15788516305558356,0.16012706161710769,0.5234810596609654,0.542060767719997,0.5234810596609654,0.0532659435811631,0.06564491402219597,0.0532659435811631,0.0069058212829069335,0.0038314176245210726,0.0069058212829069335,0.5171555864817285,0.5067450830509069,0.5171555864817285,0.29203132298283724,0.2876015407951354,0.29203132298283724,-0.020189098131197084,-0.04717694437999781,-0.020189098131197084,0.16746099151762128,0.11542368845069702,0.16746099151762128,0.5351058092081313,0.5073340614003156,0.5351058092081313,0.10101677108679964,0.11714516846661005,0.10101677108679964,0.006338254172015404,0.0040650406504065045,0.006338254172015404,0.006493002490323427,-0.09920029691903344,0.006493002490323427,0.4428581135938438,0.38433713391459867,0.4428581135938438,0.051001623777754246,0.05045830538788285,0.051001623777754246,0.016860902255639097,0.018095238095238095,0.016860902255639097,0.4351743047395221,0.4405927666797232,0.4351743047395221,0.014663715912634719,-0.2160661405928355,0.014663715912634719,-0.13802534070292533,-0.2042759136584121,-0.13802534070292533,-0.0012634584217439404,-0.05730219699621856,-0.0012634584217439404,0.4851244952411321,0.49091868182688586,0.4851244952411321,0.06845212496097068,0.0858931558619394,0.06845212496097068,0.028107145067410154,0.03209984933719203,0.028107145067410154,37.5,38.666666666666664,37.5,266.25,296.6666666666667,266.25,2.0,2.0,2.0,0.25,0.0,0.25,1.5,2.0,1.5,12.159050178521934,12.751765983175227,12.159050178521934,6.298653113689049,5.8215819502486434,6.298653113689049,26.75,26.0,26.75,177.25,159.66666666666666,177.25,1.5,1.0,1.5,0.75,1.0,0.75,2.75,3.0,2.75,0.7976973932247889,-6.2405540918004165,0.7976973932247889,-3.849986347403323,-9.594501192201585,-3.849986347403323,,,,,,,,,,,,,,,,,,,,,,,,,,
2026_17_WAS_JAX,2026,17,JAX,WAS,7.0,7.0,0.1806901514807951,0.13192642270706453,0.1806901514807951,0.540006038647343,0.506466384863124,0.540006038647343,0.08712635869565218,0.06929347826086957,0.08712635869565218,0.007095410628019324,0.009460547504025765,0.007095410628019324,0.41920826429163216,0.4339443523888429,0.41920826429163216,0.3137043547700914,0.15408530987731625,0.3137043547700914,0.06556005055766415,0.10004080026360397,0.06556005055766415,-0.029490075920002308,-0.02356886734290074,-0.029490075920002308,0.47259979862591805,0.4661119008133934,0.47259979862591805,0.07574478796493722,0.07982902945589514,0.07574478796493722,0.028036898839137646,0.02680052120350628,0.028036898839137646,-0.029658132563212994,-0.05637507356571366,-0.029658132563212994,0.43337765144568735,0.427043217800599,0.43337765144568735,0.06181612568005379,0.06258023106546855,0.06181612568005379,0.006338254172015404,0.008451005562687205,0.006338254172015404,0.44706818239534474,0.4515125966074476,0.44706818239534474,0.004333421250685879,-0.030387248102538834,0.004333421250685879,-0.11193082254276396,-0.15098220459818143,-0.11193082254276396,0.09265004072306829,0.10047292343004403,0.09265004072306829,0.5141549001222617,0.5384810433002706,0.5141549001222617,0.07169606004614693,0.06618298202231354,0.07169606004614693,0.01558837318330989,0.02078449757774652,0.01558837318330989,26.0,27.0,26.0,210.75,199.33333333333334,210.75,2.0,1.3333333333333333,2.0,0.5,0.6666666666666666,0.5,2.0,2.3333333333333335,2.0,7.936949496801796,4.242107413481726,7.936949496801796,10.380772024171124,6.399239413026021,10.380772024171124,28.75,27.0,28.75,157.25,155.0,157.25,1.75,1.6666666666666667,1.75,0.25,0.3333333333333333,0.25,1.0,1.0,1.0,-0.5671165852674691,-2.0581005987476115,-0.5671165852674691,-3.005027401437662,-2.8582689445465803,-3.005027401437662,,,,,,,,,,,,,,,,,,,,,,,,,,
2026_17_KC_LAC,2026,17,LAC,KC,7.0,7.0,-0.16480540260291193,-0.1298451458020771,-0.16480540260291193,0.43657915504166533,0.44769693790501625,0.43657915504166533,0.07560979017823492,0.07930767722689387,0.07560979017823492,0.029900620660975222,0.02911480604259062,0.029900620660975222,0.4449937159614579,0.43203463203463205,0.4449937159614579,-0.1553756493588359,-0.144860128955956,-0.1553756493588359,-0.16545872561455968,-0.11213158877207674,-0.16545872561455968,0.023020096041020576,0.006804844221700135,0.023020096041020576,0.4790728228228229,0.4720970970970971,0.4790728228228229,0.07944551694551694,0.08608608608608609,0.07944551694551694,0.027120870870870874,0.036161161161161165,0.027120870870870874,0.15427030993447494,0.14577192948143947,0.15427030993447494,0.5378611594590976,0.5526460481099656,0.5378611594590976,0.0975898156825992,0.09981672394043528,0.0975898156825992,0.007413419913419914,0.005555555555555556,0.007413419913419914,0.4394608780009779,0.4587548548784968,0.4394608780009779,0.19644463331241604,0.2883840098737328,0.19644463331241604,0.1264897111985765,0.046508365582302036,0.1264897111985765,-0.02749620394404522,0.029840521115013247,-0.02749620394404522,0.46930291766630383,0.47273175907419746,0.46930291766630383,0.06833424043958551,0.08564783971179707,0.06833424043958551,0.023495781197477333,0.020398746514669233,0.023495781197477333,29.75,30.666666666666668,29.75,204.0,202.33333333333334,204.0,1.0,1.0,1.0,1.5,1.6666666666666667,1.5,3.0,3.0,3.0,-5.143134782981752,-4.988290938300914,-5.143134782981752,-4.346979795763358,-3.726181019945671,-4.346979795763358,32.0,33.666666666666664,32.0,259.25,284.3333333333333,259.25,2.25,2.3333333333333335,2.25,0.5,0.3333333333333333,0.5,1.5,1.3333333333333333,1.5,6.446316563629169,9.362365883097056,6.446316563629169,0.7971588863963264,5.035578952105095,0.7971588863963264,,,,,,,,,,,,,,,,,,,,,,,,,,
2026_17_BUF_MIA,2026,17,MIA,BUF,7.0,9.0,-0.14076859746921866,-0.12110620993382935,-0.14076859746921866,0.39069115095430884,0.39784461152882206,0.39069115095430884,0.07566367842683633,0.06498746867167919,0.07566367842683633,0.019271255060728746,0.015438596491228071,0.019271255060728746,0.4362471395881007,0.4149961861174676,0.4362471395881007,-0.2222894383428996,-0.20024126545875817,-0.2222894383428996,-0.055899321524586806,-0.02703969405888808,-0.055899321524586806,0.13925104021792037,0.1748282217410675,0.13925104021792037,0.5269833417153186,0.540363753866039,0.5269833417153186,0.08969207137078258,0.09765960393297328,0.08969207137078258,0.010745614035087718,0.005555555555555556,0.010745614035087718,0.19389511142951354,0.17718136558085787,0.19389511142951354,0.5192702630669048,0.5331563706563708,0.5192702630669048,0.1229492018671123,0.12413127413127413,0.1229492018671123,0.024034749034749035,0.032046332046332046,0.024034749034749035,0.4584856382138586,0.44969802266898323,0.4584856382138586,0.20221865158416258,0.11821836954928329,0.20221865158416258,0.13684891029334226,0.22602513157811643,0.13684891029334226,0.09736157266317838,0.09567055252063317,0.09736157266317838,0.5302788797204284,0.5348773341327324,0.5302788797204284,0.09363335845093104,0.09554044863054544,0.09363335845093104,0.014623611682435212,0.01217214158390629,0.014623611682435212,25.75,25.333333333333332,25.75,178.0,164.0,178.0,0.25,0.3333333333333333,0.25,0.5,0.3333333333333333,0.5,2.75,2.0,2.75,-4.373726229028161,-4.001718406341058,-4.373726229028161,-9.202447275063797,-9.319847514257406,-9.202447275063797,29.75,30.0,29.75,259.75,235.0,259.75,1.5,1.3333333333333333,1.5,0.75,1.0,0.75,2.25,2.3333333333333335,2.25,8.485946157317821,6.469586901076558,8.485946157317821,5.820897312309498,5.047367988961665,5.820897312309498,,,,,,,,,,,,,,,,,,,,,,,,,,
2026_17_DEN_NE,2026,17,NE,DEN,7.0,9.0,-0.060419780865163704,-0.053636377770297054,-0.060419780865163704,0.46107127507744206,0.46518905053060644,0.46107127507744206,0.08276397200733064,0.09753144985592803,0.08276397200733064,0.03397892035226001,0.03248471431583386,0.03397892035226001,0.4537663254886556,0.4491776114740516,0.4537663254886556,-0.11651124840408737,-0.11255801495557961,-0.11651124840408737,0.0033094769725084995,0.033700162535733214,0.0033094769725084995,0.014683888407503457,-0.005354046901429298,0.014683888407503457,0.4708552936524144,0.46961496780773887,0.4708552936524144,0.07344796862996782,0.06403231975521133,0.07344796862996782,0.016639175750621533,0.022185567667495378,0.016639175750621533,0.007821444896673267,0.07693071956930457,0.007821444896673267,0.46422136893649074,0.46595636076777996,0.46422136893649074,0.057167458868869245,0.07075879761750872,0.057167458868869245,0.015217538279268026,0.009361089290390154,0.015217538279268026,0.5070834866887498,0.498333537807222,0.5070834866887498,-0.023530806317518787,0.1184317559011629,-0.023530806317518787,-0.022547862340055153,0.004123489999893533,-0.022547862340055153,0.08924681035233478,0.05907393003858596,0.08924681035233478,0.4933040613125659,0.49323658391459,0.4933040613125659,0.08777756093097337,0.0867337176049342,0.08777756093097337,0.015314054512018605,0.016089735020353813,0.015314054512018605,29.25,28.0,29.25,213.5,225.33333333333334,213.5,1.0,1.0,1.0,1.75,1.3333333333333333,1.75,2.5,2.3333333333333335,2.5,-2.2567784958981347,-1.4685866095355185,-2.2567784958981347,2.080397172537725,0.7837126770662883,2.080397172537725,33.75,35.666666666666664,33.75,204.75,229.33333333333334,204.75,1.25,1.3333333333333333,1.25,0.75,0.6666666666666666,0.75,1.25,0.3333333333333333,1.25,-0.5764045990066502,4.02525779304248,-0.5764045990066502,-2.9256460681492484,-1.307681144526116,-2.9256460681492484,,,,,,,,,,,,,,,,,,,,,,,,,,
2026_17_MIN_NYJ,2026,17,NYJ,MIN,7.0,7.0,0.027433912679672805,-0.024745242458992612,0.027433912679672805,0.4872290881586234,0.4694586040313176,0.4872290881586234,0.06980557018787903,0.06154256205230718,0.06980557018787903,0.0033333333333333335,0.0044444444444444444,0.0033333333333333335,0.459888958726168,0.5020741671904463,0.459888958726168,0.12044471333778163,0.025108894110670466,0.12044471333778163,-0.163229287570642,-0.22084418451509147,-0.163229287570642,-0.0019136686206546096,0.05444499966074898,-0.0019136686206546096,0.5293509615384615,0.5495512820512821,0.5293509615384615,0.06466346153846153,0.07580128205128205,0.06466346153846153,0.012960737179487179,0.012072649572649571,0.012960737179487179,-0.024195758249175733,-0.04077515267864346,-0.024195758249175733,0.39842937574185144,0.3915995280161623,0.39842937574185144,0.05784997006333967,0.06812428440877721,0.05784997006333967,0.006756756756756757,0.0045045045045045045,0.006756756756756757,0.4234687810508992,0.43849891527507284,0.4234687810508992,-0.08832344442676934,-0.12394098261348968,-0.08832344442676934,-0.10269216522773571,-0.1189112699376209,-0.10269216522773571,-0.15515538262958883,-0.17426616046874957,-0.15515538262958883,0.3810449735449736,0.36917107583774245,0.3810449735449736,0.07540564373897707,0.06482657260435037,0.07540564373897707,0.023077601410934744,0.022833627278071724,0.023077601410934744,29.25,31.0,29.25,225.5,229.0,225.5,1.25,1.6666666666666667,1.25,0.0,0.0,0.0,3.0,4.0,3.0,5.0157015971744245,3.4359847614129784,5.0157015971744245,5.5156565927293,3.075535148382187,5.5156565927293,26.25,28.666666666666668,26.25,172.75,186.0,172.75,1.0,0.3333333333333333,1.0,0.25,0.3333333333333333,0.25,3.25,3.3333333333333335,3.25,-1.8144806876133537,-4.081678120415504,-1.8144806876133537,-2.9832216492412904,-1.5571783016386782,-2.9832216492412904,,,,,,,,,,,,,,,,,,,,,,,,,,
2026_17_LA_TB,2026,17,TB,LA,7.0,9.0,-0.08614008487593638,-0.09307591013692167,-0.08614008487593638,0.45180602847856366,0.42292085848423877,0.45180602847856366,0.05642654000928649,0.05985077129443326,0.05642654000928649,0.0315042498581231,0.02149284596467695,0.0315042498581231,0.4817907995618839,0.4757210660825119,0.4817907995618839,-0.2553665432504918,-0.2580693202665265,-0.2553665432504918,-0.011232668870502185,0.011929151758878723,-0.011232668870502185,0.010685284145078714,-0.009588248869124153,0.010685284145078714,0.46778024495415793,0.4505468201120375,0.46778024495415793,0.05877030333552073,0.048057374144330665,0.05877030333552073,0.014561639561639562,0.015086515086515087,0.014561639561639562,-0.006250000793374344,0.06502189785088827,-0.006250000793374344,0.48462104905403874,0.5018827917735442,0.48462104905403874,0.08757771694377327,0.09686979174592654,0.08757771694377327,0.025574517804091586,0.02414910831590321,0.025574517804091586,0.5161766922960953,0.5468214483139856,0.5161766922960953,0.05073602099405059,0.19893208985503819,0.05073602099405059,0.003712331235477047,0.05009166202233184,0.003712331235477047,-0.07489104167677382,-0.147721829577153,-0.07489104167677382,0.4458125042335569,0.40330556120029804,0.4458125042335569,0.04348608006502744,0.03131477342003658,0.04348608006502744,0.010194235588972431,0.009147869674185462,0.010194235588972431,30.75,31.666666666666668,30.75,190.75,182.33333333333334,190.75,0.75,1.0,0.75,1.0,1.3333333333333333,1.0,4.0,4.0,4.0,-8.543065631932876,-9.587247694064805,-8.543065631932876,1.1619188566879113,-3.1242621736926623,1.1619188566879113,40.5,45.666666666666664,40.5,297.25,344.6666666666667,297.25,1.5,2.0,1.5,1.5,1.6666666666666667,1.5,1.5,2.0,1.5,3.3563621536499952,6.345530322934145,3.3563621536499952,0.05398762446581107,1.6348236182919977,0.05398762446581107,,,,,,,,,,,,,,,,,,,,,,,,,,
2026_17_PIT_TEN,2026,17,TEN,PIT,7.0,7.0,-0.08613970667452825,-0.05785638441108254,-0.08613970667452825,0.45301058329615707,0.44776411106154274,0.45301058329615707,0.06337062249059972,0.07407749665413295,0.06337062249059972,0.018301444697597348,0.0191935929301298,0.018301444697597348,0.47286633403361344,0.4481967787114846,0.47286633403361344,-0.12028579062453473,-0.09036911373240779,-0.12028579062453473,-0.011253756088963715,-0.05164045572881565,-0.011253756088963715,0.10522877133938018,0.07898123575395055,0.10522877133938018,0.48157215080344223,0.46191602089107603,0.48157215080344223,0.07996914188921657,0.07509399098742388,0.07996914188921657,0.006024096385542169,0.008032128514056226,0.006024096385542169,-0.05865213980463708,0.0004961924334776976,-0.05865213980463708,0.4671707765037606,0.4895610353383475,0.4671707765037606,0.07658311183542543,0.08433303800278946,0.07658311183542543,0.022776646036642544,0.025924416937745613,0.022776646036642544,0.5499782059365834,0.5396105808884176,0.5499782059365834,-0.13070207208742093,-0.06628752703161858,-0.13070207208742093,-0.02495502485644363,0.050795171167058784,-0.02495502485644363,0.018119392676324793,0.11682094772375318,0.018119392676324793,0.49675457715780297,0.5272043010752688,0.49675457715780297,0.0900283347863993,0.09301075268817204,0.0900283347863993,0.024960161774677907,0.024271206690561528,0.024960161774677907,29.75,29.0,29.75,181.5,195.33333333333334,181.5,0.75,0.6666666666666666,0.75,0.5,0.6666666666666666,0.5,1.5,1.0,1.5,-3.379584406637437,-2.0556946270059013,-3.379584406637437,3.4139458071283935,4.422012252800939,3.4139458071283935,38.25,37.666666666666664,38.25,249.75,259.3333333333333,249.75,1.75,2.0,1.75,1.0,1.3333333333333333,1.0,3.25,3.6666666666666665,3.25,-4.5747589667659625,-3.4869635321114525,-4.5747589667659625,-3.4437064553965655,-5.003102898238917,-3.4437064553965655,,,,,,,,,,,,,,,,,,,,,,,,,,
2026_17_LV_ARI,2026,17,ARI,LV,7.0,7.0,-0.035179604016143035,-0.07079475585451801,-0.035179604016143035,0.48512565121628104,0.4801675349550414,0.48512565121628104,0.03125888945781419,0.021837249435815744,0.03125888945781419,0.015842537731938652,0.02112338364258487,0.015842537731938652,0.4924503115420499,0.5021288706739527,0.4924503115420499,-0.07808093794245746,-0.18316813379304195,-0.07808093794245746,-0.053516651231944455,-0.0813877511119224,-0.053516651231944455,0.07619913301005453,0.19149423501521148,0.07619913301005453,0.46794930875576035,0.4895238095238095,0.46794930875576035,0.09015500628403854,0.09870129870129869,0.09015500628403854,0.021311269375785508,0.01766233766233766,0.021311269375785508,0.021463399893859685,0.01777803464231992,0.021463399893859685,0.4786459520012152,0.4759139009139009,0.4786459520012152,0.06554549251917673,0.06546416546416546,0.06554549251917673,0.018853478392952077,0.016366041366041365,0.018853478392952077,0.4730438184663537,0.4973917579551383,0.4730438184663537,0.15941266353436606,0.20818138846405143,0.15941266353436606,-0.21418225715379746,-0.2571573260438323,-0.21418225715379746,-0.09598422869260231,-0.06139371823167424,-0.09598422869260231,0.45225627065010005,0.47993143778987696,0.45225627065010005,0.07824189120014892,0.06842508570276266,0.07824189120014892,0.02905498161850249,0.028483565234926397,0.02905498161850249,38.0,38.333333333333336,38.0,204.5,180.33333333333334,204.5,1.5,1.6666666666666667,1.5,1.0,1.3333333333333333,1.0,1.75,2.0,1.75,-1.789957543749424,-5.39089828671698,-1.789957543749424,0.9892456997191476,-0.21630676500089896,0.9892456997191476,36.0,38.0,36.0,256.5,288.6666666666667,256.5,2.75,2.6666666666666665,2.75,1.0,0.6666666666666666,1.0,1.25,1.6666666666666667,1.25,6.281335473132113,8.244049076723051,6.281335473132113,2.2832901943903203,2.8080865725075603,2.2832901943903203,,,,,,,,,,,,,,,,,,,,,,,,,,
2026_17_DET_CHI,2026,17,CHI,DET,9.0,6.0,0.1141436378280993,0.019221763327520427,0.1141436378280993,0.5079740860990861,0.48411696328362996,0.5079740860990861,0.0918923861632195,0.08843227246005024,0.0918923861632195,0.017062991021324355,0.015174897119341562,0.017062991021324355,0.4137599428663719,0.4342556813975868,0.4137599428663719,0.19803596807468607,0.11431392938111713,0.19803596807468607,0.0323862323957393,-0.08272822032860595,0.0323862323957393,-0.043727466271272074,-0.10163840856746444,-0.043727466271272074,0.45463631379024827,0.4375070529251503,0.45463631379024827,0.07264670715555553,0.06473376215118247,0.07264670715555553,0.01895513086830079,0.017241379310344827,0.01895513086830079,0.15670622136136952,0.2086133939564069,0.15670622136136952,0.5523081850134909,0.571536361379995,0.5523081850134909,0.07502982409787108,0.07136593033838008,0.07502982409787108,0.002688172043010753,0.0,0.002688172043010753,0.5190089135872269,0.5454917382628226,0.5190089135872269,0.26255129545484124,0.34392568915045024,0.26255129545484124,-0.06592612583036535,-0.0807579939558867,-0.06592612583036535,0.1665762074666667,0.23850561032501813,0.1665762074666667,0.510404411764706,0.536748366013072,0.510404411764706,0.10730392156862745,0.1169281045751634,0.10730392156862745,0.010686274509803922,0.0044444444444444444,0.010686274509803922,30.75,31.333333333333332,30.75,230.5,217.66666666666666,230.5,1.0,0.6666666666666666,1.0,0.5,0.6666666666666666,0.5,1.5,1.3333333333333333,1.5,8.176464170546858,4.713523170106895,8.176464170546858,5.433587391452958,1.7180039022315883,5.433587391452958,40.25,40.666666666666664,40.25,303.5,336.0,303.5,2.25,2.3333333333333335,2.25,0.0,0.0,0.0,2.0,2.3333333333333335,2.0,12.222878182108985,14.345667253100727,12.222878182108985,2.056106808235179,3.7113713119630223,2.056106808235179,,,,,,,,,,,,,,,,,,,,,,,,,,
2026_17_PHI_SF,2026,17,SF,PHI,7.0,10.0,0.2837401253058599,0.33045305973302525,0.2837401253058599,0.5773135621184624,0.5786403050468386,0.5773135621184624,0.11436699114557554,0.12582265486076738,0.11436699114557554,0.00662280701754386,0.0043859649122807015,0.00662280701754386,0.41186891344786086,0.39600539811066127,0.41186891344786086,0.5827797552460245,0.7297295997801805,0.5827797552460245,0.045266618070794115,-0.01315002474972668,0.045266618070794115,0.030823408413467847,0.11445311012667786,0.030823408413467847,0.4847847754253789,0.5021010936019977,0.4847847754253789,0.0319687727726647,0.02272453285111513,0.0319687727726647,0.010013706975327444,0.003401360544217687,0.010013706975327444,-0.04612291219001544,-0.0845576804540676,-0.04612291219001544,0.4368739692061377,0.43543980207877175,0.4368739692061377,0.0624154971951839,0.0538088982210295,0.0624154971951839,0.01895513086830079,0.02527350782440105,0.01895513086830079,0.4532828701865512,0.46507367766167035,0.4532828701865512,-0.17917476706950808,-0.2540589314237278,-0.17917476706950808,-0.022929830756340988,-0.06460872897547452,-0.022929830756340988,0.05983369056922259,0.06294735727753378,0.05983369056922259,0.5001082251082252,0.516017316017316,0.5001082251082252,0.06578005328005329,0.06786546786546788,0.06578005328005329,0.005494505494505495,0.007326007326007327,0.005494505494505495,28.25,26.333333333333332,28.25,251.75,267.3333333333333,251.75,2.75,2.6666666666666665,2.75,0.25,0.0,0.25,0.0,0.0,0.0,14.896443385994043,18.253382002698416,14.896443385994043,6.132157008781988,7.919023951353924,6.132157008781988,28.5,29.666666666666668,28.5,178.25,170.0,178.25,1.75,1.3333333333333333,1.75,0.75,1.0,0.75,3.0,3.0,3.0,-2.2672522574257448,-3.4474617858370693,-2.2672522574257448,-0.40759184242038593,-0.8327695559832003,-0.40759184242038593,,,,,,,,,,,,,,,,,,,,,,,,,,
2026_17_HOU_GB,2026,17,GB,HOU,10.0,11.0,-0.03510056544351925,-0.014193070887323482,-0.03510056544351925,0.45264505185391263,0.4646378469163279,0.45264505185391263,0.062887165577039,0.04813526838843294,0.062887165577039,0.02089959969706805,0.01992962499291613,0.02089959969706805,0.5592885674514314,0.5587262200165426,0.5592885674514314,0.03467342086398541,0.06582286617860096,0.03467342086398541,-0.36062054344857286,-0.33781668758934075,-0.36062054344857286,0.046801226320419886,0.0538874934141507,0.046801226320419886,0.4875537458165714,0.5104320214491223,0.4875537458165714,0.055777742927866907,0.06536131489481353,0.055777742927866907,0.013710105583715666,0.013775636273783051,0.013710105583715666,-0.007104739494929159,-0.04361786369017689,-0.007104739494929159,0.4555751462467881,0.43527235616787857,0.4555751462467881,0.08174329816120861,0.07968703491091551,0.08174329816120861,0.005494505494505495,0.0,0.005494505494505495,0.5078664943791558,0.5253034739870225,0.5078664943791558,0.06468450506761518,0.07407980502283656,0.06468450506761518,-0.16633112135104772,-0.25858544165020897,-0.16633112135104772,0.08258746448108978,0.028771169649626147,0.08258746448108978,0.44833707605691064,0.43857878797637834,0.44833707605691064,0.0816647739862989,0.06908537029018957,0.0816647739862989,0.009036144578313253,0.012048192771084336,0.009036144578313253,38.5,37.333333333333336,38.5,260.25,218.0,260.25,2.0,2.0,2.0,0.75,0.6666666666666666,0.75,2.0,1.3333333333333333,2.0,1.1523960315345447,2.437743406603932,1.1523960315345447,-6.6163849212516395,-5.603828397431513,-6.6163849212516395,37.75,37.666666666666664,37.75,285.25,289.0,285.25,1.25,1.0,1.25,0.0,0.0,0.0,3.0,3.0,3.0,1.8068844877002688,1.9103650458403614,1.8068844877002688,2.5078010023755493,2.2898421776600375,2.5078010023755493,,,,,,,,,,,,,,,,,,,,,,,,,,
2026_18_SF_ARI,2026,18,ARI,SF,7.0,7.0,-0.035179604016143035,-0.07079475585451801,-0.035179604016143035,0.48512565121628104,0.4801675349550414,0.48512565121628104,0.03125888945781419,0.021837249435815744,0.03125888945781419,0.015842537731938652,0.02112338364258487,0.015842537731938652,0.4924503115420499,0.5021288706739527,0.4924503115420499,-0.07808093794245746,-0.18316813379304195,-0.07808093794245746,-0.053516651231944455,-0.0813877511119224,-0.053516651231944455,0.07619913301005453,0.19149423501521148,0.07619913301005453,0.46794930875576035,0.4895238095238095,0.46794930875576035,0.09015500628403854,0.09870129870129869,0.09015500628403854,0.021311269375785508,0.01766233766233766,0.021311269375785508,0.2837401253058599,0.33045305973302525,0.2837401253058599,0.5773135621184624,0.5786403050468386,0.5773135621184624,0.11436699114557554,0.12582265486076738,0.11436699114557554,0.00662280701754386,0.0043859649122807015,0.00662280701754386,0.41186891344786086,0.39600539811066127,0.41186891344786086,0.5827797552460245,0.7297295997801805,0.5827797552460245,0.045266618070794115,-0.01315002474972668,0.045266618070794115,0.030823408413467847,0.11445311012667786,0.030823408413467847,0.4847847754253789,0.5021010936019977,0.4847847754253789,0.0319687727726647,0.02272453285111513,0.0319687727726647,0.010013706975327444,0.003401360544217687,0.010013706975327444,38.0,38.333333333333336,38.0,204.5,180.33333333333334,204.5,1.5,1.6666666666666667,1.5,1.0,1.3333333333333333,1.0,1.75,2.0,1.75,-1.789957543749424,-5.39089828671698,-1.789957543749424,0.9892456997191476,-0.21630676500089896,0.9892456997191476,28.25,26.333333333333332,28.25,251.75,267.3333333333333,251.75,2.75,2.6666666666666665,2.75,0.25,0.0,0.25,0.0,0.0,0.0,14.896443385994043,18.253382002698416,14.896443385994043,6.132157008781988,7.919023951353924,6.132157008781988,,,,,,,,,,,,,,,,,,,,,,,,,,
2026_18_PIT_BAL,2026,18,BAL,PIT,10.0,7.0,0.16064151754950937,0.10981452440018885,0.16064151754950937,0.5464133876074174,0.5467330016583748,0.5464133876074174,0.111210828972023,0.10932006633499171,0.111210828972023,0.006978096530335336,0.004975124378109453,0.006978096530335336,0.3820982923221729,0.39390883420734163,0.3820982923221729,0.3656025607512006,0.36212635779913627,0.3656025607512006,0.05693271481630258,-0.01734681333870776,0.05693271481630258,0.02066703118038173,0.06817387989164064,0.02066703118038173,0.4699920480586486,0.4768976099719178,0.4699920480586486,0.07681628821587012,0.06860529250038722,0.07681628821587012,0.01716219355111177,0.013221088986023422,0.01716219355111177,-0.05865213980463708,0.0004961924334776976,-0.05865213980463708,0.4671707765037606,0.4895610353383475,0.4671707765037606,0.07658311183542543,0.08433303800278946,0.07658311183542543,0.022776646036642544,0.025924416937745613,0.022776646036642544,0.5499782059365834,0.5396105808884176,0.5499782059365834,-0.13070207208742093,-0.06628752703161858,-0.13070207208742093,-0.02495502485644363,0.050795171167058784,-0.02495502485644363,0.018119392676324793,0.11682094772375318,0.018119392676324793,0.49675457715780297,0.5272043010752688,0.49675457715780297,0.0900283347863993,0.09301075268817204,0.0900283347863993,0.024960161774677907,0.024271206690561528,0.024960161774677907,24.0,23.666666666666668,24.0,241.75,214.33333333333334,241.75,1.5,1.6666666666666667,1.5,0.25,0.3333333333333333,0.25,1.75,1.6666666666666667,1.75,9.335359061520757,8.999254332877127,9.335359061520757,8.28603445670043,9.447465859267902,8.28603445670043,38.25,37.666666666666664,38.25,249.75,259.3333333333333,249.75,1.75,2.0,1.75,1.0,1.3333333333333333,1.0,3.25,3.6666666666666665,3.25,-4.5747589667659625,-3.4869635321114525,-4.5747589667659625,-3.4437064553965655,-5.003102898238917,-3.4437064553965655,,,,,,,,,,,,,,,,,,,,,,,,,,
2026_18_NYJ_BUF,2026,18,BUF,NYJ,7.0,7.0,0.19389511142951354,0.17718136558085787,0.19389511142951354,0.5192702630669048,0.5331563706563708,0.5192702630669048,0.1229492018671123,0.12413127413127413,0.1229492018671123,0.024034749034749035,0.032046332046332046,0.024034749034749035,0.4584856382138586,0.44969802266898323,0.4584856382138586,0.20221865158416258,0.11821836954928329,0.20221865158416258,0.13684891029334226,0.22602513157811643,0.13684891029334226,0.09736157266317838,0.09567055252063317,0.09736157266317838,0.5302788797204284,0.5348773341327324,0.5302788797204284,0.09363335845093104,0.09554044863054544,0.09363335845093104,0.014623611682435212,0.01217214158390629,0.014623611682435212,0.027433912679672805,-0.024745242458992612,0.027433912679672805,0.4872290881586234,0.4694586040313176,0.4872290881586234,0.06980557018787903,0.06154256205230718,0.06980557018787903,0.0033333333333333335,0.0044444444444444444,0.0033333333333333335,0.459888958726168,0.5020741671904463,0.459888958726168,0.12044471333778163,0.025108894110670466,0.12044471333778163,-0.163229287570642,-0.22084418451509147,-0.163229287570642,-0.0019136686206546096,0.05444499966074898,-0.0019136686206546096,0.5293509615384615,0.5495512820512821,0.5293509615384615,0.06466346153846153,0.07580128205128205,0.06466346153846153,0.012960737179487179,0.012072649572649571,0.012960737179487179,29.75,30.0,29.75,259.75,235.0,259.75,1.5,1.3333333333333333,1.5,0.75,1.0,0.75,2.25,2.3333333333333335,2.25,8.485946157317821,6.469586901076558,8.485946157317821,5.820897312309498,5.047367988961665,5.820897312309498,29.25,31.0,29.25,225.5,229.0,225.5,1.25,1.6666666666666667,1.25,0.0,0.0,0.0,3.0,4.0,3.0,5.0157015971744245,3.4359847614129784,5.0157015971744245,5.5156565927293,3.075535148382187,5.5156565927293,,,,,,,,,,,,,,,,,,,,,,,,,,
2026_18_ATL_CAR,2026,18,CAR,ATL,7.0,7.0,0.11702604375675155,0.11269960480323371,0.11702604375675155,0.4873072411349251,0.48106828938471935,0.4873072411349251,0.08857407316894353,0.08597025016903313,0.08857407316894353,0.008897659603932974,0.0038314176245210726,0.008897659603932974,0.5320202089400499,0.5447512250887908,0.5320202089400499,0.22300513001539274,0.21365398378342618,0.22300513001539274,-0.05775023295628121,-0.09537727561531535,-0.05775023295628121,0.035000205721044356,-0.0863028128152195,0.035000205721044356,0.477022487316605,0.4428481649069885,0.477022487316605,0.06887983340189223,0.05774886877828054,0.06887983340189223,0.024511946386946388,0.025106837606837604,0.024511946386946388,-0.026019571301306138,0.05796899575357858,-0.026019571301306138,0.5139868002677601,0.5501805985552116,0.5139868002677601,0.08904929503807213,0.09170536635706915,0.08904929503807213,0.025671230440967283,0.025219298245614034,0.025671230440967283,0.3636731385809049,0.3661760569206585,0.3636731385809049,-0.11227903529296565,0.05240420208961133,-0.11227903529296565,0.09627633399283132,0.1556026228577863,0.09627633399283132,-0.04486357267602255,0.018880948604963727,-0.04486357267602255,0.4452458897133712,0.4603278529511616,0.4452458897133712,0.055445584169940346,0.05614966778214268,0.055445584169940346,0.009371453513749455,0.008050826907221495,0.009371453513749455,40.5,41.666666666666664,40.5,317.0,302.3333333333333,317.0,2.25,2.0,2.25,0.5,0.3333333333333333,0.5,2.5,2.6666666666666665,2.5,10.300379856796933,8.560585376453988,10.300379856796933,6.132159628809991,5.964684393882333,6.132159628809991,21.0,20.666666666666668,21.0,177.0,188.33333333333334,177.0,0.75,0.6666666666666666,0.75,1.25,1.0,1.25,1.5,0.6666666666666666,1.5,-1.9486731724686526,2.6566182478611684,-1.9486731724686526,-4.174953236767758,-2.093933193808626,-4.174953236767758,,,,,,,,,,,,,,,,,,,,,,,,,,
2026_18_CLE_CIN,2026,18,CIN,CLE,10.0,7.0,0.09201308181827032,0.09884881469513133,0.09201308181827032,0.48556511056511054,0.4742599742599743,0.48556511056511054,0.07275944775944776,0.0667095667095667,0.07275944775944776,0.01267135642135642,0.012566137566137565,0.01267135642135642,0.5481547168958145,0.5729782190189808,0.5481547168958145,0.10733583649416452,0.1674380881257543,0.10733583649416452,-0.08384502616603288,-0.14423211792592597,-0.08384502616603288,0.04699424642761679,0.08443653160114924,0.04699424642761679,0.4886801491081382,0.47208635265700477,0.4886801491081382,0.08980687941285767,0.10435789049919485,0.08980687941285767,0.02263099219620959,0.00966183574879227,0.02263099219620959,0.03646472644512655,0.06437086914393775,0.03646472644512655,0.4990916812655943,0.5014344109996284,0.4990916812655943,0.059016828582045974,0.05752508361204014,0.059016828582045974,0.017808302808302808,0.013162393162393163,0.017808302808302808,0.45693565016130105,0.46170654994184407,0.45693565016130105,0.07129367323799057,0.216478373955558,0.07129367323799057,-0.1719729892608971,-0.2415060652994603,-0.1719729892608971,0.08159016303944597,-0.00020689521473431458,0.08159016303944597,0.5058113159855258,0.46087342131403436,0.5058113159855258,0.09875113080034056,0.08479317440045409,0.09875113080034056,0.012171402724563643,0.016228536966084856,0.012171402724563643,39.25,40.666666666666664,39.25,292.75,305.6666666666667,292.75,1.75,2.0,1.75,0.75,0.6666666666666666,0.75,2.25,2.6666666666666665,2.25,4.716609270158397,7.164463381018454,4.716609270158397,4.632584458671904,4.059535021751475,4.632584458671904,28.75,31.0,28.75,213.75,216.66666666666666,213.75,1.5,1.6666666666666667,1.5,0.5,0.3333333333333333,0.5,2.75,2.0,2.75,4.134775975382055,7.366408698682321,4.134775975382055,1.71397661613135,-1.1550297611725535,1.71397661613135,,,,,,,,,,,,,,,,,,,,,,,,,,
2026_18_LAC_DEN,2026,18,DEN,LAC,7.0,7.0,0.007821444896673267,0.07693071956930457,0.007821444896673267,0.46422136893649074,0.46595636076777996,0.46422136893649074,0.057167458868869245,0.07075879761750872,0.057167458868869245,0.015217538279268026,0.009361089290390154,0.015217538279268026,0.5070834866887498,0.498333537807222,0.5070834866887498,-0.023530806317518787,0.1184317559011629,-0.023530806317518787,-0.022547862340055153,0.004123489999893533,-0.022547862340055153,0.08924681035233478,0.05907393003858596,0.08924681035233478,0.4933040613125659,0.49323658391459,0.4933040613125659,0.08777756093097337,0.0867337176049342,0.08777756093097337,0.015314054512018605,0.016089735020353813,0.015314054512018605,-0.16480540260291193,-0.1298451458020771,-0.16480540260291193,0.43657915504166533,0.44769693790501625,0.43657915504166533,0.07560979017823492,0.07930767722689387,0.07560979017823492,0.029900620660975222,0.02911480604259062,0.029900620660975222,0.4449937159614579,0.43203463203463205,0.4449937159614579,-0.1553756493588359,-0.144860128955956,-0.1553756493588359,-0.16545872561455968,-0.11213158877207674,-0.16545872561455968,0.023020096041020576,0.006804844221700135,0.023020096041020576,0.4790728228228229,0.4720970970970971,0.4790728228228229,0.07944551694551694,0.08608608608608609,0.07944551694551694,0.027120870870870874,0.036161161161161165,0.027120870870870874,33.75,35.666666666666664,33.75,204.75,229.33333333333334,204.75,1.25,1.3333333333333333,1.25,0.75,0.6666666666666666,0.75,1.25,0.3333333333333333,1.25,-0.5764045990066502,4.02525779304248,-0.5764045990066502,-2.9256460681492484,-1.307681144526116,-2.9256460681492484,29.75,30.666666666666668,29.75,204.0,202.33333333333334,204.0,1.0,1.0,1.0,1.5,1.6666666666666667,1.5,3.0,3.0,3.0,-5.143134782981752,-4.988290938300914,-5.143134782981752,-4.346979795763358,-3.726181019945671,-4.346979795763358,,,,,,,,,,,,,,,,,,,,,,,,,,
2026_18_DET_GB,2026,18,GB,DET,6.0,7.0,-0.03510056544351925,-0.014193070887323482,-0.03510056544351925,0.45264505185391263,0.4646378469163279,0.45264505185391263,0.062887165577039,0.04813526838843294,0.062887165577039,0.02089959969706805,0.01992962499291613,0.02089959969706805,0.5592885674514314,0.5587262200165426,0.5592885674514314,0.03467342086398541,0.06582286617860096,0.03467342086398541,-0.36062054344857286,-0.33781668758934075,-0.36062054344857286,0.046801226320419886,0.0538874934141507,0.046801226320419886,0.4875537458165714,0.5104320214491223,0.4875537458165714,0.055777742927866907,0.06536131489481353,0.055777742927866907,0.013710105583715666,0.013775636273783051,0.013710105583715666,0.15670622136136952,0.2086133939564069,0.15670622136136952,0.5523081850134909,0.571536361379995,0.5523081850134909,0.07502982409787108,0.07136593033838008,0.07502982409787108,0.002688172043010753,0.0,0.002688172043010753,0.5190089135872269,0.5454917382628226,0.5190089135872269,0.26255129545484124,0.34392568915045024,0.26255129545484124,-0.06592612583036535,-0.0807579939558867,-0.06592612583036535,0.1665762074666667,0.23850561032501813,0.1665762074666667,0.510404411764706,0.536748366013072,0.510404411764706,0.10730392156862745,0.1169281045751634,0.10730392156862745,0.010686274509803922,0.0044444444444444444,0.010686274509803922,38.5,37.333333333333336,38.5,260.25,218.0,260.25,2.0,2.0,2.0,0.75,0.6666666666666666,0.75,2.0,1.3333333333333333,2.0,1.1523960315345447,2.437743406603932,1.1523960315345447,-6.6163849212516395,-5.603828397431513,-6.6163849212516395,40.25,40.666666666666664,40.25,303.5,336.0,303.5,2.25,2.3333333333333335,2.25,0.0,0.0,0.0,2.0,2.3333333333333335,2.0,12.222878182108985,14.345667253100727,12.222878182108985,2.056106808235179,3.7113713119630223,2.056106808235179,,,,,,,,,,,,,,,,,,,,,,,,,,
2026_18_TEN_HOU,2026,18,HOU,TEN,6.0,7.0,-0.007104739494929159,-0.04361786369017689,-0.007104739494929159,0.4555751462467881,0.43527235616787857,0.4555751462467881,0.08174329816120861,0.07968703491091551,0.08174329816120861,0.005494505494505495,0.0,0.005494505494505495,0.5078664943791558,0.5253034739870225,0.5078664943791558,0.06468450506761518,0.07407980502283656,0.06468450506761518,-0.16633112135104772,-0.25858544165020897,-0.16633112135104772,0.08258746448108978,0.028771169649626147,0.08258746448108978,0.44833707605691064,0.43857878797637834,0.44833707605691064,0.0816647739862989,0.06908537029018957,0.0816647739862989,0.009036144578313253,0.012048192771084336,0.009036144578313253,-0.08613970667452825,-0.05785638441108254,-0.08613970667452825,0.45301058329615707,0.44776411106154274,0.45301058329615707,0.06337062249059972,0.07407749665413295,0.06337062249059972,0.018301444697597348,0.0191935929301298,0.018301444697597348,0.47286633403361344,0.4481967787114846,0.47286633403361344,-0.12028579062453473,-0.09036911373240779,-0.12028579062453473,-0.011253756088963715,-0.05164045572881565,-0.011253756088963715,0.10522877133938018,0.07898123575395055,0.10522877133938018,0.48157215080344223,0.46191602089107603,0.48157215080344223,0.07996914188921657,0.07509399098742388,0.07996914188921657,0.006024096385542169,0.008032128514056226,0.006024096385542169,37.75,37.666666666666664,37.75,285.25,289.0,285.25,1.25,1.0,1.25,0.0,0.0,0.0,3.0,3.0,3.0,1.8068844877002688,1.9103650458403614,1.8068844877002688,2.5078010023755493,2.2898421776600375,2.5078010023755493,29.75,29.0,29.75,181.5,195.33333333333334,181.5,0.75,0.6666666666666666,0.75,0.5,0.6666666666666666,0.5,1.5,1.0,1.5,-3.379584406637437,-2.0556946270059013,-3.379584406637437,3.4139458071283935,4.422012252800939,3.4139458071283935,,,,,,,,,,,,,,,,,,,,,,,,,,
2026_18_JAX_IND,2026,18,IND,JAX,7.0,7.0,0.022634621076697316,0.0707973330867281,0.022634621076697316,0.4892823909838584,0.502618067205531,0.4892823909838584,0.07523268638671363,0.0664938233948452,0.07523268638671363,0.025776192275983406,0.024706420619185602,0.025776192275983406,0.45776559725835086,0.4509338398227287,0.45776559725835086,-0.20362434170788263,-0.11763022060584222,-0.20362434170788263,0.12113213959231584,0.12071812908002277,0.12113213959231584,0.06436357819500677,-0.018556061405814634,0.06436357819500677,0.4867591036201997,0.4671939563420844,0.4867591036201997,0.07655633162279933,0.06311406986936015,0.07655633162279933,0.006536226930963773,0.0043859649122807015,0.006536226930963773,0.1806901514807951,0.13192642270706453,0.1806901514807951,0.540006038647343,0.506466384863124,0.540006038647343,0.08712635869565218,0.06929347826086957,0.08712635869565218,0.007095410628019324,0.009460547504025765,0.007095410628019324,0.41920826429163216,0.4339443523888429,0.41920826429163216,0.3137043547700914,0.15408530987731625,0.3137043547700914,0.06556005055766415,0.10004080026360397,0.06556005055766415,-0.029490075920002308,-0.02356886734290074,-0.029490075920002308,0.47259979862591805,0.4661119008133934,0.47259979862591805,0.07574478796493722,0.07982902945589514,0.07574478796493722,0.028036898839137646,0.02680052120350628,0.028036898839137646,33.0,33.666666666666664,33.0,188.5,196.0,188.5,0.75,0.6666666666666666,0.75,1.0,1.0,1.0,2.0,2.0,2.0,-5.988214852655161,-4.780209844417336,-5.988214852655161,-1.7621563027547107,-0.662722445343385,-1.7621563027547107,26.0,27.0,26.0,210.75,199.33333333333334,210.75,2.0,1.3333333333333333,2.0,0.5,0.6666666666666666,0.5,2.0,2.3333333333333335,2.0,7.936949496801796,4.242107413481726,7.936949496801796,10.380772024171124,6.399239413026021,10.380772024171124,,,,,,,,,,,,,,,,,,,,,,,,,,
2026_18_LV_KC,2026,18,KC,LV,7.0,7.0,0.15427030993447494,0.14577192948143947,0.15427030993447494,0.5378611594590976,0.5526460481099656,0.5378611594590976,0.0975898156825992,0.09981672394043528,0.0975898156825992,0.007413419913419914,0.005555555555555556,0.007413419913419914,0.4394608780009779,0.4587548548784968,0.4394608780009779,0.19644463331241604,0.2883840098737328,0.19644463331241604,0.1264897111985765,0.046508365582302036,0.1264897111985765,-0.02749620394404522,0.029840521115013247,-0.02749620394404522,0.46930291766630383,0.47273175907419746,0.46930291766630383,0.06833424043958551,0.08564783971179707,0.06833424043958551,0.023495781197477333,0.020398746514669233,0.023495781197477333,0.021463399893859685,0.01777803464231992,0.021463399893859685,0.4786459520012152,0.4759139009139009,0.4786459520012152,0.06554549251917673,0.06546416546416546,0.06554549251917673,0.018853478392952077,0.016366041366041365,0.018853478392952077,0.4730438184663537,0.4973917579551383,0.4730438184663537,0.15941266353436606,0.20818138846405143,0.15941266353436606,-0.21418225715379746,-0.2571573260438323,-0.21418225715379746,-0.09598422869260231,-0.06139371823167424,-0.09598422869260231,0.45225627065010005,0.47993143778987696,0.45225627065010005,0.07824189120014892,0.06842508570276266,0.07824189120014892,0.02905498161850249,0.028483565234926397,0.02905498161850249,32.0,33.666666666666664,32.0,259.25,284.3333333333333,259.25,2.25,2.3333333333333335,2.25,0.5,0.3333333333333333,0.5,1.5,1.3333333333333333,1.5,6.446316563629169,9.362365883097056,6.446316563629169,0.7971588863963264,5.035578952105095,0.7971588863963264,36.0,38.0,36.0,256.5,288.6666666666667,256.5,2.75,2.6666666666666665,2.75,1.0,0.6666666666666666,1.0,1.25,1.6666666666666667,1.25,6.281335473132113,8.244049076723051,6.281335473132113,2.2832901943903203,2.8080865725075603,2.2832901943903203,,,,,,,,,,,,,,,,,,,,,,,,,,
2026_18_SEA_LA,2026,18,LA,SEA,7.0,7.0,-0.006250000793374344,0.06502189785088827,-0.006250000793374344,0.48462104905403874,0.5018827917735442,0.48462104905403874,0.08757771694377327,0.09686979174592654,0.08757771694377327,0.025574517804091586,0.02414910831590321,0.025574517804091586,0.5161766922960953,0.5468214483139856,0.5161766922960953,0.05073602099405059,0.19893208985503819,0.05073602099405059,0.003712331235477047,0.05009166202233184,0.003712331235477047,-0.07489104167677382,-0.147721829577153,-0.07489104167677382,0.4458125042335569,0.40330556120029804,0.4458125042335569,0.04348608006502744,0.03131477342003658,0.04348608006502744,0.010194235588972431,0.009147869674185462,0.010194235588972431,0.06962581722046447,0.06790185818251875,0.06962581722046447,0.4933006507865265,0.4995421106532218,0.4933006507865265,0.08398499570815955,0.0780816891928003,0.08398499570815955,0.019262769262769264,0.025683692350359017,0.019262769262769264,0.4309138347035496,0.425126492248411,0.4309138347035496,0.16643086328697054,0.16590206254841208,0.16643086328697054,-0.1688324932304218,-0.20471159713694417,-0.1688324932304218,-0.10749100122304668,-0.11639800491414103,-0.10749100122304668,0.4150128174632777,0.4037777737117206,0.4150128174632777,0.043142821352617704,0.04470324898297745,0.043142821352617704,0.022368572912458883,0.01700425106276569,0.022368572912458883,40.5,45.666666666666664,40.5,297.25,344.6666666666667,297.25,1.5,2.0,1.5,1.5,1.6666666666666667,1.5,1.5,2.0,1.5,3.3563621536499952,6.345530322934145,3.3563621536499952,0.05398762446581107,1.6348236182919977,0.05398762446581107,28.75,31.0,28.75,242.25,260.6666666666667,242.25,2.5,3.0,2.5,0.75,1.0,0.75,1.25,1.3333333333333333,1.25,5.35974044405344,4.998122275349421,5.35974044405344,4.746487511881998,4.735512551102604,4.746487511881998,,,,,,,,,,,,,,,,,,,,,,,,,,
2026_18_CHI_MIN,2026,18,MIN,CHI,7.0,7.0,-0.024195758249175733,-0.04077515267864346,-0.024195758249175733,0.39842937574185144,0.3915995280161623,0.39842937574185144,0.05784997006333967,0.06812428440877721,0.05784997006333967,0.006756756756756757,0.0045045045045045045,0.006756756756756757,0.4234687810508992,0.43849891527507284,0.4234687810508992,-0.08832344442676934,-0.12394098261348968,-0.08832344442676934,-0.10269216522773571,-0.1189112699376209,-0.10269216522773571,-0.15515538262958883,-0.17426616046874957,-0.15515538262958883,0.3810449735449736,0.36917107583774245,0.3810449735449736,0.07540564373897707,0.06482657260435037,0.07540564373897707,0.023077601410934744,0.022833627278071724,0.023077601410934744,0.1141436378280993,0.019221763327520427,0.1141436378280993,0.5079740860990861,0.48411696328362996,0.5079740860990861,0.0918923861632195,0.08843227246005024,0.0918923861632195,0.017062991021324355,0.015174897119341562,0.017062991021324355,0.4137599428663719,0.4342556813975868,0.4137599428663719,0.19803596807468607,0.11431392938111713,0.19803596807468607,0.0323862323957393,-0.08272822032860595,0.0323862323957393,-0.043727466271272074,-0.10163840856746444,-0.043727466271272074,0.45463631379024827,0.4375070529251503,0.45463631379024827,0.07264670715555553,0.06473376215118247,0.07264670715555553,0.01895513086830079,0.017241379310344827,0.01895513086830079,26.25,28.666666666666668,26.25,172.75,186.0,172.75,1.0,0.3333333333333333,1.0,0.25,0.3333333333333333,0.25,3.25,3.3333333333333335,3.25,-1.8144806876133537,-4.081678120415504,-1.8144806876133537,-2.9832216492412904,-1.5571783016386782,-2.9832216492412904,30.75,31.333333333333332,30.75,230.5,217.66666666666666,230.5,1.0,0.6666666666666666,1.0,0.5,0.6666666666666666,0.5,1.5,1.3333333333333333,1.5,8.176464170546858,4.713523170106895,8.176464170546858,5.433587391452958,1.7180039022315883,5.433587391452958,,,,,,,,,,,,,,,,,,,,,,,,,,
2026_18_MIA_NE,2026,18,NE,MIA,7.0,7.0,-0.060419780865163704,-0.053636377770297054,-0.060419780865163704,0.46107127507744206,0.46518905053060644,0.46107127507744206,0.08276397200733064,0.09753144985592803,0.08276397200733064,0.03397892035226001,0.03248471431583386,0.03397892035226001,0.4537663254886556,0.4491776114740516,0.4537663254886556,-0.11651124840408737,-0.11255801495557961,-0.11651124840408737,0.0033094769725084995,0.033700162535733214,0.0033094769725084995,0.014683888407503457,-0.005354046901429298,0.014683888407503457,0.4708552936524144,0.46961496780773887,0.4708552936524144,0.07344796862996782,0.06403231975521133,0.07344796862996782,0.016639175750621533,0.022185567667495378,0.016639175750621533,-0.14076859746921866,-0.12110620993382935,-0.14076859746921866,0.39069115095430884,0.39784461152882206,0.39069115095430884,0.07566367842683633,0.06498746867167919,0.07566367842683633,0.019271255060728746,0.015438596491228071,0.019271255060728746,0.4362471395881007,0.4149961861174676,0.4362471395881007,-0.2222894383428996,-0.20024126545875817,-0.2222894383428996,-0.055899321524586806,-0.02703969405888808,-0.055899321524586806,0.13925104021792037,0.1748282217410675,0.13925104021792037,0.5269833417153186,0.540363753866039,0.5269833417153186,0.08969207137078258,0.09765960393297328,0.08969207137078258,0.010745614035087718,0.005555555555555556,0.010745614035087718,29.25,28.0,29.25,213.5,225.33333333333334,213.5,1.0,1.0,1.0,1.75,1.3333333333333333,1.75,2.5,2.3333333333333335,2.5,-2.2567784958981347,-1.4685866095355185,-2.2567784958981347,2.080397172537725,0.7837126770662883,2.080397172537725,25.75,25.333333333333332,25.75,178.0,164.0,178.0,0.25,0.3333333333333333,0.25,0.5,0.3333333333333333,0.5,2.75,2.0,2.75,-4.373726229028161,-4.001718406341058,-4.373726229028161,-9.202447275063797,-9.319847514257406,-9.202447275063797,,,,,,,,,,,,,,,,,,,,,,,,,,
2026_18_TB_NO,2026,18,NO,TB,7.0,7.0,-0.005293048360227478,0.00934660255582588,-0.005293048360227478,0.4754726341947437,0.4901726625864557,0.4754726341947437,0.05920330514651001,0.052793949345673476,0.05920330514651001,0.021720757268424613,0.019157088122605363,0.021720757268424613,0.5478089375284998,0.5310655114759082,0.5478089375284998,0.032825762864047925,0.0491337286368859,0.032825762864047925,-0.08292202773960373,-0.08847953817173927,-0.08292202773960373,0.10647199924817373,0.14163443113881255,0.10647199924817373,0.554913966724695,0.5750107369949337,0.554913966724695,0.08623734104312711,0.0863092862653881,0.08623734104312711,0.009666268573346088,0.00930412870711378,0.009666268573346088,-0.08614008487593638,-0.09307591013692167,-0.08614008487593638,0.45180602847856366,0.42292085848423877,0.45180602847856366,0.05642654000928649,0.05985077129443326,0.05642654000928649,0.0315042498581231,0.02149284596467695,0.0315042498581231,0.4817907995618839,0.4757210660825119,0.4817907995618839,-0.2553665432504918,-0.2580693202665265,-0.2553665432504918,-0.011232668870502185,0.011929151758878723,-0.011232668870502185,0.010685284145078714,-0.009588248869124153,0.010685284145078714,0.46778024495415793,0.4505468201120375,0.46778024495415793,0.05877030333552073,0.048057374144330665,0.05877030333552073,0.014561639561639562,0.015086515086515087,0.014561639561639562,45.0,41.333333333333336,45.0,300.75,264.3333333333333,300.75,2.25,2.0,2.25,0.75,0.3333333333333333,0.75,3.0,2.3333333333333335,3.0,1.740578409076187,2.656544636290428,1.740578409076187,4.253017598071094,6.0725582861308505,4.253017598071094,30.75,31.666666666666668,30.75,190.75,182.33333333333334,190.75,0.75,1.0,0.75,1.0,1.3333333333333333,1.0,4.0,4.0,4.0,-8.543065631932876,-9.587247694064805,-8.543065631932876,1.1619188566879113,-3.1242621736926623,1.1619188566879113,,,,,,,,,,,,,,,,,,,,,,,,,,
2026_18_PHI_NYG,2026,18,NYG,PHI,7.0,7.0,0.006493002490323427,-0.09920029691903344,0.006493002490323427,0.4428581135938438,0.38433713391459867,0.4428581135938438,0.051001623777754246,0.05045830538788285,0.051001623777754246,0.016860902255639097,0.018095238095238095,0.016860902255639097,0.4351743047395221,0.4405927666797232,0.4351743047395221,0.014663715912634719,-0.2160661405928355,0.014663715912634719,-0.13802534070292533,-0.2042759136584121,-0.13802534070292533,-0.0012634584217439404,-0.05730219699621856,-0.0012634584217439404,0.4851244952411321,0.49091868182688586,0.4851244952411321,0.06845212496097068,0.0858931558619394,0.06845212496097068,0.028107145067410154,0.03209984933719203,0.028107145067410154,-0.04612291219001544,-0.0845576804540676,-0.04612291219001544,0.4368739692061377,0.43543980207877175,0.4368739692061377,0.0624154971951839,0.0538088982210295,0.0624154971951839,0.01895513086830079,0.02527350782440105,0.01895513086830079,0.4532828701865512,0.46507367766167035,0.4532828701865512,-0.17917476706950808,-0.2540589314237278,-0.17917476706950808,-0.022929830756340988,-0.06460872897547452,-0.022929830756340988,0.05983369056922259,0.06294735727753378,0.05983369056922259,0.5001082251082252,0.516017316017316,0.5001082251082252,0.06578005328005329,0.06786546786546788,0.06578005328005329,0.005494505494505495,0.007326007326007327,0.005494505494505495,26.75,26.0,26.75,177.25,159.66666666666666,177.25,1.5,1.0,1.5,0.75,1.0,0.75,2.75,3.0,2.75,0.7976973932247889,-6.2405540918004165,0.7976973932247889,-3.849986347403323,-9.594501192201585,-3.849986347403323,28.5,29.666666666666668,28.5,178.25,170.0,178.25,1.75,1.3333333333333333,1.75,0.75,1.0,0.75,3.0,3.0,3.0,-2.2672522574257448,-3.4474617858370693,-2.2672522574257448,-0.40759184242038593,-0.8327695559832003,-0.40759184242038593,,,,,,,,,,,,,,,,,,,,,,,,,,
2026_18_DAL_WAS,2026,18,WAS,DAL,7.0,7.0,-0.029658132563212994,-0.05637507356571366,-0.029658132563212994,0.43337765144568735,0.427043217800599,0.43337765144568735,0.06181612568005379,0.06258023106546855,0.06181612568005379,0.006338254172015404,0.008451005562687205,0.006338254172015404,0.44706818239534474,0.4515125966074476,0.44706818239534474,0.004333421250685879,-0.030387248102538834,0.004333421250685879,-0.11193082254276396,-0.15098220459818143,-0.11193082254276396,0.09265004072306829,0.10047292343004403,0.09265004072306829,0.5141549001222617,0.5384810433002706,0.5141549001222617,0.07169606004614693,0.06618298202231354,0.07169606004614693,0.01558837318330989,0.02078449757774652,0.01558837318330989,0.16012706161710769,0.15788516305558356,0.16012706161710769,0.5234810596609654,0.542060767719997,0.5234810596609654,0.0532659435811631,0.06564491402219597,0.0532659435811631,0.0069058212829069335,0.0038314176245210726,0.0069058212829069335,0.5171555864817285,0.5067450830509069,0.5171555864817285,0.29203132298283724,0.2876015407951354,0.29203132298283724,-0.020189098131197084,-0.04717694437999781,-0.020189098131197084,0.16746099151762128,0.11542368845069702,0.16746099151762128,0.5351058092081313,0.5073340614003156,0.5351058092081313,0.10101677108679964,0.11714516846661005,0.10101677108679964,0.006338254172015404,0.0040650406504065045,0.006338254172015404,28.75,27.0,28.75,157.25,155.0,157.25,1.75,1.6666666666666667,1.75,0.25,0.3333333333333333,0.25,1.0,1.0,1.0,-0.5671165852674691,-2.0581005987476115,-0.5671165852674691,-3.005027401437662,-2.8582689445465803,-3.005027401437662,37.5,38.666666666666664,37.5,266.25,296.6666666666667,266.25,2.0,2.0,2.0,0.25,0.0,0.25,1.5,2.0,1.5,12.159050178521934,12.751765983175227,12.159050178521934,6.298653113689049,5.8215819502486434,6.298653113689049,,,,,,,,,,,,,,,,,,,,,,,,,,
