game_id,home_team_ext_off_early_epa_last5,home_team_ext_off_sack_rate_last5,home_team_ext_off_hit_rate_last5,home_team_ext_off_third_conversion_last5,home_team_ext_off_stuff_rate_last5,home_team_ext_def_early_epa_last5,home_team_ext_def_sack_rate_last5,home_team_ext_def_hit_rate_last5,home_team_ext_def_third_conversion_last5,home_team_ext_def_stuff_rate_last5,home_team_ext_off_red_zone_td_rate_last5,home_team_ext_def_red_zone_td_rate_last5,home_team_ext_ngs_avg_time_to_throw_last5,home_team_ext_ngs_avg_intended_air_yards_last5,home_team_ext_ngs_aggressiveness_last5,home_team_ext_ngs_completion_percentage_above_expectation_last5,home_team_ext_ngs_rush_yards_over_expected_per_att_last5,home_team_ext_ngs_rush_pct_over_expected_last5,home_team_ext_ngs_avg_separation_last5,home_team_ext_ngs_avg_yac_above_expectation_last5,home_team_ext_elo,home_team_ext_opponent_elo,home_team_ext_observed_games,away_team_ext_off_early_epa_last5,away_team_ext_off_sack_rate_last5,away_team_ext_off_hit_rate_last5,away_team_ext_off_third_conversion_last5,away_team_ext_off_stuff_rate_last5,away_team_ext_def_early_epa_last5,away_team_ext_def_sack_rate_last5,away_team_ext_def_hit_rate_last5,away_team_ext_def_third_conversion_last5,away_team_ext_def_stuff_rate_last5,away_team_ext_off_red_zone_td_rate_last5,away_team_ext_def_red_zone_td_rate_last5,away_team_ext_ngs_avg_time_to_throw_last5,away_team_ext_ngs_avg_intended_air_yards_last5,away_team_ext_ngs_aggressiveness_last5,away_team_ext_ngs_completion_percentage_above_expectation_last5,away_team_ext_ngs_rush_yards_over_expected_per_att_last5,away_team_ext_ngs_rush_pct_over_expected_last5,away_team_ext_ngs_avg_separation_last5,away_team_ext_ngs_avg_yac_above_expectation_last5,away_team_ext_elo,away_team_ext_opponent_elo,away_team_ext_observed_games,diff_team_ext_off_early_epa_last5,diff_team_ext_off_sack_rate_last5,diff_team_ext_off_hit_rate_last5,diff_team_ext_off_third_conversion_last5,diff_team_ext_off_stuff_rate_last5,diff_team_ext_def_early_epa_last5,diff_team_ext_def_sack_rate_last5,diff_team_ext_def_hit_rate_last5,diff_team_ext_def_third_conversion_last5,diff_team_ext_def_stuff_rate_last5,diff_team_ext_off_red_zone_td_rate_last5,diff_team_ext_def_red_zone_td_rate_last5,diff_team_ext_ngs_avg_time_to_throw_last5,diff_team_ext_ngs_avg_intended_air_yards_last5,diff_team_ext_ngs_aggressiveness_last5,diff_team_ext_ngs_completion_percentage_above_expectation_last5,diff_team_ext_ngs_rush_yards_over_expected_per_att_last5,diff_team_ext_ngs_rush_pct_over_expected_last5,diff_team_ext_ngs_avg_separation_last5,diff_team_ext_ngs_avg_yac_above_expectation_last5,diff_team_ext_elo,diff_team_ext_opponent_elo,diff_team_ext_observed_games
2026_01_ARI_LAC,-0.1351327967462717,0.09819828951536266,0.19614486326681446,0.4223855092276144,0.20022214627477783,-0.1272020526630397,0.05944914258867744,0.13308013691734621,0.3573537573537573,0.23344750435841982,0.3466666666666667,0.13333333333333333,2.9511490150093804,8.95565225097483,15.894019773330118,2.0112605799373044,0.16444924072711928,0.4531446562696563,2.501432757556077,0.12589468529634548,1535.8259627827545,1500.0,5,-0.01604543298646244,0.08272431633407243,0.18090317812269033,0.3765734265734265,0.12811594202898546,0.24046913298324485,0.03151936358073254,0.08705306407902787,0.5652380952380953,0.12806451612903222,0.5,0.7166666666666666,2.983036222556868,7.677423919429364,18.19323135452168,1.6981535626535647,0.646355622003363,0.29720279720279713,2.9003397042771355,1.225500553570946,1410.356023517626,1500.0,5,-0.11908736375980927,0.015473973181290235,0.015241685144124134,0.0458120826541879,0.07210620424579237,-0.36767118564628454,0.027929779007944897,0.04602707283831835,-0.20788433788433802,0.1053829882293876,-0.15333333333333332,-0.5833333333333333,-0.03188720754748742,1.278228331545467,-2.2992115811915603,0.3131070172837398,-0.48190638127624374,0.15594185906685915,-0.39890694672105864,-1.0996058682746006,125.46993926512846,0.0,0
2026_01_ATL_PIT,0.06010945094772232,0.04688888888888888,0.07604761904761902,0.4026098901098901,0.16412037037037036,-0.035994786652728906,0.08624060150375937,0.16134085213032576,0.342043512043512,0.22300116550116544,0.4,0.43333333333333335,2.457746751302724,5.972763373421268,14.000317783095033,-0.14071270242691866,2.345744199976429,0.3827380952380952,2.9895704968897223,2.0756050192913436,1536.673516987476,1500.0,5,0.03909505437491151,0.03857721676796008,0.19921926133707338,0.3403596403596403,0.15638427958203552,-0.019312999282102956,0.08195792729508652,0.11459563869893852,0.42831196581196573,0.1762511401641836,0.5666666666666667,0.4666666666666666,2.74227475833244,7.186673471339756,20.15151515151515,-1.9443691017316014,0.6841228374112847,0.44376718599154436,3.190718271912772,-0.6769856909475992,1478.9550339107036,1500.0,5,0.02101439657281081,0.0083116721209288,-0.12317164228945436,0.06225024975024984,0.007736090788334843,-0.01668178737062595,0.004282674208672843,0.04674521343138724,-0.08626845376845371,0.04675002533698183,-0.16666666666666663,-0.03333333333333327,-0.28452800702971626,-1.2139100979184887,-6.1511973684201156,1.8036563993046828,1.6616213625651444,-0.061029090753449144,-0.20114777502304948,2.752590710238943,57.71848307677237,0.0,0
2026_01_BAL_IND,-0.18418724697266856,0.04005354294827978,0.12071656413761675,0.4654079254079254,0.16409523809523807,0.026701430657740353,0.02026328654235628,0.0772619342386784,0.43487179487179495,0.18345648604269288,0.7333333333333333,0.5233333333333333,2.5620836828831153,7.485895931223951,22.694913980918034,-0.42198514440259627,-1.2571019480246117,0.24323809523809517,2.667314999735237,0.3959378841442617,1475.32294401094,1500.0,5,0.08547940506918551,0.1004401154401154,0.20696248196248193,0.4761127761127762,0.10635531135531132,0.10510344653248169,0.049520979020979,0.12038036963036962,0.4048809523809524,0.15379310344827585,0.41666666666666663,0.4333333333333333,3.047564983164984,7.549888294711825,8.571428571428571,-2.848431216931225,1.9025273660453312,0.4892780435938331,2.9725301974251854,-0.338092986317095,1535.9616530044063,1500.0,5,-0.2696666520418541,-0.06038657249183562,-0.08624591782486518,-0.010704850704850777,0.057739926739926756,-0.07840201587474133,-0.029257692478622723,-0.04311843539169122,0.02999084249084255,0.02966338259441703,0.31666666666666665,0.09000000000000002,-0.48548130028186876,-0.0639923634878743,14.123485409489463,2.4264460725286288,-3.159629314069943,-0.24603994835573792,-0.3052151976899484,0.7340308704613567,-60.63870899346625,0.0,0
2026_01_BUF_HOU,-0.04940843972184244,0.02359447004608294,0.10581808872131451,0.414972804972805,0.2104838709677419,-0.18249453772015878,0.07099661143306837,0.11229012750193745,0.4128571428571428,0.16435205917964535,0.5,0.6799999999999999,2.9362039589442817,7.948629198688022,13.32705766932202,0.7506670586365815,0.6976883468724544,0.44350681609262843,2.880382587060705,0.6637011863431901,1550.0719034538054,1500.0,5,0.13943946395974058,0.06898454663874276,0.11395903670928946,0.46216783216783214,0.07666855203619907,-0.10250139373479603,0.05706558100750474,0.16754225732084171,0.504029304029304,0.15841204694766367,0.72,0.8,2.8988572828623282,6.383413863913864,12.33341975628727,3.317463883847547,1.2277233998403712,0.5335455952716015,3.1729497221754994,1.6560846111518324,1581.5708439371865,1500.0,5,-0.18884790368158302,-0.045390076592659825,-0.008140947987974947,-0.04719502719502716,0.13381531893154283,-0.07999314398536275,0.013931030425563637,-0.05525212981890426,-0.0911721611721612,0.005940012231981678,-0.21999999999999997,-0.1200000000000001,0.03734667608195341,1.565215334774158,0.9936379130347497,-2.566796825210966,-0.5300350529679168,-0.09003877917897307,-0.2925671351147945,-0.9923834248086423,-31.498940483381148,0.0,0
2026_01_CHI_CAR,-0.07963522073628763,0.04713261648745516,0.11771030993042375,0.34500000000000003,0.19382692764253254,0.01801901689791332,0.08530721966205834,0.09890168970814128,0.52254329004329,0.10499999999999995,0.5333333333333333,0.5700000000000001,2.96494443627451,6.374075883256529,9.648809523809522,3.3314494047619077,0.10392170108498183,0.3992063492063492,2.463127477784926,1.1360527905908826,1448.4836470215464,1500.0,5,0.1447173555347831,0.029433760683760662,0.12544640794640793,0.386013986013986,0.10303797080112868,0.03117955145822108,0.06300154853635324,0.14130159973963025,0.5227838827838828,0.14870946156240272,0.6166666666666667,0.45,3.221750204152614,8.472638801173286,10.630506748153808,-3.0336663610898995,0.29199643748775694,0.5796001571863642,3.828385567969627,0.5844429714423148,1503.8881512660632,1500.0,5,-0.22435257627107075,0.0176988558036945,-0.007736098015984183,-0.04101398601398598,0.09078895684140385,-0.01316053456030776,0.022305671125705098,-0.04239991003148896,-0.00024059274059273772,-0.04370946156240277,-0.08333333333333337,0.12000000000000005,-0.25680576787810416,-2.098562917916757,-0.9816972243442859,6.365115765851807,-0.1880747364027751,-0.18039380798001498,-1.365258090184701,0.5516098191485678,-55.40450424451683,0.0,0
2026_01_CLE_JAX,0.047404210783052535,0.0436692506459948,0.11989664082687335,0.5066666666666666,0.2376892902754971,-0.11296226764460635,0.04155127683002244,0.1384289636031796,0.41324675324675314,0.12491567153177056,0.7328571428571429,0.6333333333333333,2.9577393656156157,10.19153965739138,20.076576576576578,3.2221852852852835,-0.3222185316522032,0.39003628724216954,2.5584433632206824,0.6215925979197587,1521.7609509068864,1500.0,5,-0.23989469151100185,0.10264478764478761,0.264054054054054,0.4012987012987012,0.1818548387096774,0.0963966361501839,0.06234018165335935,0.1550211812698302,0.3312775459834283,0.11883333333333332,0.25,0.6333333333333333,3.1897902247577514,6.969679520993539,12.733672124976474,-1.508502916074431,-0.4377880654283922,0.30471861471861467,2.7181391981270173,1.118234095021977,1439.127727044361,1500.0,5,0.28729890229405436,-0.058975536998792814,-0.14415741322718068,0.10536796536796539,0.055834451565819704,-0.20935890379479025,-0.02078890482333691,-0.01659221766665059,0.08196920726332485,0.0060823381984372454,0.4828571428571429,0.0,-0.23205085914213575,3.22186013639784,7.342904451600104,4.7306882013597145,0.115569533776189,0.08531767252355488,-0.15969583490633488,-0.49664149710221817,82.63322386252526,0.0,0
2026_01_DAL_NYG,0.015020462865141901,0.10102102584979719,0.22858526044744934,0.3603463203463203,0.10867747673782154,-0.15066113955946703,0.0824946318049766,0.1894071828554587,0.3651282051282051,0.24910020713266143,0.55,0.5066666666666666,2.7255741319444446,7.528463567323481,15.381944444444445,1.8662204861111191,0.6025875828196656,0.43265688559806204,3.157475774878587,0.25681697692630484,1412.8676002691911,1500.0,5,0.018795894428573812,0.060404040404040384,0.15705128205128202,0.3322222222222222,0.10378106401344778,0.24477401897158452,0.0406110962208523,0.16607360119555237,0.3943362193362193,0.20800925925925923,0.5,0.5666666666666667,2.882690599558125,10.086927769334686,22.19162051188927,0.8624729578402648,0.7346500624931372,0.4239729923069706,3.116206096808651,0.5692556391704947,1492.6366915425062,1500.0,5,-0.0037754315634319115,0.04061698544575681,0.07153397839616732,0.028124098124098107,0.004896412724373758,-0.39543515853105154,0.0418835355841243,0.023333581659906344,-0.02920801420801422,0.0410909478734022,0.050000000000000044,-0.06000000000000005,-0.15711646761368048,-2.558464202011205,-6.8096760674448245,1.0037475282708543,-0.13206247967347162,0.008683893291091427,0.04126967806993598,-0.31243866224418987,-79.7690912733151,0.0,0
2026_01_DEN_KC,-0.18695754195841982,0.10889588250721216,0.21995279307631782,0.2731007554536966,0.12832185411053865,-0.0644128179131562,0.07818880044686494,0.20382348833961733,0.4450396825396825,0.1900466893039049,0.36666666666666664,0.45,3.020194012605042,6.162269298382483,12.32588489941431,-8.938600235548765,-0.6418622404217942,0.42424242424242425,3.958687422813207,-0.21787381322282184,1518.7247342237931,1500.0,5,0.06146491241759178,0.04682299981303302,0.12861817031252246,0.44971139971139973,0.17475277541494905,-0.1268111828308917,0.08225424716931286,0.2418236821249966,0.40836829836829835,0.17814257866889444,0.5333333333333333,0.51,2.9206198769629084,6.251893499477739,12.439949250063723,0.3527370826805864,-1.0545079093028384,0.37305764411027564,2.592405492430644,0.015030802755811945,1570.7907288093234,1500.0,5,-0.2484224543760116,0.06207288269417914,0.09133462276379536,-0.17661064425770312,-0.0464309213044104,0.06239836491773551,-0.004065446722447921,-0.03800019378537928,0.03667138417138416,0.011904110635010456,-0.16666666666666669,-0.06,0.09957413564213358,-0.0896242010952557,-0.11406435064941256,-9.291337318229353,0.41264566888104426,0.05118478013214861,1.3662819303825628,-0.2329046159786338,-52.065994585530234,0.0,0
2026_01_GB_MIN,-0.04693218451647396,0.12293711967545637,0.2163170541426119,0.3672649572649572,0.1619935142515787,-0.1848503560975051,0.1516021671826625,0.23279024767801854,0.25476190476190474,0.1331451921098274,0.6766666666666666,0.3,2.908747509057971,7.806803477319781,16.93840579710145,-2.193263134057963,0.04419957467845448,0.33751036682615626,3.08387161875772,1.132725385757523,1546.2637579666318,1500.0,5,0.02505933847400204,0.0931978352890406,0.1719418539343669,0.4756410256410256,0.19157983193277311,0.1785617300105356,0.02522624434389138,0.14356732297908764,0.39194805194805193,0.11498533724340172,0.35,0.5833333333333333,2.9613239682539683,11.418832528180355,14.341269841269842,6.482853968253967,0.4309205570052563,0.39576095947063683,3.6080024789072334,-0.39804696776244347,1532.883533358991,1500.0,5,-0.07199152299047601,0.029739284386415765,0.04437520020824501,-0.10837606837606839,-0.029586317681194407,-0.3634120861080407,0.12637592283877114,0.0892229246989309,-0.1371861471861472,0.01815985486642567,0.32666666666666666,-0.28333333333333327,-0.052576459195997405,-3.6120290508605732,2.5971359558316074,-8.676117102311931,-0.3867209823268018,-0.05825059264448057,-0.5241308601495134,1.5307723535199664,13.380224607640912,0.0,0
2026_01_MIA_LV,-0.20980964586605544,0.11357719293203161,0.19119480345286793,0.2985347985347985,0.16436609686609685,-0.03713228086791838,0.07447296889157352,0.16422010805731735,0.49914027149321266,0.16092860766400793,0.5,0.5733333333333334,2.7746586881234707,7.009925283605284,17.12990777338603,0.27845356672313704,0.2755287321820698,0.3843645484949833,2.9916375107812363,0.3823960553536019,1401.1052755877588,1500.0,5,0.06365741417803004,0.07461471861471858,0.16565060745705903,0.2735897435897436,0.2071117216117216,0.10072074442919221,0.0731111111111111,0.11465079365079364,0.3705128205128205,0.210972850678733,0.7333333333333334,0.7333333333333333,2.871519599096556,7.087081948536221,19.386222473178993,2.452780745341611,-0.4350093526582543,0.3002564102564102,2.6902199462818714,0.06621413273914681,1482.6797722616914,1500.0,5,-0.2734670600440855,0.038962474317313034,0.0255441959958089,0.02494505494505489,-0.04274562474562474,-0.13785302529711058,0.001361857780462425,0.04956931440652371,0.1286274509803922,-0.05004424301472507,-0.2333333333333334,-0.15999999999999992,-0.09686091097308536,-0.07715666493093654,-2.256314699792963,-2.1743271786184737,0.7105380848403241,0.0841081382385731,0.30141756449936485,0.3161819226144551,-81.57449667393257,0.0,0
2026_01_NE_SEA,0.0528022658742592,0.06937047845272029,0.11974883014638646,0.4108682983682984,0.16876678876678872,-0.0901267146448002,0.04524769585253454,0.16522544501671635,0.23675213675213672,0.1190951918581652,0.37,0.4,2.9240250249097306,6.835311136175653,10.619406737053797,-0.4029158371040721,1.1804982282288403,0.3606060606060606,3.3457782288956004,0.8840857594719544,1582.1622489848257,1500.0,5,0.3194846212931755,0.05988379436655296,0.14357921771714874,0.4478632478632479,0.1689635076252723,-0.061026277575029354,0.06649629939952514,0.2034296885909789,0.4625,0.15698692810457515,0.7733333333333333,0.5666666666666667,3.0871024981330026,9.443396536796536,17.843613453711633,12.368244059509143,1.698393783698744,0.4489302967563837,2.9256120372028254,0.05901361185389142,1525.928528148552,1500.0,5,-0.26668235541891633,0.009486684086167332,-0.02383038757076228,-0.03699494949494947,-0.0001967188584835744,-0.02910043706977084,-0.021248603546990603,-0.03820424357426255,-0.2257478632478633,-0.03789173624640996,-0.4033333333333333,-0.16666666666666663,-0.16307747322327204,-2.608085400620883,-7.224206716657836,-12.771159896613215,-0.5178955554699036,-0.08832423615032309,0.420166191692775,0.825072147618063,56.23372083627373,0.0,0
2026_01_NO_DET,0.0031296700751585692,0.06374760430487979,0.19355840581846767,0.39016483516483513,0.24205387205387202,0.018477054388929222,0.0983823601872382,0.178579945799458,0.3433255633255633,0.08422180931255337,0.64,0.6142857142857142,2.6283448599662274,7.4176284200418605,10.77445051471668,0.367192789647406,-0.4038990694108443,0.3073830409356725,2.7989789260835223,0.7235184888645915,1557.461552187705,1500.0,5,0.025466033970706105,0.09306195596518174,0.12815753541559988,0.44752673796791437,0.19034032634032633,-0.1371165549793374,0.08242877583691047,0.14657172810047983,0.29246336996336997,0.158881782079538,0.5666666666666667,0.4333333333333333,2.571068681942312,7.9984657383726425,10.912603930461072,1.325034882842027,0.6309790583125507,0.37510442773600666,3.3032640062629213,0.2267348638845752,1446.1717360681873,1500.0,5,-0.022336363895547537,-0.029314351660301954,0.0654008704028678,-0.057361902803079234,0.051713545713545694,0.1555936093682666,0.015953584350327732,0.03200821769897816,0.05086219336219333,-0.07465997276698462,0.07333333333333336,0.18095238095238092,0.05727617802391549,-0.580837318330782,-0.13815341574439266,-0.9578420931946211,-1.034878127723395,-0.06772138680033418,-0.504285080179399,0.49678362498001627,111.28981611951758,0.0,0
2026_01_NYJ_TEN,0.01788412616852026,0.0429053675927013,0.14643668948935665,0.36558823529411766,0.12067669172932327,0.10836568894043316,0.06896493267461004,0.14620265426717036,0.41884559884559885,0.23760309865573018,0.75,0.6833333333333333,3.043680993431855,6.271911322751323,10.736453201970443,-6.404708210180618,1.1484827160008797,0.4479140989729225,3.321232433108335,0.40759421990183614,1391.1957533472996,1500.0,5,-0.1527226288408812,0.09471206841938547,0.1706268609439341,0.2894230769230769,0.20906649616368284,0.2666198083136891,0.027344877344877318,0.07833092833092828,0.4230065359477123,0.17350980392156862,0.3,0.7095238095238096,2.5662537662337663,5.291693561770951,13.705627705627702,-10.204686580086591,0.0507971642243862,0.3780844155844156,2.981199789472315,-0.39589119235991005,1404.1544221144613,1500.0,5,0.17060675500940145,-0.05180670082668417,-0.02419017145457744,0.07616515837104076,-0.08838980443435956,-0.15825411937325592,0.04162005532973272,0.06787172593624208,-0.00416093710211346,0.06409329473416156,0.45,-0.02619047619047621,0.47742722719808883,0.9802177609803717,-2.9691745036572588,3.799978369905973,1.0976855517764934,0.06982968338850692,0.34003264363602037,0.8034854122617462,-12.958668767161726,0.0,0
2026_01_SF_LA,0.2341984164469087,0.0292682926829268,0.1115163295845482,0.4070818070818071,0.0885082733358595,0.1396671402600475,0.06627409988385598,0.2413635307781649,0.3604728604728604,0.11486513486513483,0.530952380952381,0.6,2.878134117640788,10.026117182760013,21.59637573195662,0.8751804719171249,1.1763769847405665,0.3987623007623008,2.8257807025266635,1.1364805172431913,1555.6614537366993,1500.0,5,0.0028825214277943545,0.046440130321709246,0.1302699829015618,0.5738562091503268,0.1104350950906678,0.11804367518079177,0.043859649122807,0.11507562008469445,0.4212121212121212,0.12387626262626261,0.6433333333333333,0.5,3.2522261114184436,8.246219367588932,16.757842112811687,8.289556004944647,0.16696681590988732,0.34745435723696594,2.868146281116268,0.21223484501249815,1540.144325134692,1500.0,5,0.23131589501911434,-0.017171837638782446,-0.018753653317013605,-0.16677440206851968,-0.0219268217548083,0.021623465079255735,0.022414450761048976,0.12628791069347045,-0.06073926073926078,-0.00901112776112778,-0.11238095238095236,0.09999999999999998,-0.3740919937776557,1.779897815171081,4.838533619144933,-7.414375533027521,1.0094101688306791,0.051307943525334854,-0.042365578589604436,0.9242456722306932,15.517128602007233,0.0,0
2026_01_TB_CIN,0.016548758874425855,0.05394710456507029,0.13676056622589144,0.5404329004329005,0.07520827910453808,0.014100509698863672,0.12017285578261187,0.20741342443938823,0.33333999333999326,0.09514652014652011,0.75,0.42000000000000004,2.8068545716156605,7.28895192579149,11.55741659773918,5.653648693824101,0.09449832409202599,0.3934213934213934,2.9450691256770005,0.595812373420165,1483.2356787759034,1500.0,5,-0.01804148922330326,0.06400929152148663,0.09145876887340298,0.44830280830280833,0.20688061938061936,0.03885788800216178,0.05645893719806762,0.13060699062233586,0.3734848484848484,0.25298438403701556,0.6166666666666666,0.6333333333333333,2.8837883381324563,8.024544837662337,14.6740710270122,-1.4598067481538124,-0.7266568276521832,0.30755313765182185,3.030960376602099,0.8437248053159119,1495.4719475413217,1500.0,5,0.034590248097729114,-0.010062186956416336,0.04530179735248846,0.09213009213009216,-0.13167234027608127,-0.024757378303298105,0.06371391858454425,0.07680643381705238,-0.04014485514485516,-0.15783786389049545,0.13333333333333341,-0.21333333333333326,-0.07693376651679573,-0.7355929118708469,-3.1166544292730194,7.113455441977913,0.8211551517442092,0.08586825576957152,-0.08589125092509864,-0.24791243189574685,-12.236268765418345,0.0,0
2026_01_WAS_PHI,0.0005160500246034038,0.04478276774988878,0.08975961307958095,0.4361416361416361,0.20877474634361531,-0.17958739701041843,0.10006882208356964,0.19343904539820592,0.35277511961722485,0.15239372469635623,0.52,0.6041666666666666,2.9301987037037036,8.863239880172493,14.018518518518519,-1.3972462962962953,0.6758024387040608,0.34028243686138426,3.692377369810926,0.19485432577365155,1575.0476274789094,1500.0,5,0.045242358006372316,0.05926923076923076,0.15730270655270656,0.30242424242424243,0.1972216210899075,0.10128391289466435,0.08294247225281705,0.149815018780536,0.40793650793650793,0.1134873233239839,0.55,0.7833333333333333,2.8855351703121443,7.98421835839599,15.585864364468483,-1.2971823902641901,1.2877597271153367,0.4019226750261232,2.6584204270526306,-0.6325672161774385,1467.4142746178006,1500.0,5,-0.04472630798176891,-0.014486463019341984,-0.0675430934731256,0.13371739371739366,0.011553125253707802,-0.2808713099050828,0.01712634983075259,0.043624026617669925,-0.05516138831928308,0.038906401372372335,-0.030000000000000027,-0.1791666666666667,0.04466353339155926,0.8790215217765036,-1.5673458459499638,-0.10006390603210513,-0.611957288411276,-0.06164023816473896,1.0339569427582953,0.8274215419510901,107.63335286110873,0.0,0
2026_02_CAR_ATL,-0.002829499165448729,0.06289483463396503,0.1925195094760312,0.3583083583083583,0.1757391182917129,-0.07965343743584834,0.07949554699412893,0.12485555661959516,0.3860042735042735,0.19334515725820073,0.7083333333333334,0.4666666666666666,2.7679711219688037,6.707816328482613,15.727272727272728,-4.371938798701299,0.7005833670879483,0.42782679738562085,3.4907265808191905,0.3730978470230983,1472.0901031767798,1536.673516987476,5,-0.009390419931892813,0.03976827540218384,0.12429945721724547,0.3338888888888889,0.1867016205172254,0.029827423774576846,0.0825002021181987,0.10135783005901847,0.585400432900433,0.12551282051282048,0.7333333333333333,0.6366666666666666,3.003723625463699,7.0912395196201645,10.892052767052766,2.9114737290862323,0.4101980301591777,0.39444444444444443,2.668338036966843,-0.15239465258477175,1438.4952895843294,1503.8881512660632,5,0.006560920766444085,0.02312655923178119,0.06822005225878572,0.024419469419469375,-0.010962502225512483,-0.10948086121042519,-0.0030046551240697633,0.023497726560576693,-0.19939615939615946,0.06783233674538025,-0.02499999999999991,-0.16999999999999998,-0.2357525034948953,-0.38342319113755163,4.835219960219963,-7.283412527787531,0.2903853369287706,0.03338235294117642,0.8223885438523477,0.52549249960787,33.594813592450464,32.785365721412745,0
2026_02_CIN_HOU,-0.0035283453327513035,0.02073732718894008,0.09724666014988592,0.41358391608391615,0.2217741935483871,-0.10323409377939538,0.0733617259933049,0.09632560422034102,0.4223809523809524,0.18745550745550743,0.5599999999999999,0.6799999999999999,2.84053995215311,7.409900469959292,14.956938823821172,3.318293544205342,0.7452312954768062,0.4188914314772438,3.0495441715188583,-0.5100960994704563,1539.3965183191349,1581.5708439371865,5,0.07802412657271379,0.05408935207573886,0.14287720918463967,0.48805194805194796,0.07439856250534779,-0.014093828827552442,0.12617886178861787,0.21371973074569453,0.3242490842490843,0.11134085213032578,0.63,0.4,2.7433815557426446,6.787929049974496,10.525670565993146,5.525599487474894,0.31509503219040713,0.43508806008806006,2.9256374299600667,1.0245680816212317,1492.0110178078598,1495.4719475413217,5,-0.0815524719054651,-0.03335202488679878,-0.04563054903475375,-0.07446803196803181,0.1473756310430393,-0.08914026495184293,-0.05281713579531297,-0.11739412652535351,0.09813186813186814,0.07611465532518165,-0.07000000000000006,0.2799999999999999,0.0971583964104652,0.6219714199847965,4.431268257828027,-2.207305943269552,0.4301362632863991,-0.016196628610816277,0.12390674155879156,-1.5346641810916881,47.38550051127504,86.09889639586481,0
2026_02_CLE_TB,-0.0388876338897433,0.08623151374370884,0.11336353077816488,0.5021489621489621,0.19743392572339938,0.0550384917140606,0.036864342603473016,0.12970608972143496,0.39686147186147186,0.24375361480624633,0.6166666666666666,0.58,2.8998169095610278,7.483399335016834,14.15026150320268,4.8052075375604755,-0.7747709267257991,0.3280195681511471,3.1501604182937784,0.7334718020319826,1486.6966085093652,1483.2356787759034,5,-0.24575565805298524,0.1276447876447876,0.2673873873873874,0.34058441558441555,0.142460899315738,0.1629574553594839,0.06377696326255475,0.14553842264914052,0.3718004218004217,0.1202126436781609,0.1,0.6333333333333333,3.084454726922253,7.663100573625117,12.127611518915867,-0.3179098424813579,-0.4648072231571323,0.3142424242424242,2.738067697100086,0.27262475599784153,1432.894142912651,1521.7609509068864,5,0.20686802416324196,-0.041413273901078754,-0.1540238566092225,0.16156454656454655,0.054973026407661385,-0.10791896364542329,-0.026912620659081732,-0.015832332927705556,0.02506105006105014,0.12354097112808543,0.5166666666666666,-0.053333333333333344,-0.1846378173612253,-0.17970123860828302,2.0226499842868133,5.123117380041833,-0.30996370356866676,0.013777143908722866,0.4120927211936922,0.46084704603414106,53.80246559671423,-38.52527213098301,0
2026_02_DET_BUF,0.18219095518024547,0.06488954254373869,0.10511382786408063,0.4197435897435898,0.0912839366515837,-0.03916494022973459,0.06608813739848217,0.18408361070430035,0.4248626373626373,0.1768330995792426,0.7,0.76,2.904835115374643,8.012953546453547,10.855587243972,3.365963883847548,1.0841047980052345,0.4846768169910585,2.935034221199868,1.6198516698123349,1592.246229071857,1550.0719034538054,5,-0.0672309116868522,0.0629113673710819,0.1868685103480844,0.39208791208791205,0.23629629629629623,0.013584255989990999,0.09607355787843588,0.16715137437088656,0.3574432103843868,0.10788847597922005,0.64,0.6742857142857142,2.6688407875680378,7.046501869173374,11.498432415169168,-2.0718147518307255,-0.33781811254819105,0.344739362774753,3.018294219589874,0.15524856702146508,1563.010170320405,1446.1717360681873,5,0.24942186686709766,0.0019781751726567903,-0.08175468248400378,0.027655677655677724,-0.14501235964471254,-0.05274919621972558,-0.029985420479953714,0.016932236333413786,0.06741942697825049,0.06894462360002254,0.05999999999999994,0.08571428571428585,0.23599432780660523,0.9664516772801726,-0.6428451711971679,5.437778635678273,1.4219229105534255,0.13993745421630555,-0.08325999839000575,1.4646031027908697,29.236058751451992,103.90016738561803,0
2026_02_GB_NYJ,-0.08396125589087919,0.06471206841938545,0.14331916863624178,0.3091200466200466,0.16625603864734298,0.16939288111915193,0.033638583638583616,0.07669922669922666,0.4496732026143791,0.1376123680241327,0.4333333333333333,0.7095238095238096,2.645463766233766,5.099882467318179,13.538961038961038,-4.831436580086589,0.3086615138603867,0.4066558441558442,2.7890691000754253,-0.6721923927029078,1415.358597394619,1391.1957533472996,5,0.030571015630514974,0.10289683194455898,0.22946693754640704,0.3923076923076923,0.2071988795518207,0.10145929951621861,0.03945287792536368,0.1450561567259859,0.4062337662337662,0.1411827956989247,0.2,0.6433333333333333,2.836618253968254,11.059712962962964,12.182539682539684,1.6764920634920657,0.11555242598407245,0.38518403639371385,3.4576937603566016,0.3618587336722197,1524.8266496015929,1546.2637579666318,5,-0.11453227152139417,-0.038184763525173526,-0.08614776891016526,-0.0831876456876457,-0.04094284090447772,0.06793358160293332,-0.005814294286780063,-0.06835693002675924,0.04343943638061287,-0.003570427674791987,0.23333333333333328,0.06619047619047624,-0.19115448773448795,-5.959830495644785,1.3564213564213539,-6.507928643578654,0.19310908787631426,0.021471807762130368,-0.6686246602811763,-1.0340511263751275,-109.46805220697388,-155.0680046193322,0
2026_02_IND_KC,-0.17166157951535577,0.11126099706744867,0.21610948191593354,0.32845789831083944,0.13856815952925788,-0.05198410153318482,0.08528836754643204,0.18269794721407623,0.389484126984127,0.16562272617026436,0.3866666666666666,0.45,2.826060216308746,5.240255505279036,10.642383215912627,-8.13668104362957,1.3044537759976513,0.5148221343873517,3.968241081563731,0.829453521977203,1528.6402887670308,1570.7907288093234,5,-0.17066576588527047,0.04681824883063272,0.14865774060820497,0.4163170163170163,0.1980952380952381,0.10125498359380347,0.03405638999063214,0.09795158941109218,0.4098717948717949,0.14004877813194241,0.8333333333333333,0.5233333333333333,2.5766298452857845,7.5503786898446394,19.068662590484223,-0.6184590042468674,-0.9219714904982712,0.260781954887218,2.596652292737489,0.5618008564488721,1465.4852248539976,1535.9616530044063,5,-0.0009958136300853015,0.06444274823681595,0.06745174130772857,-0.08785911800617685,-0.05952707856598022,-0.1532390851269883,0.051231977555799904,0.08474635780298405,-0.020387667887667937,0.025573948038321942,-0.44666666666666666,-0.0733333333333333,0.2494303710229615,-2.3101231845656036,-8.426279374571596,-7.518222039382703,2.2264252664959225,0.2540401795001337,1.3715887888262417,0.2676526655283309,63.155063913033246,34.82907580491701,0
2026_02_JAX_DEN,0.018811600659451533,0.05711193568336424,0.1310142238713667,0.36637806637806636,0.1567804251845343,-0.1657819038908413,0.07275383766890337,0.234288874590189,0.45420163170163164,0.1786187691450849,0.5,0.53,2.9277345386170435,6.184597203181444,10.898595866605076,-4.525150135364527,-1.1052281011452247,0.3307435254803675,2.96089246366878,-0.08217053788080128,1560.8751742660857,1518.7247342237931,5,0.13274838584334808,0.052002583979328124,0.14489664082687334,0.5177777777777777,0.22389618682722126,-0.06724752780582113,0.06988461016335576,0.16676229693651293,0.3291558441558441,0.13618839880449785,0.7828571428571428,0.5333333333333333,3.0037634235866304,10.191996800248523,16.685272228750488,6.872895430212822,-0.47997943196099985,0.41670295390883627,2.6320485464803585,-0.406849529747355,1527.9945350385965,1439.127727044361,5,-0.11393678518389655,0.005109351704036119,-0.013882416955506655,-0.1513997113997113,-0.06711576164268696,-0.09853437608502016,0.0028692275055476057,0.06752657765367606,0.12504578754578755,0.042430370340587054,-0.2828571428571428,-0.0033333333333332993,-0.07602888496958693,-4.007399597067079,-5.786676362145412,-11.398045565577348,-0.625248669184225,-0.08595942842846876,0.32884391718842165,0.3246789918665537,32.880639227489155,79.59700717943201,0
2026_02_LV_LAC,-0.09752588007774685,0.08119480519480518,0.17509956709956706,0.39870129870129867,0.1962121212121212,-0.0444603435940414,0.0599261849261849,0.1308141858141858,0.38812298812298807,0.19070556887454887,0.4133333333333333,0.21333333333333332,2.8568492999096655,9.061948547271125,14.213108092418434,2.590667987344715,0.013307047420635543,0.4303526334776335,2.485736522171215,0.4010299702640664,1521.0533303930943,1410.356023517626,5,-0.2784706130152655,0.09195557131040999,0.1662601914214817,0.3152014652014652,0.20064060667001843,-0.06572432170843337,0.08754650754650753,0.18496177996177993,0.422473604826546,0.17311498759232335,0.5625,0.54,2.7290710690758515,6.808204977091873,15.320383963862222,-0.6900797666101971,0.5808285071264603,0.41479933110367895,3.0443170146631173,0.22513063359837787,1411.8686629734862,1482.6797722616914,5,0.18094473293751864,-0.010760766115604808,0.008839375678085348,0.08349983349983348,-0.00442848545789723,0.02126397811439197,-0.02762032262032263,-0.054147594147594125,-0.034350616703557935,0.017590581282225515,-0.14916666666666673,-0.3266666666666667,0.127778230833814,2.2537435701792523,-1.1072758714437878,3.280747753954912,-0.5675214597058247,0.015553302373954525,-0.5585804924919024,0.17589933666568852,109.1846674196081,-72.32374874406537,0
2026_02_MIA_SF,0.07926755269810644,0.04037952426110318,0.09895685158843051,0.5611111111111111,0.10501842842400114,0.08244349672673343,0.023859649122806997,0.1302480338777979,0.4111111111111111,0.12119769119769117,0.6266666666666667,0.4666666666666666,3.092325300059417,7.319398395721924,16.838978015448607,7.709101643889883,0.734807638923646,0.39120435723696595,3.0295950567302654,0.26865577443963035,1552.146552781781,1555.6614537366993,5,-0.010113342427421238,0.09255083655083651,0.18702652883298043,0.27358974358974353,0.21565873015873013,0.08476791486427912,0.0431111111111111,0.09255401945724524,0.4371794871794871,0.1933257918552036,0.6333333333333334,0.8833333333333332,3.0015492287261853,8.586193059647332,21.925905012861527,5.089754290315151,-0.36248725756815153,0.3244988344988345,2.8274857629703156,0.2619102147889449,1471.916384875964,1401.1052755877588,5,0.08938089512552767,-0.05217131228973333,-0.08806967724454992,0.2875213675213676,-0.110640301734729,-0.002324418137545692,-0.019251461988304103,0.03769401442055266,-0.02606837606837603,-0.07212810065751243,-0.00666666666666671,-0.4166666666666666,0.09077607133323173,-1.266794663925408,-5.08692699741292,2.6193473535747325,1.0972948964917975,0.06670552273813146,0.2021092937599498,0.006745559650685462,80.2301679058171,154.5561781489405,0
2026_02_MIN_CHI,0.19277226225307845,0.03483187134502922,0.11046665086138767,0.42887112887112877,0.11749018525334312,0.06255732987446685,0.0646115664254409,0.15686510600081097,0.4783394383394383,0.1258003706533118,0.7166666666666666,0.45,3.105113356861974,9.166358581393066,11.103413152094694,-0.19595601626230988,0.9748714417665643,0.5518612838592555,3.5224074008837354,0.36293237042512044,1513.8765087032803,1448.4836470215464,5,-0.12983576157280813,0.11470575148858209,0.20719580831391332,0.3615506715506715,0.18091824543437443,-0.12320386297967563,0.1564934715304886,0.27925763898236633,0.24476190476190474,0.16337293538104894,0.6366666666666667,0.35,2.9578424747330283,8.108983111187058,14.135202135774218,-3.624573202707851,-0.016145084881494076,0.3395844409002303,3.1844282533117285,1.0393681002831472,1554.3206417240299,1532.883533358991,5,0.3226080238258866,-0.07987388014355287,-0.09672915745252565,0.06732045732045727,-0.06342806018103131,0.1857611928541425,-0.09188190510504769,-0.12239253298155536,0.23357753357753358,-0.03757256472773715,0.07999999999999985,0.10000000000000003,0.14727088212894568,1.0573754702060079,-3.031788983679524,3.4286171864455413,0.9910165266480584,0.21227684295902516,0.33797914757200687,-0.6764357298580268,-40.44413302074963,-84.39988633744451,0
2026_02_NO_BAL,0.15183055983642046,0.10423321888839128,0.20265213713489572,0.4733349983349983,0.09812001723766427,0.03505491902984396,0.06128568490333194,0.16760726038667212,0.37916666666666665,0.17879310344827587,0.5208333333333333,0.5333333333333333,3.059210185185185,8.442325163398694,12.0,2.925225925925927,2.1630216901414867,0.46945195663731126,2.781665304541605,0.7669972320482892,1545.7993721613489,1475.32294401094,5,0.020758473938047244,0.0839349718381976,0.12339563065369512,0.450735294117647,0.18234032634032632,-0.12978188148795794,0.08730682461739826,0.17416754691581082,0.3232326007326007,0.1420985652963212,0.5933333333333334,0.49333333333333335,2.568213227396856,8.360411892218798,12.76974678760393,2.8977991685563156,0.9454440021153787,0.4047619047619047,3.203303304679854,0.026583044423449897,1440.6231179354872,1557.461552187705,5,0.13107208589837321,0.020298247050193674,0.0792565064812006,0.022599704217351302,-0.08422030910266205,0.1648368005178019,-0.026021139714066326,-0.006560286529138704,0.05593406593406597,0.03669453815195467,-0.07250000000000012,0.03999999999999998,0.4909969577883291,0.08191327117989644,-0.7697467876039301,0.0274267573696112,1.217577688026108,0.06469005187540655,-0.4216380001382487,0.7404141876248392,105.17625422586161,-82.13860817676482,0
2026_02_NYG_LA,0.10885420232748513,0.0292682926829268,0.15378551757120004,0.36581196581196584,0.11707970190728807,0.16041623048272916,0.05427409988385599,0.208474641889276,0.41047286047286047,0.0996270396270396,0.44761904761904764,0.6333333333333333,2.932832440221433,10.24168707523313,22.370569280343716,0.49824111707841173,0.5128585403249328,0.35523849123849127,2.731221576088816,1.388245848511438,1543.6592260896102,1540.144325134692,5,0.05073489170194354,0.1002390121645577,0.21372700042789897,0.46761904761904755,0.09821996039795226,-0.15793532809407557,0.06582796513830994,0.17829607174434756,0.41827505827505823,0.24539650342895772,0.55,0.6666666666666666,2.7437522928639844,7.844041871921183,10.317289272030653,2.3400135895593954,0.9111013016191685,0.4932629462041226,3.2315181971391267,0.23924934921192528,1423.5793066985882,1492.6366915425062,5,0.05811931062554159,-0.0709707194816309,-0.059941482856698924,-0.1018070818070817,0.01885974150933581,0.31835155857680475,-0.011553865254453947,0.030178570144928446,-0.007802197802197763,-0.14576946380191813,-0.1023809523809524,-0.033333333333333326,0.1890801473574486,2.3976452033119475,12.053280008313063,-1.8417724724809836,-0.39824276129423564,-0.13802445496563132,-0.5002966210503108,1.1489964992995128,120.07991939102203,47.50763359218581,0
2026_02_PHI_TEN,-0.012522533046007877,0.05139343125317876,0.1375949565096926,0.36166666666666664,0.08067669172932328,0.15105551445990673,0.06063159934127671,0.10389496195947805,0.36949494949494943,0.1987142097668413,0.75,0.6666666666666666,3.085925636288999,6.395822751322751,9.129310344827585,-4.771520710180621,0.8467339345614744,0.4398926237161531,3.3219160612682446,0.5578501463882994,1379.991578067142,1404.1544221144613,5,0.02394501748151977,0.058313423141009305,0.09215566663842521,0.4603174603174603,0.16855735503926747,-0.12404360833293844,0.07105068574836014,0.1597930166302259,0.34575757575757576,0.14153846153846153,0.6533333333333333,0.7708333333333333,2.9894557037037037,8.823852320363882,12.618518518518519,-0.0972562962962967,0.7194403898284631,0.3802824368613842,3.6817052416716414,0.4256389527250633,1580.681027744956,1467.4142746178006,5,-0.03646755052752765,-0.0069199918878305455,0.0454392898712674,-0.09865079365079366,-0.0878806633099442,0.27509912279284515,-0.01041908640708343,-0.05589805467074786,0.023737373737373668,0.05717574822837976,0.09666666666666668,-0.10416666666666663,0.09646993258529513,-2.428029569041131,-3.4892081736909333,-4.674264413884324,0.12729354473301124,0.05961018685476893,-0.3597891804033968,0.13221119366323614,-200.68944967781408,-63.25985250333929,0
2026_02_PIT_NE,0.27082906738267154,0.057502841985600586,0.13961096374889476,0.4180555555555555,0.1770877609108159,-0.056138802761532505,0.06840788840788836,0.2027128427128427,0.4261363636363636,0.1633361344537815,0.8333333333333333,0.36666666666666664,3.1360483436853004,9.072645999162129,15.18476692389736,10.626873580525762,1.2325730759212667,0.42658730158730157,3.2397332285824945,-0.1833461729377713,1519.0250113275695,1582.1622489848257,5,0.003779867467066822,0.056191214470284225,0.09824031007751936,0.36689560439560437,0.19467592592592592,-0.07348782463280365,0.10700983227299013,0.17480239059186423,0.29759906759906757,0.24816245582374613,0.4,0.4666666666666666,2.5101646924791945,6.733269515927411,13.470906018389153,-0.24002740830927846,1.9906169523521846,0.38619047619047614,3.019430089865751,1.938576611800963,1543.5384477213997,1478.9550339107036,5,0.2670491999156047,0.0013116275153163617,0.04137065367137539,0.051159951159951145,-0.017588165015110013,0.017349021871271145,-0.03860194386510177,0.02791045212097848,0.12853729603729602,-0.08482632136996462,0.43333333333333324,-0.09999999999999998,0.6258836512061059,2.3393764832347177,1.7138609055082075,10.866900988835042,-0.7580438764309179,0.04039682539682543,0.22030313871674334,-2.1219227847387345,-24.51343639383026,103.20721507412213,0
2026_02_SEA_ARI,-0.005523740048225728,0.07585252146227753,0.16254420376371592,0.4022144522144521,0.13180257797368594,0.10327298299811453,0.04866222072358968,0.0970069811297191,0.5295238095238096,0.16615975422427032,0.48,0.7,2.911371726242371,7.6850971381025825,17.972101133391455,4.5418918918918925,0.46704110131278437,0.35289710289710285,2.9529237748243027,1.0970665323792084,1425.1286559072862,1535.8259627827545,5,0.03463823968288395,0.07242058738518217,0.14654621576730148,0.3549242424242424,0.15887667887667883,-0.11553994505980063,0.05308179723502302,0.14387367850365948,0.28386752136752136,0.1384500305678426,0.27,0.5,2.872193509758216,6.20238386344838,12.013346130993188,1.1273629507747196,1.4496290972123806,0.4022727272727272,3.3418878010446607,1.7033510155586833,1589.0657658058083,1525.928528148552,5,-0.04016197973110968,0.0034319340770953555,0.015997987996414442,0.0472902097902097,-0.027074100902992893,0.21881292805791516,-0.004419576511433342,-0.04686669737394038,0.24565628815628826,0.02770972365642771,0.20999999999999996,0.19999999999999996,0.039178216484155204,1.4827132746542029,5.9587550023982665,3.414528941117173,-0.9825879958995962,-0.04937562437562437,-0.388964026220358,-0.6062844831794749,-163.93710989852207,9.897434634202455,0
2026_02_WAS_DAL,0.034031419953927666,0.0422222222222222,0.13371794871794868,0.3976767676767677,0.12878106401344777,0.2142161829214435,0.047018022627778724,0.150662345784297,0.4993362193362193,0.1897739651416122,0.6,0.6066666666666667,2.887448108944858,9.533123719918075,17.889367695869243,0.051232344573680644,0.9470828913916354,0.5171102472089314,3.170915522753091,0.7093065283785276,1481.9249851131092,1412.8676002691911,5,0.07287828446865538,0.051897435897435874,0.1488091168091168,0.309090909090909,0.21108031674208144,0.04293937326825934,0.0735380835380835,0.1387387387387387,0.37365079365079357,0.13493659868630276,0.75,0.7166666666666666,3.072721199723909,9.1806730997753,18.012334952703778,1.220067609735811,1.3306450972469157,0.4044226750261233,2.5695481842214885,-0.6955602030600124,1461.780874351754,1575.0476274789094,5,-0.038846864514727714,-0.009675213675213672,-0.015091168091168117,0.08858585858585866,-0.08229925272863367,0.17127680965318418,-0.026520060910304774,0.011923607045558282,0.12568542568542573,0.054837366455309455,-0.15000000000000002,-0.10999999999999988,-0.18527309077905096,0.3524506201427755,-0.12296725683453502,-1.1688352651621303,-0.38356220585528034,0.11268757218280812,0.6013673385316025,1.4048667314385401,20.14411076135525,-162.18002720971822,0
2026_03_ARI_SF,0.13136939339995318,0.029568713450292383,0.0879298245614035,0.583968253968254,0.07891316526610642,-0.034287508290577404,0.052431077694235564,0.13812980727681268,0.4377777777777778,0.15257700154251877,0.6933333333333334,0.3333333333333333,3.043007724301842,7.232946014769544,13.50564468211527,8.145634977223219,0.7595392134248887,0.43665890269151136,2.963212424105397,0.1402981890987256,1558.4396447542379,1513.7889193063315,5,-0.05642940829688271,0.07966483817782007,0.19406913044993296,0.36888111888111885,0.12900145752550665,0.07804773993762304,0.049618015227771275,0.10632597754548971,0.5051648351648352,0.15454685099846385,0.48,0.7533333333333333,2.8596760119566573,7.158696328385984,18.829243990534316,2.7637490347490337,1.0501436309884298,0.413961038961039,3.049868480870643,0.9594430546289203,1418.1652535825444,1562.4458642942814,5,0.18779880169683588,-0.05009612472752768,-0.10613930588852946,0.21508713508713517,-0.05008829225940023,-0.11233524822820044,0.002813062466464289,0.031803829731322966,-0.06738705738705741,-0.001969849455945083,0.21333333333333337,-0.42,0.18333171234518453,0.07424968638355978,-5.3235993084190465,5.381885942474185,-0.29060441756354105,0.02269786373047239,-0.0866560567652459,-0.8191448655301947,140.27439117169342,-48.65694498794983,0
2026_03_ATL_GB,0.0222025512343806,0.10860335368368942,0.18734737232901572,0.32222222222222224,0.18053221288515403,0.0036571432657986234,0.056119544592030335,0.16172282339265256,0.41771701982228293,0.17377538829151729,0.2833333333333333,0.5766666666666667,2.612203886152162,10.09991091954023,13.245758073344282,-2.248691844553912,-0.38267173824794504,0.37468982630272957,2.9394274184506273,0.9759465136173383,1533.271651459681,1480.8111776806254,5,-0.10442091452752093,0.07393162393162389,0.20076923076923076,0.3289377289377289,0.15341768972028436,-0.05716124675230837,0.06536171334810015,0.1263564947058991,0.38282967032967025,0.17689494080798424,0.611111111111111,0.36666666666666664,2.667167342899036,5.998316981792717,16.40909090909091,-8.387427435064936,0.5758807321308669,0.4034259259259259,3.090030375582254,-0.1494365449088072,1459.594007712882,1487.5844032859027,5,0.12662346576190153,0.03467172975206553,-0.01342185844021504,-0.006715506715506636,0.027114523164869675,0.06081839001810699,-0.009242168756069813,0.03536632868675346,0.034887349492612685,-0.00311955251646695,-0.3277777777777777,0.21000000000000002,-0.05496345674687397,4.101593937747513,-3.163332835746628,6.138735590511024,-0.958552470378812,-0.028736099623196343,-0.15060295713162652,1.1253830585261455,73.67764374679882,-6.7732256052772755,0
2026_03_BAL_DAL,0.044922220125546176,0.0433333333333333,0.12205128205128202,0.4916161616161617,0.17213081770802904,0.20759627791466867,0.047018022627778724,0.17154146666341785,0.5691774891774891,0.14926470588235294,0.65,0.5466666666666666,2.85958074901277,9.434702060931901,18.632152076174844,4.8813575567977905,0.31746780675336206,0.5140799441786283,2.9110576094002143,0.4965584990917969,1489.7952685799914,1437.3242373104727,5,0.13390518064721302,0.07600499066016302,0.17412360860636716,0.4955572205572206,0.10634512546277249,0.0025727770537332106,0.0630339366515837,0.1426655354449472,0.4458333333333333,0.2094444444444444,0.6458333333333333,0.6666666666666666,3.067090972222222,8.884588700135229,13.032258064516128,4.274725896057349,1.124913145705148,0.43536104754640215,2.8681889040044837,1.0996486316101144,1531.490185243903,1457.9730309732136,5,-0.08898296052166685,-0.032671657326829716,-0.05207232655508515,-0.00394105894105895,0.06578569224525656,0.20502350086093546,-0.016015914023804978,0.028875931218470652,0.12334415584415581,-0.06017973856209147,0.004166666666666763,-0.12,-0.20751022320945234,0.5501133607966722,5.599894011658716,0.6066316607404412,-0.8074453389517859,0.0787188966322262,0.04286870539573062,-0.6030901325183176,-41.6949166639115,-20.6487936627409,0
2026_03_CAR_CLE,-0.16052809185459915,0.11526383526383521,0.21881595881595875,0.36036463536463537,0.1525799469347856,0.09527134742588503,0.060026963262554744,0.1330384226491405,0.38237734487734487,0.11471264367816089,0.16666666666666666,0.5333333333333333,2.964316631684158,6.750691971474579,12.508563899868246,1.6072044432329293,-0.44295735807130987,0.3521212121212121,3.0462199308954,0.7013851817357752,1445.9272221449048,1504.2287797081258,5,0.03757496824641622,0.04357307275536828,0.1357138492767988,0.31960317460317456,0.19899040699956028,-0.04840139081794531,0.07288481750281409,0.1019988557000441,0.5378479853479854,0.09842948717948714,0.6333333333333333,0.6291666666666667,2.939331958797032,7.506977019620163,13.947608322608323,4.262779284641785,0.9669991757291627,0.5,2.7724269769101735,-0.07423341218911451,1450.9913850482271,1487.9891272214215,5,-0.19810306010101536,0.07169076250846693,0.08310210953915995,0.04076146076146081,-0.04641046006477467,0.14367273824383034,-0.012857854240259342,0.031039566949096403,-0.15547064047064052,0.016283156498673748,-0.4666666666666667,-0.09583333333333333,0.024984672887125914,-0.7562850481455845,-1.4390444227400767,-2.6555748414088556,-1.4099565338004725,-0.1478787878787879,0.27379295398522663,0.7756185939248897,-5.064162903322313,16.239652486704244,0
2026_03_CIN_PIT,-0.07299174834445138,0.05358251881811029,0.108675092686215,0.33869047619047615,0.15962157809983896,-0.11627284120294241,0.10637491163806949,0.1906754064648801,0.31426573426573423,0.25681630197759225,0.2,0.13333333333333333,2.5613470286615305,7.023102849260745,17.060649608132742,-1.530010314292185,1.8262987525461178,0.41528138528138525,2.732342653865346,0.2951331359442636,1534.4136764052373,1498.9900226191367,5,0.03448379961072433,0.06823076621715303,0.14742266373009422,0.5147186147186148,0.0878781863297992,-0.08143891489429436,0.09484917144253409,0.18111499486227012,0.31640594699418223,0.15895989974937338,0.8300000000000001,0.4,2.648870554915515,6.392769551766611,10.409872385678836,4.456254574323526,0.3193902913429313,0.431013986013986,2.839090201715171,0.8664620851648321,1504.8754676133608,1517.4342329302283,5,-0.10747554795517571,-0.01464824739904274,-0.038747571043879214,-0.17602813852813864,0.07174339177003976,-0.03483392630864805,0.0115257401955354,0.00956041160260998,-0.002140212728447999,0.09785640222821887,-0.6300000000000001,-0.2666666666666667,-0.08752352625398441,0.6303332974941336,6.650777222453906,-5.986264888615711,1.5069084612031864,-0.015732600732600743,-0.10674754784982499,-0.5713289492205685,29.538208791876514,-18.444210311091638,0
2026_03_HOU_IND,-0.12971002629099465,0.03967539168777558,0.14432873627920068,0.42272727272727273,0.20809523809523806,0.11173891997035809,0.03649412184012869,0.08661083689386909,0.45346153846153847,0.11311938568530859,0.7666666666666666,0.6433333333333333,2.6647665238998828,7.64820433087028,20.52624920936116,1.3181861570434599,-0.7439072572308565,0.28778195488721797,2.614904829023399,0.31654396592578526,1458.7606916636278,1532.3009708857185,5,-0.052473177830558125,0.027400468384074915,0.10729425401556547,0.3557407788290141,0.2368279569892473,-0.1509171985583406,0.0920485946801736,0.1326892405839774,0.4057142857142857,0.17663299663299661,0.49333333333333335,0.6799999999999999,2.8133519467622743,8.397454316113137,14.781390234479478,0.13056062884484182,0.1719928819139092,0.42361428934655476,2.6648941714865195,-0.16655783335933955,1526.532068513634,1536.7909308725232,5,-0.07723684846043652,0.012274923303700662,0.037034482263635204,0.06698649389825861,-0.028732718894009246,0.2626561185286987,-0.0555544728400449,-0.04607840369010832,0.04774725274725278,-0.06351361094768802,0.27333333333333326,-0.036666666666666625,-0.14858542286239151,-0.7492499852428569,5.744858974881684,1.187625528198618,-0.9159001391447656,-0.1358323344593368,-0.04998934246312059,0.4831017992851248,-67.77137685000616,-4.489959986804706,0
2026_03_KC_MIA,-0.09930869659132464,0.09826512226512224,0.1870265288329804,0.316923076923077,0.2195380405035577,0.1257439465123856,0.0231111111111111,0.08855401945724525,0.5184981684981685,0.1655757918552036,0.4333333333333333,0.8833333333333332,2.9261663094715273,8.5465475746975,21.522178304786998,1.2898940418679505,-0.17355683358117088,0.3481830450251503,3.206437690890182,0.06748500036213292,1465.6232929035073,1476.62591418477,5,-0.11645770949993581,0.09410413432235062,0.18679575642573748,0.3196666895196307,0.11163876708262406,-0.050882720406242955,0.061045943304007796,0.14633431085043985,0.40138888888888885,0.16562272617026436,0.44000000000000006,0.4833333333333333,2.7846921312023625,5.019742088463293,7.9220184742712885,-6.278983475240514,2.267806277553485,0.5688405797101449,3.985624931489917,1.047130828072526,1535.3648219574006,1518.1379768316606,5,0.017149012908611164,0.004160987942771616,0.00023077240724292403,-0.0027436125965537017,0.10789927342093365,0.17662666691862855,-0.0379348321928967,-0.0577802913931946,0.11710927960927969,-4.693431506075374e-05,-0.006666666666666765,0.3999999999999999,0.14147417826916486,3.526805486234208,13.60015983051571,7.568877517108464,-2.4413631111346557,-0.2206575346849946,-0.7791872405997347,-0.9796458277103931,-69.74152905389337,-41.51206264689063,0
2026_03_LAC_BUF,0.2270011816416723,0.06329464621200025,0.1229766667795511,0.46030303030303027,0.09164044289044287,-0.06937114255669392,0.06358030040788658,0.1950553975381561,0.39758991008991,0.23483309957924262,0.7333333333333333,0.76,2.8473070047755655,7.975805194805195,10.717338396045731,2.091450058962754,1.2879325836210305,0.4664949988092403,3.198082030248118,1.0195680942465875,1599.8681355191368,1556.5410368871053,5,-0.1570543970966105,0.07630721966205836,0.16610640971931293,0.39870129870129867,0.1837121212121212,-0.03843672879707634,0.0474261849261849,0.14206418581418578,0.3639471639471639,0.1892403674093474,0.5133333333333333,0.27999999999999997,2.864745596205962,9.564102393424974,12.935968884244748,0.6133448711250452,0.0019625570181765386,0.464059265010352,2.4994893350753467,-0.7309533548615871,1506.65066437751,1411.112343245556,5,0.3840555787382828,-0.013012573450058115,-0.04312974293976182,0.0616017316017316,-0.09207167832167831,-0.030934413759617585,0.016154115481701675,0.05299121172397031,0.033642746142746094,0.045592732169895206,0.21999999999999997,0.48000000000000004,-0.0174385914303965,-1.5882971986197791,-2.2186304881990164,1.4781051878377087,1.285970026602854,0.0024357337988882843,0.6985926951727714,1.7505214491081746,93.21747114162667,145.42869364154922,0
2026_03_LA_DEN,0.026254143952732213,0.05711193568336424,0.13370239591437746,0.3736507936507937,0.17011375851786764,-0.14635654510819274,0.07261358521448541,0.21858059969537838,0.4452272727272727,0.14361876914508492,0.4,0.58,2.81151689155822,6.089763151457305,8.128197384631644,-5.841861710317091,-0.854577416029218,0.3412698412698412,3.4387114291065033,-0.3104018001449286,1568.39836354582,1523.3596346311947,5,0.11124232539138726,0.025762195121951204,0.1272611273272976,0.4463675213675214,0.11018315018315014,0.10696263035859721,0.06127690100430416,0.2174382273234497,0.3819014319014319,0.10819846819846815,0.5333333333333333,0.4833333333333333,2.899098405133713,9.871444969969971,19.161740757423512,0.6911086892346108,0.8723084185958496,0.37126413226413224,2.77755046713791,1.499580750049288,1549.0072776283569,1481.8618159166401,5,-0.08498818143865505,0.03134974056141304,0.006441268587079857,-0.07271672771672771,0.0599306083347175,-0.25331917546678995,0.011336684210181247,0.001142372371928685,0.0633258408258408,0.03542030094661677,-0.1333333333333333,0.09666666666666668,-0.08758151357549337,-3.7816818185126664,-11.033543372791868,-6.532970399551702,-1.7268858346250675,-0.029994290994291017,0.6611609619685934,-1.8099825501942166,19.391085917463215,41.49781871455457,0
2026_03_LV_NO,-0.014055202785345274,0.07431958722281298,0.11890845116651563,0.44831105169340457,0.19345143745143745,-0.07373469141891482,0.09707142793038866,0.18183973523316044,0.31212148962148956,0.14356484095614527,0.5933333333333333,0.39333333333333337,2.6289147454234216,7.8706618922187985,13.76239384642746,4.505313874438665,0.9454440021153787,0.4047619047619047,3.050895388180994,0.024905855906722472,1454.9323048529332,1551.6304621745269,5,-0.2427518367567807,0.07778890464374331,0.1625101914214817,0.32673992673992674,0.23140983743924917,-0.1282369924584019,0.09781043716527586,0.2274837740966773,0.34005602240896354,0.17231711525189783,0.5833333333333333,0.62,2.757289000110334,7.812022908126354,16.36865982593119,0.967078854079458,0.3342578073103266,0.3889823220258003,2.773232360283574,-0.12576134146170795,1426.2713289890703,1501.8665513273927,5,0.22869663397143541,-0.003469317420930332,-0.043601740254966076,0.12157112495347783,-0.037958399987811725,0.05450230103948707,-0.0007390092348872057,-0.04564403886351687,-0.027934532787473987,-0.028752274295752556,0.010000000000000009,-0.22666666666666663,-0.12837425468691244,0.05863898409244417,-2.6062659795037284,3.5382350203592066,0.6111861948050521,0.015779582736104414,0.27766302789742037,0.15066719736843043,28.66097586386286,49.763910847134184,0
2026_03_MIN_TB,-0.0743450811476076,0.07684126984126982,0.10909523809523806,0.5007600732600732,0.17488847117794484,0.02449829717267078,0.04394508794508792,0.13517192823075172,0.38287545787545785,0.26280123385386533,0.4666666666666666,0.44666666666666666,2.9249874977963217,7.720912592592592,12.385555620849738,4.891384008148715,-0.940578998617509,0.28022545050408826,3.3543737181931705,0.7284243442757774,1473.6635292771114,1458.0649108442772,5,-0.1510750866472085,0.13970575148858208,0.232836833954939,0.3632600732600732,0.164516129032258,-0.20352313886321668,0.16600566665243982,0.28303812678724444,0.27809523809523806,0.1882895093521279,0.4766666666666667,0.25,2.8343570580663617,7.561866883116884,13.718535469107552,-5.126906536041188,0.1687133428890098,0.37199550809390625,3.077808746519343,1.2179018084864723,1564.7393483099133,1523.3800210311356,5,0.0767300054996009,-0.06286448164731226,-0.12374159585970095,0.1375,0.01037234214568683,0.22802143603588745,-0.1220605787073519,-0.14786619855649272,0.10478021978021979,0.07451172450173743,-0.010000000000000064,0.19666666666666666,0.09063043972995999,0.15904570947570829,-1.3329798482578141,10.018290544189902,-1.1092923415065188,-0.09177005758981799,0.27656497167382765,-0.48947746421069493,-91.07581903280197,-65.31511018685842,0
2026_03_NE_JAX,0.08761385630455563,0.06490580978577973,0.1789468200383429,0.5011111111111111,0.2072295201605546,0.03634681324790244,0.05525046382189236,0.15197079418277573,0.3024891774891775,0.15118839880449783,0.74,0.5333333333333333,2.9819782942762854,10.080250494829803,16.94389291840566,6.0206195681438555,-0.33351608321607107,0.36915050635638863,2.6360867297057053,-0.5557081781926532,1520.471345758862,1500.0014506552234,5,0.19426414061664082,0.05903540903540903,0.14957264957264954,0.3847222222222222,0.19124160706466206,-0.12299904340701225,0.07367798063450233,0.20890520107911406,0.33639277389277383,0.1602670807453416,0.6333333333333333,0.2,3.086849134199134,8.929230414746545,12.655122655122657,11.144743145743153,0.037431893668879446,0.4131944444444444,3.169017699867441,0.1256937357809941,1528.149782643732,1562.8503483531126,5,-0.10665028431208519,0.005870400750370701,0.02937417046569335,0.11638888888888888,0.015987913095892536,0.15934585665491469,-0.01842751681260997,-0.05693440689633833,-0.03390359640359636,-0.009078681940843769,0.10666666666666669,0.3333333333333333,-0.10487083992284862,1.1510200800832582,4.288770263283002,-5.124123577599297,-0.3709479768849505,-0.04404393808805579,-0.5329309701617357,-0.6814019139736472,-7.678436884869825,-62.84889769788924,0
2026_03_NYJ_DET,-0.036276769835733476,0.07633128079099531,0.19422781770739175,0.39338661338661335,0.30629629629629623,0.03832729067299553,0.09684377610693397,0.1702322472848788,0.47663512957630605,0.11311313637629423,0.6900000000000001,0.76,2.672769157272787,6.939765027068111,14.848881709135792,-1.812769822434063,-0.1430785098958171,0.42390602944141964,3.1510735153425724,0.4240075171337633,1555.3882638731252,1519.2089825700223,5,-0.0856116143808563,0.06674458874458872,0.14250616050616047,0.28666390626916943,0.20051529790660222,0.09646452840157657,0.05238858363858362,0.08433811558811556,0.37189542483660126,0.12927903469079935,0.4666666666666666,0.7,2.7398240692640696,5.313688022873733,11.617305458768872,-3.261764739731818,0.2628588201236452,0.38165584415584414,2.7152926995863806,-0.6361605633308014,1406.913595536531,1458.0112014744464,5,0.04933484454512282,0.009586692046406595,0.051721657201231286,0.10672270711744392,0.10578099838969401,-0.058137237728581044,0.04445519246835035,0.08589413169676323,0.10473970473970479,-0.016165898314505114,0.22333333333333344,0.06000000000000005,-0.06705491199128266,1.6260770041943777,3.2315762503669205,1.448994917297755,-0.4059373300194623,0.0422501852855755,0.43578081575619176,1.0601680804645648,148.47466833659428,61.19778109557592,0
2026_03_PHI_CHI,0.11813276969340718,0.03559406646698044,0.12174713866626571,0.41861471861471866,0.11869986267269797,0.13937145068007523,0.0658020426159171,0.11876986790557284,0.4673504273504273,0.13115751351045463,0.5666666666666667,0.45,3.2327891810377976,7.8122394187521635,11.323193371874913,-0.1311757964820913,0.6714346925783903,0.5046685340802988,3.5330430955656693,0.4447928190976568,1503.4578021173968,1501.4021443727881,5,-0.012943516001087157,0.0635082283358145,0.1116361861189447,0.42869352869352867,0.17400948269884192,-0.09130476772353341,0.061050685748360145,0.1247930166302259,0.38806526806526803,0.1606366047745358,0.6833333333333333,0.7166666666666666,3.135963451451451,9.261699939411502,12.906806806806808,0.1607328928928923,0.5117904701224729,0.3700260266049739,2.9249920317164433,0.31051848230807677,1586.7173866469625,1423.7029263424713,5,0.13107628569449434,-0.02791416186883406,0.010110952547321014,-0.010078810078810008,-0.05530962002614395,0.23067621840360863,0.004751356867556955,-0.006023148724653066,0.07928515928515928,-0.029479091264081186,-0.1166666666666667,-0.26666666666666655,0.09682572958634639,-1.449460520659338,-1.5836134349318947,-0.2919086893749836,0.15964422245591736,0.13464250747532486,0.608051063849226,0.13427433678958,-83.2595845295657,77.69921803031684,0
2026_03_SEA_WAS,0.04904809461519322,0.036512820512820496,0.13891900691900688,0.36337662337662335,0.18865384615384614,0.07805576081917356,0.08010374010374006,0.1357084357084357,0.4675901875901875,0.16449324893260814,0.65,0.7166666666666666,3.0443467978100336,8.473168364926815,15.97884212973727,1.1066864295125254,0.8480040572446864,0.33775600835945657,2.5023558333583664,0.2690254393078327,1453.9105908848717,1528.4863062960094,5,0.023994806719207624,0.07442258938718416,0.14174141096249668,0.4138986013986014,0.1512576312576312,-0.13178658213425704,0.05884216589861748,0.16046354025481158,0.2569444444444445,0.13374414821490144,0.39,0.5,2.8593844599844602,6.577029551094067,13.637277754924813,4.335166369578138,1.1902110749665344,0.40417112299465235,3.075349100284168,1.5610818795529071,1596.02916813055,1475.528592027919,5,0.0250532878959856,-0.03790976887436366,-0.0028224040434897957,-0.05052197802197805,0.03739621489621495,0.2098423429534306,0.021261574205122584,-0.02475510454637589,0.21064574314574303,0.0307491007177067,0.26,0.21666666666666656,0.18496233782557336,1.8961388138327484,2.3415643748124566,-3.2284799400656126,-0.34220701772184803,-0.06641511463519578,-0.5729932669258018,-1.2920564402450745,-142.11857724567835,52.957714268090285,0
2026_03_TEN_NYG,-0.010891793508219439,0.10745826350145611,0.2244221875936744,0.47714285714285704,0.0992051820728291,-0.14973798848898798,0.056693349753694555,0.1523345332828091,0.4832750582750583,0.20422003284072243,0.4,0.6666666666666666,2.695344885456577,7.574827586206897,15.872844827586206,0.19293025622605864,0.6024663698785467,0.4432629462041226,2.9896897966125677,0.13817430284194082,1418.2312551598416,1518.1479588160582,5,-0.09810733580912781,0.06806009791984542,0.14190530133727886,0.38730769230769224,0.10515945035001292,0.11677154343968044,0.0641065028161802,0.10543936350387959,0.3717171717171717,0.2003589466089466,0.7166666666666666,0.6833333333333333,3.0491301190476188,6.440232337379396,8.75,-2.89631726190476,0.47107241823525403,0.457749766573296,2.888958163406707,0.33569766473973983,1373.9552191651355,1492.4177249297086,5,0.08721554230090837,0.03939816558161069,0.08251688625639556,0.0898351648351648,-0.005954268277183816,-0.26650953192866844,-0.007413153062485647,0.04689516977892952,0.11155788655788657,0.0038610862317758343,-0.31666666666666654,-0.01666666666666672,-0.35378523359104186,1.1345952488275008,7.122844827586206,3.0892475181308185,0.1313939516432927,-0.014486820369173425,0.10073163320586076,-0.197523361897799,44.276035994706035,25.73023388634965,0
2026_04_ARI_NYG,0.01057924991104096,0.07790360763101076,0.19972583131837077,0.4986813186813187,0.11087184873949578,-0.0977330237819958,0.029107142857142842,0.10137667887667885,0.4435314685314685,0.19707717569786534,0.4,0.6666666666666667,2.666630453819807,7.193385878489328,15.425548589341691,-1.0810194313827908,0.4200959450567212,0.4243740573152338,3.0642478777743323,0.17960202794581376,1425.449168543973,1470.0837122657506,5,-0.004516598095505464,0.07509079586792869,0.1886946307358106,0.3611888111888112,0.13125588586689152,0.10158007038260801,0.04406245967221574,0.10553232675183892,0.5301648351648351,0.14753386398547685,0.6,0.7533333333333333,2.7732183269471693,6.782202535282536,17.526514461998335,4.724107595543078,-0.1550086854498449,0.4464285714285714,2.870394177475923,0.502828371220245,1413.2601842992865,1561.1104577809335,5,0.015095848006546425,0.002812811763082068,0.011031200582560158,0.13749250749250752,-0.02038403712739574,-0.1993130941646038,-0.014955316815072898,-0.004155647875160068,-0.08663336663336663,0.04954331171238849,-0.19999999999999996,-0.08666666666666656,-0.10658787312736218,0.4111833432067913,-2.1009658726566443,-5.805127026925868,0.5751046305065661,-0.022054514113337587,0.19385370029840931,-0.3232263432744313,12.18898424468648,-91.02674551518294,0
2026_04_ATL_NO,0.019609789857490206,0.07209736500059076,0.13594548820355265,0.47419340463458115,0.19088000888000886,-0.040736796462710986,0.07609240695136768,0.17169987509330026,0.40212148962148964,0.15556484095614526,0.7533333333333333,0.5076190476190476,2.660659388280565,7.842335805262276,13.218176159352629,5.27847713974479,0.6611821232793184,0.39804639804639796,3.0821069857524575,0.045914003223520385,1442.5698335690824,1509.8440844460413,5,-0.09555983811719475,0.06837606837606836,0.18623931623931622,0.34893772893772895,0.15502941133200598,-0.057440293846527005,0.05694420493059173,0.14655851490791932,0.35513736263736256,0.18655677655677655,0.5444444444444444,0.4666666666666666,2.5756530571847507,6.347884756728779,13.209090909090909,-5.962798863636364,0.80136693554076,0.4347400284900285,3.263610455856103,0.8563174007818803,1473.137108563973,1502.8134860104954,5,0.11516962797468495,0.003721296624522405,-0.05029382803576357,0.1252556756968522,0.03585059754800288,0.01670349738381602,0.019148202020775953,0.025141360185380934,0.04698412698412707,-0.030991935600631293,0.2088888888888889,0.04095238095238102,0.08500633109581424,1.494451048533497,0.00908525026171958,11.241276003381152,-0.14018481226144164,-0.036693630443630554,-0.18150347010364554,-0.81040339755836,-30.567274994890568,7.030598435545926,0
2026_04_DAL_HOU,-0.006309607869457843,0.046755307093752335,0.12378170921269809,0.3351347182229535,0.22492319508448538,-0.18956138143488446,0.08848386672520177,0.14657291788228885,0.4133333333333333,0.18762463343108504,0.42666666666666664,0.5466666666666666,2.9092577668680946,9.040971963171962,17.109432562521807,1.6351616870459011,0.09439783701256908,0.3751294408617063,2.3086984759227915,-0.03527831788035753,1516.1646442149806,1510.7808511362248,5,0.05167619653652859,0.04212560386473428,0.135819397993311,0.47965034965034964,0.18140618002686965,0.20913841229369634,0.047018022627778724,0.15032934545129664,0.5085714285714287,0.1716331269349845,0.6833333333333333,0.58,2.7564119990127702,8.703118727598566,20.09048540950818,2.746670056797785,0.4053738322530262,0.4954744816586921,2.9476231741565395,0.4344478181269409,1479.4125045895676,1468.712886621616,5,-0.057985804405986434,0.004629703229018053,-0.012037688780612912,-0.14451563142739615,0.04351701505761574,-0.3986997937285808,0.041465844097423044,-0.003756427569007792,-0.0952380952380954,0.015991506496100538,-0.2566666666666667,-0.033333333333333326,0.15284576785532433,0.3378532355733963,-2.9810528469863726,-1.111508369751884,-0.3109759952404571,-0.12034504079698582,-0.638924698233748,-0.4697261360072984,36.752139625413065,42.067964514608775,0
2026_04_DEN_SF,0.14062867328361878,0.02401315789473684,0.10380284043441934,0.568968253968254,0.0919001782531194,0.0067956155698636585,0.04945193171608262,0.13594510022616718,0.4377777777777778,0.1696140385795558,0.7333333333333333,0.2533333333333333,3.0286828877005343,7.239409884233413,13.832442067736185,5.640454149336507,0.2381007117937769,0.3723731884057971,2.992561080527955,0.11612967891674827,1563.3447140374958,1481.914364065069,5,-0.010120158321071781,0.058435708435708424,0.12951044886528756,0.40991452991452987,0.15881964087080883,-0.10991313629374826,0.0631508747092729,0.20174018269457647,0.43267825311942965,0.12654952598888522,0.5,0.4600000000000001,2.835538042997519,5.5267252832946125,10.118184868987086,-6.293163337350885,-1.0374562709627069,0.31477591036414565,3.3212441905523327,-0.16736033805280545,1576.2893472757862,1531.9088489635822,5,0.15074883160469055,-0.03442255054097158,-0.025707608430868223,0.15905372405372414,-0.06691946261768943,0.11670875186361192,-0.013698942993190279,-0.06579508246840929,0.005099524658348176,0.04306451259067057,0.23333333333333328,-0.20666666666666678,0.1931448447030153,1.7126846009388004,3.714257198749099,11.933617486687393,1.2755569827564837,0.057597278041651434,-0.32868311002437745,0.2834900169695537,-12.944633238290407,-49.994484898513065,0
2026_04_DET_CAR,0.04684122227905145,0.04446196164425718,0.1177138492767988,0.2729365079365079,0.19021847717499887,-0.0828757098460731,0.069807894425891,0.11943475313594157,0.4902289377289377,0.1020009157509157,0.6333333333333333,0.6291666666666667,2.9586424641161813,7.8316344696969695,11.655941655941657,2.6239667846417802,0.7093101327846962,0.46710526315789475,3.029778721321013,-0.14132224419959993,1442.418838317235,1473.968492195916,5,0.014733188799656733,0.07691607611263274,0.19042664811674853,0.41338661338661337,0.2186339586339586,0.026335779857456172,0.10969401765282769,0.1829858704732846,0.47663512957630605,0.12870767828662563,0.7699999999999999,0.8933333333333333,2.734245083198713,6.95498338935099,16.37665948691357,0.8577093442326026,0.07738189464968279,0.41280903407945146,3.1233445981750108,0.06288153960157472,1560.1206859725398,1481.7771868921918,5,0.03210803347939472,-0.03245411446837556,-0.07271279883994973,-0.14045010545010544,-0.028415481458959724,-0.10921148970352929,-0.03988612322693669,-0.06355111733734303,0.01359380815263167,-0.02670676253570993,-0.1366666666666666,-0.26416666666666666,0.22439738091746841,0.8766510803459795,-4.720717830971914,1.7662574404091775,0.6319282381350134,0.05429622907844328,-0.09356587685399775,-0.20420378380117465,-117.70184765530485,-7.808694696275779,0
2026_04_GB_TB,-0.12009472579349438,0.08959489302967563,0.13489233954451343,0.41000377073906485,0.1784598997493734,-0.028582656765212378,0.05048103565750621,0.10870133999545761,0.30787545787545784,0.24678292721770972,0.3333333333333333,0.4333333333333333,3.0425924751718876,8.151198653198653,11.073338426279602,1.7226781257957762,-0.8309883687503095,0.2463908640379228,3.3387459071387937,1.2339791442030923,1464.6981591591637,1493.623056666156,5,-0.03265951637880192,0.09940383158094153,0.205985365160557,0.3022222222222222,0.2106909430438842,-0.01069750910614597,0.056119544592030335,0.14779350946333863,0.5013533834586467,0.17890359341972242,0.3833333333333333,0.6366666666666667,2.5936859334820457,9.686648875929682,14.179601573876136,-3.796094355113545,-0.7189174293713987,0.33126550868486354,3.164201685907968,1.295096387042843,1519.72855060859,1473.7387876913774,5,-0.08743520941469246,-0.009808938551265897,-0.07109302561604355,0.10778154851684263,-0.03223104329451079,-0.01788514765906641,-0.005638508934524125,-0.03909216946788102,-0.19347792558318883,0.0678793337979873,-0.04999999999999999,-0.20333333333333342,0.4489065416898419,-1.5354502227310292,-3.1062631475965343,5.5187724809093215,-0.11207093937891077,-0.08487464464694075,0.1745442212308257,-0.06111724283975062,-55.03039144942636,19.88426897477848,0
2026_04_IND_WAS,0.03452590049008496,0.03194139194139192,0.15834757834757832,0.3695304695304695,0.18916666666666665,0.02233065967391092,0.06929292929292925,0.15583494519664728,0.44536796536796536,0.1887356731750324,0.6499999999999999,0.6766666666666665,2.9891032446996397,8.296601358608118,15.36371886508014,0.6221878532874381,0.5146372241780421,0.2666448972483455,2.6865264814964624,0.5620112119755942,1466.3668020958235,1551.0005935741895,5,-0.15108624042828028,0.048661271020253125,0.1525443973831801,0.41606060606060613,0.2139016897081413,0.07844025950379226,0.05029340499425058,0.11976495875766838,0.38618881118881115,0.13692890949483238,0.6333333333333333,0.6166666666666666,2.720156365169724,7.305004330870278,19.30402698713894,1.3523448872021935,-0.7349038868248604,0.2955741626794258,2.6750706145684466,0.46859892658084484,1469.128115962281,1530.378003428357,5,0.18561214091836525,-0.016719879078861202,0.005803180964398219,-0.046530136530136657,-0.024735023041474652,-0.05610959982988134,0.018999524298678676,0.03606998643897891,0.0591791541791542,0.05180676368020001,0.016666666666666607,0.05999999999999994,0.2689468795299157,0.9915970277378401,-3.9403081220588003,-0.7301570339147554,1.2495411110029027,-0.02892926543108032,0.011455866928015812,0.09341228539474938,-2.7613138664576127,20.62259014583242,0
2026_04_JAX_CIN,0.007378612192010281,0.06211965510604193,0.155200441507872,0.5147186147186147,0.11693801538962827,-0.10340136170818055,0.10596028255364517,0.19975298769381136,0.393072613660849,0.1613408521303258,0.73,0.26666666666666666,2.6132930211317307,6.515603786000845,11.322034547841,4.03574950675596,0.17913442964720805,0.42332167832167833,2.607416246655673,1.1477605267968831,1497.261764224703,1523.094047421898,5,0.10075386426140646,0.048101608735517165,0.14608860548470448,0.5277777777777778,0.16204433497536944,-0.0331096008534991,0.06738504738504733,0.15318425253909124,0.29772727272727273,0.13127889654205438,0.78,0.4333333333333333,2.899371945069936,9.691080124459434,14.702513608060832,6.713023782703243,0.0487081299203385,0.37498383968972204,2.6579822268010775,-1.0473488693801714,1529.117682000888,1509.384227984726,5,-0.09337525206939619,0.014018046370524763,0.009111836023167508,-0.013059163059163104,-0.04510631958574117,-0.07029176085468145,0.03857523516859784,0.046568735154720126,0.09534534093357627,0.030061955588271433,-0.050000000000000044,-0.16666666666666663,-0.28607892393820533,-3.175476338458589,-3.380479060219832,-2.6772742759472834,0.13042629972686953,0.04833783863195629,-0.05056598014540459,2.1951093961770543,-31.855917776184924,13.709819437171973,0
2026_04_KC_LV,-0.22139980166343726,0.07009659695143564,0.1778948068060971,0.35769230769230764,0.24859502262443436,-0.07070133554734855,0.10669932605416474,0.24081710743001059,0.36672268907563027,0.14374568668046925,0.4976190476190476,0.5800000000000001,2.7047899223764738,7.851810786914234,16.790267204060306,0.13011706224810116,-0.16956447791271326,0.35516589690502737,2.583374531068177,-0.04122749943785742,1438.633800272921,1486.221802502573,5,-0.07569543658069004,0.0682976827094474,0.20098930481283422,0.3831587530116941,0.15697210041595738,-0.10187793873215371,0.0481427174975562,0.11883815109621558,0.3888888888888889,0.15339861751152073,0.56,0.4333333333333333,2.755575464535696,5.445313102956046,8.338685140937955,-3.0239418085738494,1.944313758932201,0.5360054347826086,4.092348799697803,0.8846171639165157,1544.9407810757768,1500.633082188943,5,-0.1457043650827472,0.0017989142419882337,-0.02309449800673713,-0.025466445319386466,0.09162292220847698,0.03117660318480517,0.05855660855660854,0.121978956333795,-0.022166199813258625,-0.009652930831051482,-0.062380952380952426,0.14666666666666678,-0.05078554215922226,2.4064976839581877,8.451582063122352,3.1540588708219506,-2.1138782368449145,-0.18083953787758128,-1.5089742686296264,-0.9258446633543731,-106.30698080285583,-14.411279686370108,0
2026_04_LAC_SEA,-0.02389999629498236,0.054910394265232934,0.13800503317318688,0.40783799533799536,0.2025396825396825,-0.17104867699316326,0.0702707373271889,0.1962058371735791,0.22309829059829056,0.14451337898413222,0.4,0.5333333333333333,2.951805066045066,6.730919580419581,15.42812742812743,5.722945454545458,0.5782498378357661,0.4143048128342246,2.9453514590844208,1.4261563549079441,1583.5729569195983,1468.3225916469034,5,-0.20645130234105985,0.08683353545153204,0.17790864257417732,0.3514285714285714,0.16585497835497834,-0.07268405356522459,0.06767708098353258,0.16410719656687398,0.37505827505827505,0.17809906306152132,0.46333333333333326,0.36333333333333334,2.8383926550294913,9.312933562256143,13.8081798375916,-3.226212938205582,-0.5518552781447963,0.35885093167701865,2.695385295232307,-0.9735693985954201,1500.6754590474861,1474.0309406700828,5,0.1825513060460775,-0.0319231411862991,-0.03990360940099044,0.05640942390942394,0.03668470418470415,-0.09836462342793867,0.0025936563436563254,0.032098640606705114,-0.1519599844599845,-0.0335856840773891,-0.06333333333333324,0.16999999999999998,0.11341241101557475,-2.582013981836562,1.6199475905358298,8.949158392751041,1.1301051159805624,0.05545388115720595,0.2499661638521138,2.3997257535033643,82.89749787211213,-5.70834902317938,0
2026_04_LA_PHI,-0.06922385603506952,0.0656006433314553,0.13203723232644252,0.3842490842490842,0.16316418764302057,-0.07253222560240262,0.045050685748360145,0.10993587377308305,0.42498834498834503,0.14478578892371996,0.5833333333333333,0.6833333333333333,3.1825794514514514,9.346461433664375,12.506806806806807,-1.631707107107103,0.29767787796328976,0.3509784075573549,2.722478818965045,0.21699012497089037,1575.90579940087,1450.2878849341132,5,0.10471020144597357,0.03955529857022706,0.1598507148864592,0.46048516842634485,0.10906832298136641,0.04467995752922869,0.04717011128775834,0.204386150856739,0.41686646686646683,0.11681385281385279,0.47333333333333333,0.5333333333333333,2.8804177736358314,10.1846413985414,19.169161907701806,2.4979925482327516,1.4428653959629156,0.4397326007326007,2.7423540075716213,1.5287479450621815,1541.1162938983907,1510.7073317930335,5,-0.17393405748104307,0.02604534476122823,-0.027813482560016672,-0.07623608417726063,0.054095864661654156,-0.11721218313163131,-0.002119425539398194,-0.09445027708365596,0.008121878121878201,0.027971936109867174,0.10999999999999993,0.15000000000000002,0.30216167781562,-0.8381799648770247,-6.662355100894999,-4.129699655339855,-1.1451875179996258,-0.0887541931752458,-0.019875188606576444,-1.3117578200912912,34.78950550247919,-60.41944685892031,0
2026_04_MIA_MIN,-0.12086809944527062,0.12976660341555976,0.19429728020240353,0.2715934065934066,0.15488879983971143,-0.19760512347827358,0.1394610442268105,0.259010666833011,0.261624649859944,0.20352760459022315,0.5125,0.25,2.8399270257634344,8.058213506493507,13.043793892527422,-4.247111435729502,-0.08717932318430144,0.3664227526759496,3.0605804021590814,0.722920827903586,1573.704718427861,1506.8078571131275,5,-0.17883163463443488,0.09826512226512224,0.16598198198198194,0.3769230769230769,0.20317859349894946,0.10146890321369625,0.012,0.10633179723502302,0.5042124542124542,0.22219117647058823,0.3333333333333333,0.8033333333333333,2.8904229761381943,9.207920973712278,22.411067193675887,0.5478607085346233,-0.590892341058445,0.355241868554562,3.1345522948545153,0.4338065991400663,1456.047333785131,1496.20555010898,5,0.057963535189164264,0.03150148115043752,0.028315298220421586,-0.10532967032967033,-0.04828979365923802,-0.2990740266919698,0.12746104422681048,0.152678869597988,-0.2425878043525102,-0.018663571880365076,0.17916666666666664,-0.5533333333333333,-0.05049595037475996,-1.1497074672187715,-9.367273301148465,-4.794972144264125,0.5037130178741436,0.011180884121387569,-0.0739718926954338,0.2891142287635197,117.65738464273,10.602307004147406,0
2026_04_NE_BUF,0.13452081219882434,0.07170979347707737,0.12690373550325376,0.5103030303030304,0.09789044289044288,-0.005240583738414667,0.05789039998114406,0.18310660664199677,0.3633041958041958,0.22262111801242232,0.75,0.71,2.8525478954638244,8.841728271728272,13.510860663252211,3.2540371034971662,0.9475499309319808,0.46232833214257363,3.137927779395332,0.20702988408564504,1605.8433408491608,1539.9109127172403,5,0.08950592208191036,0.05986700986700984,0.1327327327327327,0.3847222222222222,0.16662622244927744,-0.12052519817148843,0.07103868444681904,0.19570872014069765,0.34245337995337993,0.14193374741200826,0.5,0.26666666666666666,3.112547861471861,9.331289938556067,12.10966810966811,8.91464496392497,0.037431893668879446,0.4131944444444444,3.1827164479614756,0.6053213759231977,1519.503446401706,1548.7240141550292,5,0.04501489011691398,0.011842783610067534,-0.005828997229478938,0.12558080808080818,-0.06873577955883456,0.11528461443307376,-0.013148284465674988,-0.012602113498700884,0.020850815850815885,0.08068737060041406,0.25,0.4433333333333333,-0.25999996600803676,-0.4895616668277949,1.4011925535841012,-5.6606078604278025,0.9101180372631014,0.04913388769812921,-0.044788668566143386,-0.39829149183755264,86.33989444745475,-8.813101437788873,0
2026_04_NYJ_CHI,0.09594100051518671,0.03559406646698044,0.11726837418750125,0.45917415917415916,0.11823366220649749,0.11820425152285703,0.0658020426159171,0.11876986790557284,0.41179487179487173,0.1484507465931614,0.5666666666666667,0.55,3.090012710449563,7.117608587109162,12.499663960110206,-0.0018816788350300762,0.424752179598888,0.40402750843927315,3.5595895453945516,0.364238817394773,1514.2693893634894,1529.8405584641796,5,-0.06679110061987134,0.05212008281573497,0.12768402611880866,0.35999723960250274,0.23314687685397067,0.16701834750575464,0.05238858363858362,0.09359737484737483,0.37777777777777777,0.12670760611937076,0.5999999999999999,0.86,2.8280228337428337,6.058080709678185,14.165568007031421,2.236785067217994,0.42989520067579556,0.36146353646353646,2.9994687836909817,-0.7251697090040773,1402.1811734371163,1490.470222274006,5,0.16273210113505804,-0.01652601634875453,-0.010415651931307418,0.09917691957165642,-0.11491321464747319,-0.04881409598289761,0.013413458977333481,0.025172493058198006,0.03401709401709396,0.02174314047379064,-0.033333333333333215,-0.30999999999999994,0.26198987670672924,1.0595278774309769,-1.6659040469212147,-2.238666746053024,-0.005143021076907561,0.04256397197573669,0.56012076170357,1.0894085263988502,112.0882159263731,39.3703361901737,0
2026_04_PIT_CLE,-0.14047780482621658,0.10930402930402924,0.1955311355311355,0.3127455877455877,0.16179653679653674,0.043227188613119014,0.05463565891472866,0.13025581395348834,0.38571067821067817,0.14804597701149422,0.2,0.5,3.0208692753623185,7.501294781180837,14.508563899868246,-1.0457633728590263,-0.5487954934381464,0.3501010101010101,3.179493398763119,0.10219603226618368,1454.499768875897,1486.4829814881596,5,-0.06536572261812953,0.05580474104033252,0.13978620379732612,0.3553571428571428,0.16067977915804002,-0.09413674180231622,0.10084859584859582,0.18909645909645906,0.33426573426573425,0.1921698373311276,0.26666666666666666,0.16666666666666666,2.7068973612557654,7.676974559787061,14.92291646609544,-2.839980185167362,1.296461511558681,0.46385281385281385,2.662439985479228,0.14388371302192904,1542.027379793895,1500.9518376172116,5,-0.07511208220808704,0.05349928826369672,0.05574493173380937,-0.04261155511155512,0.0011167576384967237,0.13736393041543524,-0.04621293693386716,-0.058840645142970716,0.05144494394494392,-0.04412386031963339,-0.06666666666666665,0.33333333333333337,0.3139719141065531,-0.17567977860622364,-0.4143525662271941,1.7942168123083357,-1.8452570049968275,-0.11375180375180377,0.5170534132838909,-0.04168768075574536,-87.52761091799812,-14.468856129052028,0
2026_04_TEN_BAL,0.20981550751008352,0.06691408156925394,0.1377599722427308,0.4349511599511599,0.12871354651540404,-0.034537228950464766,0.05199714735392484,0.13463877959210438,0.45608974358974363,0.1961111111111111,0.6458333333333333,0.6333333333333333,3.056052777777778,8.984870960108182,11.425806451612903,4.1736807168458805,0.6162122160176126,0.40424993643529117,3.2104524792287896,1.4775962081199467,1541.8729492343268,1468.580443508806,5,-0.13339693830228574,0.05515687211339382,0.12075834793226092,0.3517307692307692,0.10215193155302045,0.11419289401185781,0.06137697428020004,0.1180944503525148,0.41103341103341096,0.19869227994227995,0.6333333333333333,0.6833333333333333,3.1082658333333333,6.600291596638655,10.416666666666666,-3.6334680555555563,0.3826320944258958,0.44304388422035473,2.6166363840410676,0.3002418600627482,1366.7373057810041,1467.6889016730863,5,0.34321244581236926,0.011757209455860118,0.017001624310469865,0.08322039072039072,0.026561614962383587,-0.14873012296232258,-0.009379826926275196,0.01654432923958958,0.04505633255633268,-0.0025811688311688508,0.012499999999999956,-0.050000000000000044,-0.05221305555555533,2.384579363469527,1.0091397849462371,7.807148772401437,0.23358012159171676,-0.038793947785063565,0.593816095187722,1.1773543480571984,175.1356434533227,0.8915418357196359,0
2026_05_BAL_ATL,-0.09555983811719475,0.06837606837606836,0.18623931623931622,0.34893772893772895,0.15502941133200598,-0.057440293846527005,0.05694420493059173,0.14655851490791932,0.35513736263736256,0.18655677655677655,0.5444444444444444,0.4666666666666666,2.5756530571847507,6.347884756728779,13.209090909090909,-5.962798863636364,0.80136693554076,0.4347400284900285,3.263610455856103,0.8563174007818803,1473.137108563973,1502.8134860104954,5,0.20981550751008352,0.06691408156925394,0.1377599722427308,0.4349511599511599,0.12871354651540404,-0.034537228950464766,0.05199714735392484,0.13463877959210438,0.45608974358974363,0.1961111111111111,0.6458333333333333,0.6333333333333333,3.056052777777778,8.984870960108182,11.425806451612903,4.1736807168458805,0.6162122160176126,0.40424993643529117,3.2104524792287896,1.4775962081199467,1541.8729492343268,1468.580443508806,5,-0.30537534562727825,0.0014619868068144193,0.04847934399658543,-0.08601343101343095,0.026315864816601947,-0.02290306489606224,0.004947057576666886,0.011919735315814944,-0.10095238095238107,-0.009554334554334548,-0.10138888888888886,-0.16666666666666669,-0.48039972059302727,-2.6369862033794034,1.7832844574780058,-10.136479580482245,0.18515471952314744,0.03049009205473735,0.053157976627313364,-0.6212788073380664,-68.73584067035381,34.2330425016894,0
2026_05_BUF_LA,0.10471020144597357,0.03955529857022706,0.1598507148864592,0.46048516842634485,0.10906832298136641,0.04467995752922869,0.04717011128775834,0.204386150856739,0.41686646686646683,0.11681385281385279,0.47333333333333333,0.5333333333333333,2.8804177736358314,10.1846413985414,19.169161907701806,2.4979925482327516,1.4428653959629156,0.4397326007326007,2.7423540075716213,1.5287479450621815,1541.1162938983907,1510.7073317930335,5,0.13452081219882434,0.07170979347707737,0.12690373550325376,0.5103030303030304,0.09789044289044288,-0.005240583738414667,0.05789039998114406,0.18310660664199677,0.3633041958041958,0.22262111801242232,0.75,0.71,2.8525478954638244,8.841728271728272,13.510860663252211,3.2540371034971662,0.9475499309319808,0.46232833214257363,3.137927779395332,0.20702988408564504,1605.8433408491608,1539.9109127172403,5,-0.02981061075285077,-0.03215449490685031,0.03294697938320543,-0.04981786187668552,0.011177880090923534,0.04992054126764336,-0.010720288693385718,0.021279544214742235,0.053562271062271016,-0.10580726519856953,-0.27666666666666667,-0.17666666666666664,0.027869878172007034,1.3429131268131282,5.658301244449595,-0.7560445552644146,0.4953154650309348,-0.022595731409972952,-0.3955737718237109,1.3217180609765364,-64.72704695077005,-29.20358092420679,0
2026_05_CHI_GB,-0.03265951637880192,0.09940383158094153,0.205985365160557,0.3022222222222222,0.2106909430438842,-0.01069750910614597,0.056119544592030335,0.14779350946333863,0.5013533834586467,0.17890359341972242,0.3833333333333333,0.6366666666666667,2.5936859334820457,9.686648875929682,14.179601573876136,-3.796094355113545,-0.7189174293713987,0.33126550868486354,3.164201685907968,1.295096387042843,1519.72855060859,1473.7387876913774,5,0.09594100051518671,0.03559406646698044,0.11726837418750125,0.45917415917415916,0.11823366220649749,0.11820425152285703,0.0658020426159171,0.11876986790557284,0.41179487179487173,0.1484507465931614,0.5666666666666667,0.55,3.090012710449563,7.117608587109162,12.499663960110206,-0.0018816788350300762,0.424752179598888,0.40402750843927315,3.5595895453945516,0.364238817394773,1514.2693893634894,1529.8405584641796,5,-0.12860051689398863,0.06380976511396108,0.08871699097305574,-0.15695193695193693,0.0924572808373867,-0.128901760629003,-0.009682498023886765,0.029023641557765795,0.08955851166377493,0.03045284682656102,-0.18333333333333335,0.08666666666666667,-0.49632677696751726,2.5690402888205206,1.6799376137659294,-3.794212676278515,-1.1436696089702867,-0.07276199975440961,-0.3953878594865836,0.9308575696480699,5.459161245100631,-56.10177077280218,0
2026_05_CIN_MIA,-0.17883163463443488,0.09826512226512224,0.16598198198198194,0.3769230769230769,0.20317859349894946,0.10146890321369625,0.012,0.10633179723502302,0.5042124542124542,0.22219117647058823,0.3333333333333333,0.8033333333333333,2.8904229761381943,9.207920973712278,22.411067193675887,0.5478607085346233,-0.590892341058445,0.355241868554562,3.1345522948545153,0.4338065991400663,1456.047333785131,1496.20555010898,5,0.007378612192010281,0.06211965510604193,0.155200441507872,0.5147186147186147,0.11693801538962827,-0.10340136170818055,0.10596028255364517,0.19975298769381136,0.393072613660849,0.1613408521303258,0.73,0.26666666666666666,2.6132930211317307,6.515603786000845,11.322034547841,4.03574950675596,0.17913442964720805,0.42332167832167833,2.607416246655673,1.1477605267968831,1497.261764224703,1523.094047421898,5,-0.18621024682644516,0.03614546715908031,0.010781540474109952,-0.13779553779553777,0.08624057810932119,0.20487026492187682,-0.09396028255364518,-0.09342119045878834,0.1111398405516052,0.06085032434026241,-0.39666666666666667,0.5366666666666666,0.27712995500646365,2.692317187711433,11.089032645834887,-3.4878887982213365,-0.7700267707056531,-0.0680798097671163,0.5271360481988423,-0.7139539276568168,-41.21443043957197,-26.888497312917934,0
2026_05_CLE_NYJ,-0.06679110061987134,0.05212008281573497,0.12768402611880866,0.35999723960250274,0.23314687685397067,0.16701834750575464,0.05238858363858362,0.09359737484737483,0.37777777777777777,0.12670760611937076,0.5999999999999999,0.86,2.8280228337428337,6.058080709678185,14.165568007031421,2.236785067217994,0.42989520067579556,0.36146353646353646,2.9994687836909817,-0.7251697090040773,1402.1811734371163,1490.470222274006,5,-0.14047780482621658,0.10930402930402924,0.1955311355311355,0.3127455877455877,0.16179653679653674,0.043227188613119014,0.05463565891472866,0.13025581395348834,0.38571067821067817,0.14804597701149422,0.2,0.5,3.0208692753623185,7.501294781180837,14.508563899868246,-1.0457633728590263,-0.5487954934381464,0.3501010101010101,3.179493398763119,0.10219603226618368,1454.499768875897,1486.4829814881596,5,0.07368670420634524,-0.05718394648829427,-0.06784710941232683,0.047251651856915045,0.07135034005743393,0.12379115889263563,-0.0022470752761450385,-0.03665843910611351,-0.007932900432900403,-0.021338370892123454,0.39999999999999986,0.36,-0.19284644161948483,-1.443214071502652,-0.3429958928368251,3.2825484400770204,0.9786906941139419,0.011362526362526382,-0.18002461507213718,-0.827365741270261,-52.318595438780676,3.987240785846325,0
2026_05_DEN_LAC,-0.20645130234105985,0.08683353545153204,0.17790864257417732,0.3514285714285714,0.16585497835497834,-0.07268405356522459,0.06767708098353258,0.16410719656687398,0.37505827505827505,0.17809906306152132,0.46333333333333326,0.36333333333333334,2.8383926550294913,9.312933562256143,13.8081798375916,-3.226212938205582,-0.5518552781447963,0.35885093167701865,2.695385295232307,-0.9735693985954201,1500.6754590474861,1474.0309406700828,5,-0.010120158321071781,0.058435708435708424,0.12951044886528756,0.40991452991452987,0.15881964087080883,-0.10991313629374826,0.0631508747092729,0.20174018269457647,0.43267825311942965,0.12654952598888522,0.5,0.4600000000000001,2.835538042997519,5.5267252832946125,10.118184868987086,-6.293163337350885,-1.0374562709627069,0.31477591036414565,3.3212441905523327,-0.16736033805280545,1576.2893472757862,1531.9088489635822,5,-0.19633114401998808,0.028397827015823614,0.04839819370888976,-0.058485958485958445,0.007035337484169513,0.03722908272852367,0.004526206274259675,-0.037632986127702495,-0.0576199780611546,0.0515495370726361,-0.036666666666666736,-0.09666666666666673,0.002854612031972348,3.7862082789615306,3.6899949686045144,3.066950399145303,0.4856009928179106,0.044075021312873,-0.6258588953200257,-0.8062090605426147,-75.61388822830008,-57.87790829349933,0
2026_05_DET_ARI,-0.004516598095505464,0.07509079586792869,0.1886946307358106,0.3611888111888112,0.13125588586689152,0.10158007038260801,0.04406245967221574,0.10553232675183892,0.5301648351648351,0.14753386398547685,0.6,0.7533333333333333,2.7732183269471693,6.782202535282536,17.526514461998335,4.724107595543078,-0.1550086854498449,0.4464285714285714,2.870394177475923,0.502828371220245,1413.2601842992865,1561.1104577809335,5,0.014733188799656733,0.07691607611263274,0.19042664811674853,0.41338661338661337,0.2186339586339586,0.026335779857456172,0.10969401765282769,0.1829858704732846,0.47663512957630605,0.12870767828662563,0.7699999999999999,0.8933333333333333,2.734245083198713,6.95498338935099,16.37665948691357,0.8577093442326026,0.07738189464968279,0.41280903407945146,3.1233445981750108,0.06288153960157472,1560.1206859725398,1481.7771868921918,5,-0.019249786895162196,-0.0018252802447040473,-0.0017320173809379225,-0.05219780219780218,-0.08737807276706708,0.07524429052515183,-0.06563155798061195,-0.07745354372144568,0.0535297055885291,0.018826185698851222,-0.16999999999999993,-0.14,0.038973243748456454,-0.17278085406845367,1.1498549750847644,3.8663982513104753,-0.23239058009952768,0.03361953734911993,-0.2529504206990878,0.4399468316186703,-146.86050167325334,79.33327088874171,0
2026_05_HOU_TEN,-0.13339693830228574,0.05515687211339382,0.12075834793226092,0.3517307692307692,0.10215193155302045,0.11419289401185781,0.06137697428020004,0.1180944503525148,0.41103341103341096,0.19869227994227995,0.6333333333333333,0.6833333333333333,3.1082658333333333,6.600291596638655,10.416666666666666,-3.6334680555555563,0.3826320944258958,0.44304388422035473,2.6166363840410676,0.3002418600627482,1366.7373057810041,1467.6889016730863,5,-0.006309607869457843,0.046755307093752335,0.12378170921269809,0.3351347182229535,0.22492319508448538,-0.18956138143488446,0.08848386672520177,0.14657291788228885,0.4133333333333333,0.18762463343108504,0.42666666666666664,0.5466666666666666,2.9092577668680946,9.040971963171962,17.109432562521807,1.6351616870459011,0.09439783701256908,0.3751294408617063,2.3086984759227915,-0.03527831788035753,1516.1646442149806,1510.7808511362248,5,-0.1270873304328279,0.008401565019641483,-0.003023361280437162,0.016596051007815693,-0.12277126353146493,0.3037542754467423,-0.02710689244500173,-0.02847846752977405,-0.002299922299922319,0.011067646511194906,0.20666666666666667,0.13666666666666671,0.19900806646523872,-2.440680366533307,-6.692765895855141,-5.2686297426014574,0.2882342574133267,0.06791444335864844,0.30793790811827604,0.33552017794310574,-149.4273384339765,-43.09194946313846,0
2026_05_IND_PIT,-0.06536572261812953,0.05580474104033252,0.13978620379732612,0.3553571428571428,0.16067977915804002,-0.09413674180231622,0.10084859584859582,0.18909645909645906,0.33426573426573425,0.1921698373311276,0.26666666666666666,0.16666666666666666,2.7068973612557654,7.676974559787061,14.92291646609544,-2.839980185167362,1.296461511558681,0.46385281385281385,2.662439985479228,0.14388371302192904,1542.027379793895,1500.9518376172116,5,-0.15108624042828028,0.048661271020253125,0.1525443973831801,0.41606060606060613,0.2139016897081413,0.07844025950379226,0.05029340499425058,0.11976495875766838,0.38618881118881115,0.13692890949483238,0.6333333333333333,0.6166666666666666,2.720156365169724,7.305004330870278,19.30402698713894,1.3523448872021935,-0.7349038868248604,0.2955741626794258,2.6750706145684466,0.46859892658084484,1469.128115962281,1530.378003428357,5,0.08572051781015075,0.0071434700200793955,-0.012758193585853977,-0.060703463203463315,-0.05322191055010128,-0.17257700130610848,0.05055519085434524,0.06933150033879068,-0.051923076923076905,0.05524092783629522,-0.36666666666666664,-0.44999999999999996,-0.013259003913958622,0.37197022891678255,-4.3811105210434995,-4.192325072369556,2.0313653983835414,0.16827865117338803,-0.012630629089218637,-0.3247152135589158,72.89926383161401,-29.426165811145438,0
2026_05_LV_NE,0.08950592208191036,0.05986700986700984,0.1327327327327327,0.3847222222222222,0.16662622244927744,-0.12052519817148843,0.07103868444681904,0.19570872014069765,0.34245337995337993,0.14193374741200826,0.5,0.26666666666666666,3.112547861471861,9.331289938556067,12.10966810966811,8.91464496392497,0.037431893668879446,0.4131944444444444,3.1827164479614756,0.6053213759231977,1519.503446401706,1548.7240141550292,5,-0.22139980166343726,0.07009659695143564,0.1778948068060971,0.35769230769230764,0.24859502262443436,-0.07070133554734855,0.10669932605416474,0.24081710743001059,0.36672268907563027,0.14374568668046925,0.4976190476190476,0.5800000000000001,2.7047899223764738,7.851810786914234,16.790267204060306,0.13011706224810116,-0.16956447791271326,0.35516589690502737,2.583374531068177,-0.04122749943785742,1438.633800272921,1486.221802502573,5,0.31090572374534764,-0.010229587084425798,-0.045162074073364394,0.027029914529914545,-0.08196880017515693,-0.04982386262413989,-0.035660641607345694,-0.045108387289312935,-0.024269309122250338,-0.001811939268460988,0.0023809523809523725,-0.3133333333333334,0.4077579390953874,1.4794791516418329,-4.680599094392196,8.784527901676867,0.2069963715815927,0.05802854753941705,0.5993419168932985,0.6465488753610551,80.869646128785,62.50221165245625,0
2026_05_MIN_NO,0.019609789857490206,0.07209736500059076,0.13594548820355265,0.47419340463458115,0.19088000888000886,-0.040736796462710986,0.07609240695136768,0.17169987509330026,0.40212148962148964,0.15556484095614526,0.7533333333333333,0.5076190476190476,2.660659388280565,7.842335805262276,13.218176159352629,5.27847713974479,0.6611821232793184,0.39804639804639796,3.0821069857524575,0.045914003223520385,1442.5698335690824,1509.8440844460413,5,-0.12086809944527062,0.12976660341555976,0.19429728020240353,0.2715934065934066,0.15488879983971143,-0.19760512347827358,0.1394610442268105,0.259010666833011,0.261624649859944,0.20352760459022315,0.5125,0.25,2.8399270257634344,8.058213506493507,13.043793892527422,-4.247111435729502,-0.08717932318430144,0.3664227526759496,3.0605804021590814,0.722920827903586,1573.704718427861,1506.8078571131275,5,0.14047788930276084,-0.057669238414969,-0.05835179199885088,0.20259999804117457,0.03599120904029743,0.15686832701556258,-0.06336863727544281,-0.08731079173971074,0.14049683976154564,-0.04796276363407789,0.24083333333333334,0.25761904761904764,-0.17926763748286945,-0.21587770123123118,0.17438226682520686,9.525588575474291,0.7483614464636198,0.03162364537044837,0.021526583593376003,-0.6770068246800657,-131.1348848587786,3.036227332913768,0
2026_05_NYG_WAS,0.03452590049008496,0.03194139194139192,0.15834757834757832,0.3695304695304695,0.18916666666666665,0.02233065967391092,0.06929292929292925,0.15583494519664728,0.44536796536796536,0.1887356731750324,0.6499999999999999,0.6766666666666665,2.9891032446996397,8.296601358608118,15.36371886508014,0.6221878532874381,0.5146372241780421,0.2666448972483455,2.6865264814964624,0.5620112119755942,1466.3668020958235,1551.0005935741895,5,0.01057924991104096,0.07790360763101076,0.19972583131837077,0.4986813186813187,0.11087184873949578,-0.0977330237819958,0.029107142857142842,0.10137667887667885,0.4435314685314685,0.19707717569786534,0.4,0.6666666666666667,2.666630453819807,7.193385878489328,15.425548589341691,-1.0810194313827908,0.4200959450567212,0.4243740573152338,3.0642478777743323,0.17960202794581376,1425.449168543973,1470.0837122657506,5,0.023946650579043997,-0.045962215689618835,-0.04137825297079245,-0.12915084915084923,0.07829481792717087,0.12006368345590672,0.04018578643578641,0.05445826631996843,0.001836496836496837,-0.008341502522832944,0.2499999999999999,0.009999999999999787,0.3224727908798326,1.1032154801187906,-0.06182972426155153,1.7032072846702289,0.09454127912132093,-0.1577291600668883,-0.3777213962778698,0.38240918402978047,40.917633551850486,80.91688130843886,0
2026_05_PHI_JAX,0.10075386426140646,0.048101608735517165,0.14608860548470448,0.5277777777777778,0.16204433497536944,-0.0331096008534991,0.06738504738504733,0.15318425253909124,0.29772727272727273,0.13127889654205438,0.78,0.4333333333333333,2.899371945069936,9.691080124459434,14.702513608060832,6.713023782703243,0.0487081299203385,0.37498383968972204,2.6579822268010775,-1.0473488693801714,1529.117682000888,1509.384227984726,5,-0.06922385603506952,0.0656006433314553,0.13203723232644252,0.3842490842490842,0.16316418764302057,-0.07253222560240262,0.045050685748360145,0.10993587377308305,0.42498834498834503,0.14478578892371996,0.5833333333333333,0.6833333333333333,3.1825794514514514,9.346461433664375,12.506806806806807,-1.631707107107103,0.29767787796328976,0.3509784075573549,2.722478818965045,0.21699012497089037,1575.90579940087,1450.2878849341132,5,0.16997772029647598,-0.01749903459593813,0.014051373158261965,0.14352869352869357,-0.0011198526676511333,0.03942262474890352,0.022334361636687186,0.04324837876600819,-0.1272610722610723,-0.01350689238166558,0.19666666666666677,-0.25000000000000006,-0.2832075063815154,0.344618690795059,2.1957068012540244,8.344730889810346,-0.24896974804295124,0.024005432132367166,-0.0644965921639673,-1.2643389943510617,-46.78811739998196,59.09634305061286,0
2026_05_SF_SEA,-0.02389999629498236,0.054910394265232934,0.13800503317318688,0.40783799533799536,0.2025396825396825,-0.17104867699316326,0.0702707373271889,0.1962058371735791,0.22309829059829056,0.14451337898413222,0.4,0.5333333333333333,2.951805066045066,6.730919580419581,15.42812742812743,5.722945454545458,0.5782498378357661,0.4143048128342246,2.9453514590844208,1.4261563549079441,1583.5729569195983,1468.3225916469034,5,0.14062867328361878,0.02401315789473684,0.10380284043441934,0.568968253968254,0.0919001782531194,0.0067956155698636585,0.04945193171608262,0.13594510022616718,0.4377777777777778,0.1696140385795558,0.7333333333333333,0.2533333333333333,3.0286828877005343,7.239409884233413,13.832442067736185,5.640454149336507,0.2381007117937769,0.3723731884057971,2.992561080527955,0.11612967891674827,1563.3447140374958,1481.914364065069,5,-0.16452866957860113,0.030897236370496094,0.03420219273876754,-0.16113025863025865,0.11063950428656309,-0.17784429256302692,0.02081880561110628,0.06026073694741191,-0.21467948717948726,-0.02510065959542357,-0.33333333333333326,0.28,-0.07687782165546819,-0.508490303813832,1.5956853603912453,0.08249130520895154,0.3401491260419892,0.041931624428427516,-0.047209621443534466,1.3100266759911958,20.22824288210245,-13.591772418165647,0
2026_05_TB_DAL,0.05167619653652859,0.04212560386473428,0.135819397993311,0.47965034965034964,0.18140618002686965,0.20913841229369634,0.047018022627778724,0.15032934545129664,0.5085714285714287,0.1716331269349845,0.6833333333333333,0.58,2.7564119990127702,8.703118727598566,20.09048540950818,2.746670056797785,0.4053738322530262,0.4954744816586921,2.9476231741565395,0.4344478181269409,1479.4125045895676,1468.712886621616,5,-0.12009472579349438,0.08959489302967563,0.13489233954451343,0.41000377073906485,0.1784598997493734,-0.028582656765212378,0.05048103565750621,0.10870133999545761,0.30787545787545784,0.24678292721770972,0.3333333333333333,0.4333333333333333,3.0425924751718876,8.151198653198653,11.073338426279602,1.7226781257957762,-0.8309883687503095,0.2463908640379228,3.3387459071387937,1.2339791442030923,1464.6981591591637,1493.623056666156,5,0.17177092233002297,-0.04746928916494135,0.000927058448797563,0.06964657891128478,0.0029462802774962438,0.23772106905890872,-0.0034630130297274853,0.04162800545583903,0.20069597069597084,-0.07514980028272522,0.35000000000000003,0.14666666666666667,-0.28618047615911735,0.5519200743999129,9.017146983228578,1.023991931002009,1.2363622010033357,0.24908361762076933,-0.3911227329822542,-0.7995313260761514,14.71434543040391,-24.910170044539882,0
2026_06_ARI_LA,0.10471020144597357,0.03955529857022706,0.1598507148864592,0.46048516842634485,0.10906832298136641,0.04467995752922869,0.04717011128775834,0.204386150856739,0.41686646686646683,0.11681385281385279,0.47333333333333333,0.5333333333333333,2.8804177736358314,10.1846413985414,19.169161907701806,2.4979925482327516,1.4428653959629156,0.4397326007326007,2.7423540075716213,1.5287479450621815,1541.1162938983907,1510.7073317930335,5,-0.004516598095505464,0.07509079586792869,0.1886946307358106,0.3611888111888112,0.13125588586689152,0.10158007038260801,0.04406245967221574,0.10553232675183892,0.5301648351648351,0.14753386398547685,0.6,0.7533333333333333,2.7732183269471693,6.782202535282536,17.526514461998335,4.724107595543078,-0.1550086854498449,0.4464285714285714,2.870394177475923,0.502828371220245,1413.2601842992865,1561.1104577809335,5,0.10922679954147903,-0.035535497297701626,-0.02884391584935142,0.09929635723753366,-0.022187562885525106,-0.05690011285337932,0.003107651615542599,0.09885382410490008,-0.11329836829836831,-0.030720011171624068,-0.12666666666666665,-0.21999999999999997,0.1071994466886621,3.4024388632588636,1.6426474457034708,-2.2261150473103264,1.5978740814127605,-0.006695970695970721,-0.12804016990430167,1.0259195738419364,127.85610959910423,-50.40312598790001,0
2026_06_BAL_CLE,-0.14047780482621658,0.10930402930402924,0.1955311355311355,0.3127455877455877,0.16179653679653674,0.043227188613119014,0.05463565891472866,0.13025581395348834,0.38571067821067817,0.14804597701149422,0.2,0.5,3.0208692753623185,7.501294781180837,14.508563899868246,-1.0457633728590263,-0.5487954934381464,0.3501010101010101,3.179493398763119,0.10219603226618368,1454.499768875897,1486.4829814881596,5,0.20981550751008352,0.06691408156925394,0.1377599722427308,0.4349511599511599,0.12871354651540404,-0.034537228950464766,0.05199714735392484,0.13463877959210438,0.45608974358974363,0.1961111111111111,0.6458333333333333,0.6333333333333333,3.056052777777778,8.984870960108182,11.425806451612903,4.1736807168458805,0.6162122160176126,0.40424993643529117,3.2104524792287896,1.4775962081199467,1541.8729492343268,1468.580443508806,5,-0.3502933123363001,0.04238994773477531,0.0577711632884047,-0.12220557220557221,0.03308299028113271,0.07776441756358378,0.002638511560803816,-0.004382965638616038,-0.07037906537906546,-0.04806513409961688,-0.44583333333333325,-0.1333333333333333,-0.03518350241545942,-1.4835761789273452,3.082757448255343,-5.219444089704907,-1.165007709455759,-0.05414892633428109,-0.030959080465670752,-1.375400175853763,-87.37318035842986,17.90253797935361,0
2026_06_BUF_LV,-0.22139980166343726,0.07009659695143564,0.1778948068060971,0.35769230769230764,0.24859502262443436,-0.07070133554734855,0.10669932605416474,0.24081710743001059,0.36672268907563027,0.14374568668046925,0.4976190476190476,0.5800000000000001,2.7047899223764738,7.851810786914234,16.790267204060306,0.13011706224810116,-0.16956447791271326,0.35516589690502737,2.583374531068177,-0.04122749943785742,1438.633800272921,1486.221802502573,5,0.13452081219882434,0.07170979347707737,0.12690373550325376,0.5103030303030304,0.09789044289044288,-0.005240583738414667,0.05789039998114406,0.18310660664199677,0.3633041958041958,0.22262111801242232,0.75,0.71,2.8525478954638244,8.841728271728272,13.510860663252211,3.2540371034971662,0.9475499309319808,0.46232833214257363,3.137927779395332,0.20702988408564504,1605.8433408491608,1539.9109127172403,5,-0.3559206138622616,-0.0016131965256417358,0.05099107130284333,-0.15261072261072273,0.15070457973399148,-0.06546075180893388,0.04880892607302068,0.05771050078801382,0.003418493271434453,-0.07887543133195307,-0.2523809523809524,-0.1299999999999999,-0.1477579730873506,-0.989917484814038,3.279406540808095,-3.123920041249065,-1.117114408844694,-0.10716243523754626,-0.5545532483271551,-0.24825738352350246,-167.20954057623976,-53.68911021466738,0
2026_06_CAR_PHI,-0.06922385603506952,0.0656006433314553,0.13203723232644252,0.3842490842490842,0.16316418764302057,-0.07253222560240262,0.045050685748360145,0.10993587377308305,0.42498834498834503,0.14478578892371996,0.5833333333333333,0.6833333333333333,3.1825794514514514,9.346461433664375,12.506806806806807,-1.631707107107103,0.29767787796328976,0.3509784075573549,2.722478818965045,0.21699012497089037,1575.90579940087,1450.2878849341132,5,0.04684122227905145,0.04446196164425718,0.1177138492767988,0.2729365079365079,0.19021847717499887,-0.0828757098460731,0.069807894425891,0.11943475313594157,0.4902289377289377,0.1020009157509157,0.6333333333333333,0.6291666666666667,2.9586424641161813,7.8316344696969695,11.655941655941657,2.6239667846417802,0.7093101327846962,0.46710526315789475,3.029778721321013,-0.14132224419959993,1442.418838317235,1473.968492195916,5,-0.11606507831412097,0.021138681687198117,0.014323383049643715,0.1113125763125763,-0.027054289531978304,0.010343484243670487,-0.024757208677530854,-0.009498879362858523,-0.06524059274059268,0.04278487317280426,-0.050000000000000044,0.054166666666666696,0.22393698733527012,1.5148269639674057,0.8508651508651504,-4.255673891748883,-0.4116322548214065,-0.11612685560053987,-0.30729990235596816,0.3583123691704903,133.48696108363492,-23.680607261802834,0
2026_06_CHI_ATL,-0.09555983811719475,0.06837606837606836,0.18623931623931622,0.34893772893772895,0.15502941133200598,-0.057440293846527005,0.05694420493059173,0.14655851490791932,0.35513736263736256,0.18655677655677655,0.5444444444444444,0.4666666666666666,2.5756530571847507,6.347884756728779,13.209090909090909,-5.962798863636364,0.80136693554076,0.4347400284900285,3.263610455856103,0.8563174007818803,1473.137108563973,1502.8134860104954,5,0.09594100051518671,0.03559406646698044,0.11726837418750125,0.45917415917415916,0.11823366220649749,0.11820425152285703,0.0658020426159171,0.11876986790557284,0.41179487179487173,0.1484507465931614,0.5666666666666667,0.55,3.090012710449563,7.117608587109162,12.499663960110206,-0.0018816788350300762,0.424752179598888,0.40402750843927315,3.5595895453945516,0.364238817394773,1514.2693893634894,1529.8405584641796,5,-0.19150083863238146,0.032782001909087914,0.06897094205181498,-0.1102364302364302,0.036795749125508495,-0.17564454536938404,-0.008857837685325373,0.027788647002346484,-0.05665750915750917,0.038106029963615146,-0.022222222222222254,-0.08333333333333343,-0.5143596532648123,-0.7697238303803831,0.7094269489807026,-5.960917184801334,0.376614755941872,0.030712520050755365,-0.29597908953844865,0.49207858338710736,-41.132280799516366,-27.02707245368424,0
2026_06_DAL_GB,-0.03265951637880192,0.09940383158094153,0.205985365160557,0.3022222222222222,0.2106909430438842,-0.01069750910614597,0.056119544592030335,0.14779350946333863,0.5013533834586467,0.17890359341972242,0.3833333333333333,0.6366666666666667,2.5936859334820457,9.686648875929682,14.179601573876136,-3.796094355113545,-0.7189174293713987,0.33126550868486354,3.164201685907968,1.295096387042843,1519.72855060859,1473.7387876913774,5,0.05167619653652859,0.04212560386473428,0.135819397993311,0.47965034965034964,0.18140618002686965,0.20913841229369634,0.047018022627778724,0.15032934545129664,0.5085714285714287,0.1716331269349845,0.6833333333333333,0.58,2.7564119990127702,8.703118727598566,20.09048540950818,2.746670056797785,0.4053738322530262,0.4954744816586921,2.9476231741565395,0.4344478181269409,1479.4125045895676,1468.712886621616,5,-0.08433571291533051,0.05727822771620725,0.07016596716724599,-0.1774281274281274,0.029284763017014548,-0.21983592139984232,0.00910152196425161,-0.0025358359879580072,-0.007218045112782012,0.00727046648473792,-0.30000000000000004,0.056666666666666754,-0.16272606553072455,0.9835301483311163,-5.910883835632044,-6.54276441191133,-1.124291261624425,-0.16420897297382858,0.2165785117514285,0.860648568915902,40.31604601902245,5.025901069761403,0
2026_06_HOU_JAX,0.10075386426140646,0.048101608735517165,0.14608860548470448,0.5277777777777778,0.16204433497536944,-0.0331096008534991,0.06738504738504733,0.15318425253909124,0.29772727272727273,0.13127889654205438,0.78,0.4333333333333333,2.899371945069936,9.691080124459434,14.702513608060832,6.713023782703243,0.0487081299203385,0.37498383968972204,2.6579822268010775,-1.0473488693801714,1529.117682000888,1509.384227984726,5,-0.006309607869457843,0.046755307093752335,0.12378170921269809,0.3351347182229535,0.22492319508448538,-0.18956138143488446,0.08848386672520177,0.14657291788228885,0.4133333333333333,0.18762463343108504,0.42666666666666664,0.5466666666666666,2.9092577668680946,9.040971963171962,17.109432562521807,1.6351616870459011,0.09439783701256908,0.3751294408617063,2.3086984759227915,-0.03527831788035753,1516.1646442149806,1510.7808511362248,5,0.10706347213086431,0.00134630164176483,0.022306896272006396,0.1926430595548243,-0.06287886010911595,0.15645178058138537,-0.021098819340154437,0.006611334656802387,-0.11560606060606055,-0.05634573688903066,0.3533333333333334,-0.11333333333333334,-0.009885821798158556,0.6501081612874717,-2.4069189544609753,5.077862095657342,-0.04568970709223058,-0.00014560117198425537,0.349283750878286,-1.0120705514998138,12.953037785907327,-1.3966231514987157,0
2026_06_LAC_KC,-0.07569543658069004,0.0682976827094474,0.20098930481283422,0.3831587530116941,0.15697210041595738,-0.10187793873215371,0.0481427174975562,0.11883815109621558,0.3888888888888889,0.15339861751152073,0.56,0.4333333333333333,2.755575464535696,5.445313102956046,8.338685140937955,-3.0239418085738494,1.944313758932201,0.5360054347826086,4.092348799697803,0.8846171639165157,1544.9407810757768,1500.633082188943,5,-0.20645130234105985,0.08683353545153204,0.17790864257417732,0.3514285714285714,0.16585497835497834,-0.07268405356522459,0.06767708098353258,0.16410719656687398,0.37505827505827505,0.17809906306152132,0.46333333333333326,0.36333333333333334,2.8383926550294913,9.312933562256143,13.8081798375916,-3.226212938205582,-0.5518552781447963,0.35885093167701865,2.695385295232307,-0.9735693985954201,1500.6754590474861,1474.0309406700828,5,0.1307558657603698,-0.018535852742084635,0.0230806622386569,0.031730181583122685,-0.008882877939020956,-0.029193885166929126,-0.019534363485976376,-0.045269045470658395,0.013830613830613847,-0.024700445550000588,0.09666666666666679,0.06999999999999995,-0.08281719049379532,-3.867620459300097,-5.469494696653646,0.20227112963173255,2.4961690370769976,0.17715450310559,1.3969635044654964,1.8581865625119358,44.26532202829071,26.602141518860208,0
2026_06_NO_NYG,0.01057924991104096,0.07790360763101076,0.19972583131837077,0.4986813186813187,0.11087184873949578,-0.0977330237819958,0.029107142857142842,0.10137667887667885,0.4435314685314685,0.19707717569786534,0.4,0.6666666666666667,2.666630453819807,7.193385878489328,15.425548589341691,-1.0810194313827908,0.4200959450567212,0.4243740573152338,3.0642478777743323,0.17960202794581376,1425.449168543973,1470.0837122657506,5,0.019609789857490206,0.07209736500059076,0.13594548820355265,0.47419340463458115,0.19088000888000886,-0.040736796462710986,0.07609240695136768,0.17169987509330026,0.40212148962148964,0.15556484095614526,0.7533333333333333,0.5076190476190476,2.660659388280565,7.842335805262276,13.218176159352629,5.27847713974479,0.6611821232793184,0.39804639804639796,3.0821069857524575,0.045914003223520385,1442.5698335690824,1509.8440844460413,5,-0.009030539946449246,0.005806242630419997,0.06378034311481812,0.024487914046737558,-0.08000816014051308,-0.05699622731928482,-0.046985264094224835,-0.0703231962166214,0.041409978909978884,0.041512334741720086,-0.3533333333333333,0.1590476190476191,0.005971065539242204,-0.6489499267729482,2.2073724299890625,-6.359496571127581,-0.24108617822259715,0.026327659268835846,-0.017859107978125177,0.13368802472229338,-17.120665025109474,-39.76037218029069,0
2026_06_NYJ_NE,0.08950592208191036,0.05986700986700984,0.1327327327327327,0.3847222222222222,0.16662622244927744,-0.12052519817148843,0.07103868444681904,0.19570872014069765,0.34245337995337993,0.14193374741200826,0.5,0.26666666666666666,3.112547861471861,9.331289938556067,12.10966810966811,8.91464496392497,0.037431893668879446,0.4131944444444444,3.1827164479614756,0.6053213759231977,1519.503446401706,1548.7240141550292,5,-0.06679110061987134,0.05212008281573497,0.12768402611880866,0.35999723960250274,0.23314687685397067,0.16701834750575464,0.05238858363858362,0.09359737484737483,0.37777777777777777,0.12670760611937076,0.5999999999999999,0.86,2.8280228337428337,6.058080709678185,14.165568007031421,2.236785067217994,0.42989520067579556,0.36146353646353646,2.9994687836909817,-0.7251697090040773,1402.1811734371163,1490.470222274006,5,0.1562970227017817,0.007746927051274867,0.005048706613924037,0.02472498261971945,-0.06652065440469324,-0.28754354567724305,0.018650100808235426,0.10211134529332282,-0.035324397824397835,0.015226141292637496,-0.09999999999999987,-0.5933333333333333,0.28452502772902744,3.2732092288778816,-2.055899897363311,6.677859896706975,-0.3924633070069161,0.05173090798090796,0.18324766427049388,1.3304910849272749,117.32227296458973,58.25379188102329,0
2026_06_PIT_TB,-0.12009472579349438,0.08959489302967563,0.13489233954451343,0.41000377073906485,0.1784598997493734,-0.028582656765212378,0.05048103565750621,0.10870133999545761,0.30787545787545784,0.24678292721770972,0.3333333333333333,0.4333333333333333,3.0425924751718876,8.151198653198653,11.073338426279602,1.7226781257957762,-0.8309883687503095,0.2463908640379228,3.3387459071387937,1.2339791442030923,1464.6981591591637,1493.623056666156,5,-0.06536572261812953,0.05580474104033252,0.13978620379732612,0.3553571428571428,0.16067977915804002,-0.09413674180231622,0.10084859584859582,0.18909645909645906,0.33426573426573425,0.1921698373311276,0.26666666666666666,0.16666666666666666,2.7068973612557654,7.676974559787061,14.92291646609544,-2.839980185167362,1.296461511558681,0.46385281385281385,2.662439985479228,0.14388371302192904,1542.027379793895,1500.9518376172116,5,-0.054729003175364846,0.03379015198934311,-0.004893864252812685,0.05464662788192204,0.01778012059133338,0.06555408503710385,-0.05036756019108961,-0.08039511910100144,-0.026390276390276413,0.05461308988658212,0.06666666666666665,0.2666666666666666,0.33569511391612217,0.47422409341159266,-3.849578039815839,4.562658310963139,-2.1274498803089905,-0.21746194981489106,0.6763059216595657,1.0900954311811633,-77.32922063473143,-7.328780951055705,0
2026_06_SEA_DEN,-0.010120158321071781,0.058435708435708424,0.12951044886528756,0.40991452991452987,0.15881964087080883,-0.10991313629374826,0.0631508747092729,0.20174018269457647,0.43267825311942965,0.12654952598888522,0.5,0.4600000000000001,2.835538042997519,5.5267252832946125,10.118184868987086,-6.293163337350885,-1.0374562709627069,0.31477591036414565,3.3212441905523327,-0.16736033805280545,1576.2893472757862,1531.9088489635822,5,-0.02389999629498236,0.054910394265232934,0.13800503317318688,0.40783799533799536,0.2025396825396825,-0.17104867699316326,0.0702707373271889,0.1962058371735791,0.22309829059829056,0.14451337898413222,0.4,0.5333333333333333,2.951805066045066,6.730919580419581,15.42812742812743,5.722945454545458,0.5782498378357661,0.4143048128342246,2.9453514590844208,1.4261563549079441,1583.5729569195983,1468.3225916469034,5,0.01377983797391058,0.0035253141704754895,-0.008494584307899317,0.0020765345765345056,-0.043720041668873666,0.061135540699415,-0.007119862617916001,0.00553434552099738,0.20957996252113908,-0.017963852995247,0.09999999999999998,-0.07333333333333325,-0.1162670230475471,-1.2041942971249684,-5.309942559140344,-12.016108791896343,-1.615706108798473,-0.09952890247007895,0.3758927314679119,-1.5935166929607496,-7.283609643812042,63.58625731667871,0
2026_06_TEN_IND,-0.15108624042828028,0.048661271020253125,0.1525443973831801,0.41606060606060613,0.2139016897081413,0.07844025950379226,0.05029340499425058,0.11976495875766838,0.38618881118881115,0.13692890949483238,0.6333333333333333,0.6166666666666666,2.720156365169724,7.305004330870278,19.30402698713894,1.3523448872021935,-0.7349038868248604,0.2955741626794258,2.6750706145684466,0.46859892658084484,1469.128115962281,1530.378003428357,5,-0.13339693830228574,0.05515687211339382,0.12075834793226092,0.3517307692307692,0.10215193155302045,0.11419289401185781,0.06137697428020004,0.1180944503525148,0.41103341103341096,0.19869227994227995,0.6333333333333333,0.6833333333333333,3.1082658333333333,6.600291596638655,10.416666666666666,-3.6334680555555563,0.3826320944258958,0.44304388422035473,2.6166363840410676,0.3002418600627482,1366.7373057810041,1467.6889016730863,5,-0.017689302125994538,-0.006495601093140693,0.031786049450919174,0.06432983682983695,0.11174975815512085,-0.03575263450806555,-0.01108356928594946,0.0016705084051535785,-0.024844599844599802,-0.06176337044744756,0.0,-0.06666666666666676,-0.38810946816360925,0.7047127342316228,8.887360320472274,4.98581294275775,-1.1175359812507561,-0.1474697215409289,0.05843423052737906,0.16835706651809662,102.39081018127695,62.68910175527071,0
2026_06_WAS_SF,0.14062867328361878,0.02401315789473684,0.10380284043441934,0.568968253968254,0.0919001782531194,0.0067956155698636585,0.04945193171608262,0.13594510022616718,0.4377777777777778,0.1696140385795558,0.7333333333333333,0.2533333333333333,3.0286828877005343,7.239409884233413,13.832442067736185,5.640454149336507,0.2381007117937769,0.3723731884057971,2.992561080527955,0.11612967891674827,1563.3447140374958,1481.914364065069,5,0.03452590049008496,0.03194139194139192,0.15834757834757832,0.3695304695304695,0.18916666666666665,0.02233065967391092,0.06929292929292925,0.15583494519664728,0.44536796536796536,0.1887356731750324,0.6499999999999999,0.6766666666666665,2.9891032446996397,8.296601358608118,15.36371886508014,0.6221878532874381,0.5146372241780421,0.2666448972483455,2.6865264814964624,0.5620112119755942,1466.3668020958235,1551.0005935741895,5,0.10610277279353382,-0.007928234046655082,-0.054544737913158975,0.19943778443778454,-0.09726648841354725,-0.015535044104047262,-0.019840997576846632,-0.019889844970480103,-0.007590187590187536,-0.01912163459547661,0.08333333333333337,-0.42333333333333323,0.03957964300089456,-1.0571914743747053,-1.5312767973439545,5.0182662960490685,-0.27653651238426524,0.10572829115745158,0.30603459903149277,-0.4458815330588459,96.97791194167235,-69.08622950912036,0
2026_07_CIN_BAL,0.20981550751008352,0.06691408156925394,0.1377599722427308,0.4349511599511599,0.12871354651540404,-0.034537228950464766,0.05199714735392484,0.13463877959210438,0.45608974358974363,0.1961111111111111,0.6458333333333333,0.6333333333333333,3.056052777777778,8.984870960108182,11.425806451612903,4.1736807168458805,0.6162122160176126,0.40424993643529117,3.2104524792287896,1.4775962081199467,1541.8729492343268,1468.580443508806,5,0.007378612192010281,0.06211965510604193,0.155200441507872,0.5147186147186147,0.11693801538962827,-0.10340136170818055,0.10596028255364517,0.19975298769381136,0.393072613660849,0.1613408521303258,0.73,0.26666666666666666,2.6132930211317307,6.515603786000845,11.322034547841,4.03574950675596,0.17913442964720805,0.42332167832167833,2.607416246655673,1.1477605267968831,1497.261764224703,1523.094047421898,5,0.20243689531807324,0.004794426463212008,-0.0174404692651412,-0.07976745476745478,0.01177553112577577,0.06886413275771579,-0.05396313519972033,-0.06511420810170698,0.06301712992889463,0.034770258980785285,-0.08416666666666672,0.36666666666666664,0.4427597566460473,2.469267174107337,0.1037719037719036,0.1379312100899206,0.4370777863704045,-0.01907174188638716,0.6030362325731167,0.3298356813230636,44.611185009623796,-54.51360391309208,0
2026_07_CLE_TEN,-0.13339693830228574,0.05515687211339382,0.12075834793226092,0.3517307692307692,0.10215193155302045,0.11419289401185781,0.06137697428020004,0.1180944503525148,0.41103341103341096,0.19869227994227995,0.6333333333333333,0.6833333333333333,3.1082658333333333,6.600291596638655,10.416666666666666,-3.6334680555555563,0.3826320944258958,0.44304388422035473,2.6166363840410676,0.3002418600627482,1366.7373057810041,1467.6889016730863,5,-0.14047780482621658,0.10930402930402924,0.1955311355311355,0.3127455877455877,0.16179653679653674,0.043227188613119014,0.05463565891472866,0.13025581395348834,0.38571067821067817,0.14804597701149422,0.2,0.5,3.0208692753623185,7.501294781180837,14.508563899868246,-1.0457633728590263,-0.5487954934381464,0.3501010101010101,3.179493398763119,0.10219603226618368,1454.499768875897,1486.4829814881596,5,0.007080866523930834,-0.054147157190635425,-0.07477278759887457,0.038985181485181486,-0.059644605243516294,0.0709657053987388,0.00674131536547138,-0.012161363600973543,0.025322732822732785,0.05064630293078573,0.4333333333333333,0.18333333333333335,0.08739655797101475,-0.9010031845421818,-4.09189723320158,-2.58770468269653,0.9314275878640421,0.09294287411934465,-0.5628570147220513,0.19804582779656454,-87.76246309489284,-18.794079815073246,0
2026_07_DAL_PHI,-0.06922385603506952,0.0656006433314553,0.13203723232644252,0.3842490842490842,0.16316418764302057,-0.07253222560240262,0.045050685748360145,0.10993587377308305,0.42498834498834503,0.14478578892371996,0.5833333333333333,0.6833333333333333,3.1825794514514514,9.346461433664375,12.506806806806807,-1.631707107107103,0.29767787796328976,0.3509784075573549,2.722478818965045,0.21699012497089037,1575.90579940087,1450.2878849341132,5,0.05167619653652859,0.04212560386473428,0.135819397993311,0.47965034965034964,0.18140618002686965,0.20913841229369634,0.047018022627778724,0.15032934545129664,0.5085714285714287,0.1716331269349845,0.6833333333333333,0.58,2.7564119990127702,8.703118727598566,20.09048540950818,2.746670056797785,0.4053738322530262,0.4954744816586921,2.9476231741565395,0.4344478181269409,1479.4125045895676,1468.712886621616,5,-0.12090005257159811,0.023475039466721012,-0.003782165666868481,-0.09540126540126542,-0.018241992383849076,-0.281670637896099,-0.0019673368794185797,-0.0403934716782136,-0.08358308358308364,-0.026847338011264543,-0.10000000000000009,0.10333333333333339,0.42616745243868115,0.643342706065809,-7.583678602701372,-4.378377163904888,-0.10769595428973644,-0.14449607410133725,-0.22514435519149467,-0.2174576931560505,96.49329481130235,-18.4250016875028,0
2026_07_DEN_ARI,-0.004516598095505464,0.07509079586792869,0.1886946307358106,0.3611888111888112,0.13125588586689152,0.10158007038260801,0.04406245967221574,0.10553232675183892,0.5301648351648351,0.14753386398547685,0.6,0.7533333333333333,2.7732183269471693,6.782202535282536,17.526514461998335,4.724107595543078,-0.1550086854498449,0.4464285714285714,2.870394177475923,0.502828371220245,1413.2601842992865,1561.1104577809335,5,-0.010120158321071781,0.058435708435708424,0.12951044886528756,0.40991452991452987,0.15881964087080883,-0.10991313629374826,0.0631508747092729,0.20174018269457647,0.43267825311942965,0.12654952598888522,0.5,0.4600000000000001,2.835538042997519,5.5267252832946125,10.118184868987086,-6.293163337350885,-1.0374562709627069,0.31477591036414565,3.3212441905523327,-0.16736033805280545,1576.2893472757862,1531.9088489635822,5,0.005603560225566317,0.016655087432220265,0.059184181870523045,-0.04872571872571868,-0.027563755003917306,0.21149320667635627,-0.01908841503705716,-0.09620785594273755,0.0974865820454055,0.020984337996591634,0.09999999999999998,0.2933333333333332,-0.062319716050349694,1.2554772519879238,7.408329593011249,11.017270932893963,0.882447585512862,0.13165266106442575,-0.4508500130764097,0.6701887092730505,-163.02916297649972,29.20160881735137,0
2026_07_GB_DET,0.014733188799656733,0.07691607611263274,0.19042664811674853,0.41338661338661337,0.2186339586339586,0.026335779857456172,0.10969401765282769,0.1829858704732846,0.47663512957630605,0.12870767828662563,0.7699999999999999,0.8933333333333333,2.734245083198713,6.95498338935099,16.37665948691357,0.8577093442326026,0.07738189464968279,0.41280903407945146,3.1233445981750108,0.06288153960157472,1560.1206859725398,1481.7771868921918,5,-0.03265951637880192,0.09940383158094153,0.205985365160557,0.3022222222222222,0.2106909430438842,-0.01069750910614597,0.056119544592030335,0.14779350946333863,0.5013533834586467,0.17890359341972242,0.3833333333333333,0.6366666666666667,2.5936859334820457,9.686648875929682,14.179601573876136,-3.796094355113545,-0.7189174293713987,0.33126550868486354,3.164201685907968,1.295096387042843,1519.72855060859,1473.7387876913774,5,0.04739270517845865,-0.022487755468308793,-0.015558717043808457,0.11116439116439114,0.007943015590074404,0.03703328896360214,0.05357447306079735,0.035192361009945966,-0.024718253882340613,-0.05019591513309679,0.3866666666666666,0.2566666666666666,0.14055914971666716,-2.7316654865786925,2.197057913037435,4.653803699346147,0.7962993240210815,0.08154352539458792,-0.040857087732957265,-1.2322148474412682,40.39213536394982,8.03839920081441,0
2026_07_IND_MIN,-0.12086809944527062,0.12976660341555976,0.19429728020240353,0.2715934065934066,0.15488879983971143,-0.19760512347827358,0.1394610442268105,0.259010666833011,0.261624649859944,0.20352760459022315,0.5125,0.25,2.8399270257634344,8.058213506493507,13.043793892527422,-4.247111435729502,-0.08717932318430144,0.3664227526759496,3.0605804021590814,0.722920827903586,1573.704718427861,1506.8078571131275,5,-0.15108624042828028,0.048661271020253125,0.1525443973831801,0.41606060606060613,0.2139016897081413,0.07844025950379226,0.05029340499425058,0.11976495875766838,0.38618881118881115,0.13692890949483238,0.6333333333333333,0.6166666666666666,2.720156365169724,7.305004330870278,19.30402698713894,1.3523448872021935,-0.7349038868248604,0.2955741626794258,2.6750706145684466,0.46859892658084484,1469.128115962281,1530.378003428357,5,0.030218140983009664,0.08110533239530664,0.04175288281922343,-0.14446719946719955,-0.05901288986842987,-0.2760453829820658,0.08916763923255991,0.13924570807534262,-0.12456416132886716,0.06659869509539076,-0.12083333333333335,-0.3666666666666666,0.11977066059371033,0.7532091756232289,-6.260233094611518,-5.599456322931696,0.647724563640559,0.07084858999652377,0.3855097875906348,0.2543219013227412,104.57660246557998,-23.570146315229522,0
2026_07_KC_SEA,-0.02389999629498236,0.054910394265232934,0.13800503317318688,0.40783799533799536,0.2025396825396825,-0.17104867699316326,0.0702707373271889,0.1962058371735791,0.22309829059829056,0.14451337898413222,0.4,0.5333333333333333,2.951805066045066,6.730919580419581,15.42812742812743,5.722945454545458,0.5782498378357661,0.4143048128342246,2.9453514590844208,1.4261563549079441,1583.5729569195983,1468.3225916469034,5,-0.07569543658069004,0.0682976827094474,0.20098930481283422,0.3831587530116941,0.15697210041595738,-0.10187793873215371,0.0481427174975562,0.11883815109621558,0.3888888888888889,0.15339861751152073,0.56,0.4333333333333333,2.755575464535696,5.445313102956046,8.338685140937955,-3.0239418085738494,1.944313758932201,0.5360054347826086,4.092348799697803,0.8846171639165157,1544.9407810757768,1500.633082188943,5,0.05179544028570768,-0.013387288444214468,-0.06298427163964734,0.024679242326301254,0.04556758212372511,-0.06917073826100954,0.0221280198296327,0.07736768607736351,-0.16579059829059833,-0.008885238527388511,-0.16000000000000003,0.10000000000000003,0.19622960150937008,1.285606477463535,7.089442287189476,8.746887263119309,-1.366063921096435,-0.12170062194838405,-1.1469973406133827,0.5415391909914284,38.632175843821415,-32.31049054203959,0
2026_07_LA_LV,-0.22139980166343726,0.07009659695143564,0.1778948068060971,0.35769230769230764,0.24859502262443436,-0.07070133554734855,0.10669932605416474,0.24081710743001059,0.36672268907563027,0.14374568668046925,0.4976190476190476,0.5800000000000001,2.7047899223764738,7.851810786914234,16.790267204060306,0.13011706224810116,-0.16956447791271326,0.35516589690502737,2.583374531068177,-0.04122749943785742,1438.633800272921,1486.221802502573,5,0.10471020144597357,0.03955529857022706,0.1598507148864592,0.46048516842634485,0.10906832298136641,0.04467995752922869,0.04717011128775834,0.204386150856739,0.41686646686646683,0.11681385281385279,0.47333333333333333,0.5333333333333333,2.8804177736358314,10.1846413985414,19.169161907701806,2.4979925482327516,1.4428653959629156,0.4397326007326007,2.7423540075716213,1.5287479450621815,1541.1162938983907,1510.7073317930335,5,-0.32611000310941085,0.030541298381208573,0.018044091919637906,-0.1027928607340372,0.13952669964306796,-0.11538129307657724,0.0595292147664064,0.03643095657327158,-0.05014377779083656,0.02693183386661646,0.0242857142857143,0.046666666666666745,-0.17562785125935765,-2.332830611627166,-2.3788947036414996,-2.3678754859846505,-1.6124298738756289,-0.08456670382757331,-0.15897947650344424,-1.569975444500039,-102.48249362546971,-24.48552929046059,0
2026_07_MIA_NYJ,-0.06679110061987134,0.05212008281573497,0.12768402611880866,0.35999723960250274,0.23314687685397067,0.16701834750575464,0.05238858363858362,0.09359737484737483,0.37777777777777777,0.12670760611937076,0.5999999999999999,0.86,2.8280228337428337,6.058080709678185,14.165568007031421,2.236785067217994,0.42989520067579556,0.36146353646353646,2.9994687836909817,-0.7251697090040773,1402.1811734371163,1490.470222274006,5,-0.17883163463443488,0.09826512226512224,0.16598198198198194,0.3769230769230769,0.20317859349894946,0.10146890321369625,0.012,0.10633179723502302,0.5042124542124542,0.22219117647058823,0.3333333333333333,0.8033333333333333,2.8904229761381943,9.207920973712278,22.411067193675887,0.5478607085346233,-0.590892341058445,0.355241868554562,3.1345522948545153,0.4338065991400663,1456.047333785131,1496.20555010898,5,0.11204053401456354,-0.04614503944938727,-0.03829795586317328,-0.016925837320574177,0.02996828335502122,0.06554944429205839,0.04038858363858362,-0.012734422387648187,-0.12643467643467643,-0.09548357035121746,0.26666666666666655,0.05666666666666664,-0.062400142395360625,-3.1498402640340935,-8.245499186644466,1.6889243586833707,1.0207875417342405,0.0062216679089744376,-0.13508351116353357,-1.1589763081441435,-53.86616034801477,-5.735327834974214,0
2026_07_NE_CHI,0.09594100051518671,0.03559406646698044,0.11726837418750125,0.45917415917415916,0.11823366220649749,0.11820425152285703,0.0658020426159171,0.11876986790557284,0.41179487179487173,0.1484507465931614,0.5666666666666667,0.55,3.090012710449563,7.117608587109162,12.499663960110206,-0.0018816788350300762,0.424752179598888,0.40402750843927315,3.5595895453945516,0.364238817394773,1514.2693893634894,1529.8405584641796,5,0.08950592208191036,0.05986700986700984,0.1327327327327327,0.3847222222222222,0.16662622244927744,-0.12052519817148843,0.07103868444681904,0.19570872014069765,0.34245337995337993,0.14193374741200826,0.5,0.26666666666666666,3.112547861471861,9.331289938556067,12.10966810966811,8.91464496392497,0.037431893668879446,0.4131944444444444,3.1827164479614756,0.6053213759231977,1519.503446401706,1548.7240141550292,5,0.006435078433276356,-0.024272943400029397,-0.015464358545231455,0.07445193695193697,-0.04839256024277995,0.23872944969434545,-0.005236641830901945,-0.07693885223512481,0.0693414918414918,0.006516999181153144,0.06666666666666665,0.2833333333333334,-0.022535151022298194,-2.2136813514469047,0.38999585044209617,-8.91652664276,0.38732028593000856,-0.009166936005171267,0.37687309743307607,-0.2410825585284247,-5.234057038216633,-18.883455690849587,0
2026_07_NYG_HOU,-0.006309607869457843,0.046755307093752335,0.12378170921269809,0.3351347182229535,0.22492319508448538,-0.18956138143488446,0.08848386672520177,0.14657291788228885,0.4133333333333333,0.18762463343108504,0.42666666666666664,0.5466666666666666,2.9092577668680946,9.040971963171962,17.109432562521807,1.6351616870459011,0.09439783701256908,0.3751294408617063,2.3086984759227915,-0.03527831788035753,1516.1646442149806,1510.7808511362248,5,0.01057924991104096,0.07790360763101076,0.19972583131837077,0.4986813186813187,0.11087184873949578,-0.0977330237819958,0.029107142857142842,0.10137667887667885,0.4435314685314685,0.19707717569786534,0.4,0.6666666666666667,2.666630453819807,7.193385878489328,15.425548589341691,-1.0810194313827908,0.4200959450567212,0.4243740573152338,3.0642478777743323,0.17960202794581376,1425.449168543973,1470.0837122657506,5,-0.016888857780498805,-0.031148300537258422,-0.07594412210567268,-0.16354660045836522,0.1140513463449896,-0.09182835765288866,0.05937672386805892,0.04519623900561,-0.030198135198135245,-0.0094525422667803,0.026666666666666616,-0.1200000000000001,0.24262731304828744,1.8475860846826349,1.6838839731801158,2.716181118428692,-0.3256981080441521,-0.04924461645352751,-0.7555494018515407,-0.2148803458261713,90.71547567100765,40.69713887047419,0
2026_07_PIT_NO,0.019609789857490206,0.07209736500059076,0.13594548820355265,0.47419340463458115,0.19088000888000886,-0.040736796462710986,0.07609240695136768,0.17169987509330026,0.40212148962148964,0.15556484095614526,0.7533333333333333,0.5076190476190476,2.660659388280565,7.842335805262276,13.218176159352629,5.27847713974479,0.6611821232793184,0.39804639804639796,3.0821069857524575,0.045914003223520385,1442.5698335690824,1509.8440844460413,5,-0.06536572261812953,0.05580474104033252,0.13978620379732612,0.3553571428571428,0.16067977915804002,-0.09413674180231622,0.10084859584859582,0.18909645909645906,0.33426573426573425,0.1921698373311276,0.26666666666666666,0.16666666666666666,2.7068973612557654,7.676974559787061,14.92291646609544,-2.839980185167362,1.296461511558681,0.46385281385281385,2.662439985479228,0.14388371302192904,1542.027379793895,1500.9518376172116,5,0.08497551247561974,0.01629262396025824,-0.0038407155937734694,0.11883626177743833,0.03020022972196884,0.05339994533960524,-0.024756188897228137,-0.0173965840031588,0.06785575535575539,-0.03660499637498235,0.48666666666666664,0.340952380952381,-0.04623797297520049,0.16536124547521514,-1.7047403067428117,8.118457324912152,-0.6352793882793627,-0.06580641580641589,0.41966700027322945,-0.09796970979840866,-99.45754622481263,8.892246828829684,0
2026_07_SF_ATL,-0.09555983811719475,0.06837606837606836,0.18623931623931622,0.34893772893772895,0.15502941133200598,-0.057440293846527005,0.05694420493059173,0.14655851490791932,0.35513736263736256,0.18655677655677655,0.5444444444444444,0.4666666666666666,2.5756530571847507,6.347884756728779,13.209090909090909,-5.962798863636364,0.80136693554076,0.4347400284900285,3.263610455856103,0.8563174007818803,1473.137108563973,1502.8134860104954,5,0.14062867328361878,0.02401315789473684,0.10380284043441934,0.568968253968254,0.0919001782531194,0.0067956155698636585,0.04945193171608262,0.13594510022616718,0.4377777777777778,0.1696140385795558,0.7333333333333333,0.2533333333333333,3.0286828877005343,7.239409884233413,13.832442067736185,5.640454149336507,0.2381007117937769,0.3723731884057971,2.992561080527955,0.11612967891674827,1563.3447140374958,1481.914364065069,5,-0.23618851140081354,0.044362910481331515,0.08243647580489688,-0.22003052503052506,0.06312923307888658,-0.06423590941639067,0.007492273214509106,0.010613414681752142,-0.08264041514041526,0.016942737977220762,-0.18888888888888888,0.21333333333333332,-0.4530298305157836,-0.8915251275046341,-0.623351158645276,-11.603253012972871,0.5632662237469831,0.062366840084231434,0.27104937532814777,0.740187721865132,-90.20760547352279,20.89912194542626,0
2026_07_TB_CAR,0.04684122227905145,0.04446196164425718,0.1177138492767988,0.2729365079365079,0.19021847717499887,-0.0828757098460731,0.069807894425891,0.11943475313594157,0.4902289377289377,0.1020009157509157,0.6333333333333333,0.6291666666666667,2.9586424641161813,7.8316344696969695,11.655941655941657,2.6239667846417802,0.7093101327846962,0.46710526315789475,3.029778721321013,-0.14132224419959993,1442.418838317235,1473.968492195916,5,-0.12009472579349438,0.08959489302967563,0.13489233954451343,0.41000377073906485,0.1784598997493734,-0.028582656765212378,0.05048103565750621,0.10870133999545761,0.30787545787545784,0.24678292721770972,0.3333333333333333,0.4333333333333333,3.0425924751718876,8.151198653198653,11.073338426279602,1.7226781257957762,-0.8309883687503095,0.2463908640379228,3.3387459071387937,1.2339791442030923,1464.6981591591637,1493.623056666156,5,0.16693594807254583,-0.045132931385418455,-0.017178490267714633,-0.13706726280255693,0.011758577425625472,-0.05429305308086073,0.01932685876838479,0.010733413140483955,0.18235347985347988,-0.14478201146679404,0.3,0.19583333333333336,-0.08395001105570632,-0.3195641835016838,0.5826032296620554,0.9012886588460041,1.5402985015350057,0.22071439911997195,-0.3089671858177807,-1.3753013884026921,-22.279320841928666,-19.654564470239848,0
2026_08_ARI_DAL,0.05167619653652859,0.04212560386473428,0.135819397993311,0.47965034965034964,0.18140618002686965,0.20913841229369634,0.047018022627778724,0.15032934545129664,0.5085714285714287,0.1716331269349845,0.6833333333333333,0.58,2.7564119990127702,8.703118727598566,20.09048540950818,2.746670056797785,0.4053738322530262,0.4954744816586921,2.9476231741565395,0.4344478181269409,1479.4125045895676,1468.712886621616,5,-0.004516598095505464,0.07509079586792869,0.1886946307358106,0.3611888111888112,0.13125588586689152,0.10158007038260801,0.04406245967221574,0.10553232675183892,0.5301648351648351,0.14753386398547685,0.6,0.7533333333333333,2.7732183269471693,6.782202535282536,17.526514461998335,4.724107595543078,-0.1550086854498449,0.4464285714285714,2.870394177475923,0.502828371220245,1413.2601842992865,1561.1104577809335,5,0.056192794632034054,-0.03296519200319441,-0.05287523274249961,0.11846153846153845,0.050150294159978126,0.10755834191108833,0.0029555629555629848,0.04479701869945772,-0.021593406593406472,0.02409926294950765,0.08333333333333337,-0.17333333333333334,-0.016806327934399068,1.9209161923160298,2.5639709475098442,-1.977437538745293,0.5603825177028711,0.049045910230120726,0.07722899668061656,-0.06838055309330415,66.15232029028107,-92.39757115931752,0
2026_08_ATL_TB,-0.12009472579349438,0.08959489302967563,0.13489233954451343,0.41000377073906485,0.1784598997493734,-0.028582656765212378,0.05048103565750621,0.10870133999545761,0.30787545787545784,0.24678292721770972,0.3333333333333333,0.4333333333333333,3.0425924751718876,8.151198653198653,11.073338426279602,1.7226781257957762,-0.8309883687503095,0.2463908640379228,3.3387459071387937,1.2339791442030923,1464.6981591591637,1493.623056666156,5,-0.09555983811719475,0.06837606837606836,0.18623931623931622,0.34893772893772895,0.15502941133200598,-0.057440293846527005,0.05694420493059173,0.14655851490791932,0.35513736263736256,0.18655677655677655,0.5444444444444444,0.4666666666666666,2.5756530571847507,6.347884756728779,13.209090909090909,-5.962798863636364,0.80136693554076,0.4347400284900285,3.263610455856103,0.8563174007818803,1473.137108563973,1502.8134860104954,5,-0.024534887676299633,0.021218824653607277,-0.05134697669480279,0.0610660418013359,0.023430488417367418,0.028857637081314627,-0.006463169273085517,-0.03785717491246171,-0.04726190476190473,0.060226150660933175,-0.21111111111111108,-0.033333333333333326,0.4669394179871369,1.8033138964698745,-2.1357524828113075,7.685476989432139,-1.6323553042910695,-0.18834916445210573,0.07513545128269072,0.37766174342121195,-8.438949404809364,-9.190429344339464,0
2026_08_BAL_BUF,0.13452081219882434,0.07170979347707737,0.12690373550325376,0.5103030303030304,0.09789044289044288,-0.005240583738414667,0.05789039998114406,0.18310660664199677,0.3633041958041958,0.22262111801242232,0.75,0.71,2.8525478954638244,8.841728271728272,13.510860663252211,3.2540371034971662,0.9475499309319808,0.46232833214257363,3.137927779395332,0.20702988408564504,1605.8433408491608,1539.9109127172403,5,0.20981550751008352,0.06691408156925394,0.1377599722427308,0.4349511599511599,0.12871354651540404,-0.034537228950464766,0.05199714735392484,0.13463877959210438,0.45608974358974363,0.1961111111111111,0.6458333333333333,0.6333333333333333,3.056052777777778,8.984870960108182,11.425806451612903,4.1736807168458805,0.6162122160176126,0.40424993643529117,3.2104524792287896,1.4775962081199467,1541.8729492343268,1468.580443508806,5,-0.07529469531125918,0.004795711907823436,-0.010856236739477026,0.07535187035187046,-0.030823103624961157,0.0292966452120501,0.005893252627219216,0.04846782704989239,-0.09278554778554782,0.026510006901311223,0.10416666666666674,0.07666666666666666,-0.20350488231395358,-0.1431426883799105,2.0850542116393083,-0.9196436133487143,0.33133771491436825,0.05807839570728246,-0.07252469983345744,-1.2705663240343017,63.97039161483394,71.33046920843435,0
2026_08_CAR_GB,-0.03265951637880192,0.09940383158094153,0.205985365160557,0.3022222222222222,0.2106909430438842,-0.01069750910614597,0.056119544592030335,0.14779350946333863,0.5013533834586467,0.17890359341972242,0.3833333333333333,0.6366666666666667,2.5936859334820457,9.686648875929682,14.179601573876136,-3.796094355113545,-0.7189174293713987,0.33126550868486354,3.164201685907968,1.295096387042843,1519.72855060859,1473.7387876913774,5,0.04684122227905145,0.04446196164425718,0.1177138492767988,0.2729365079365079,0.19021847717499887,-0.0828757098460731,0.069807894425891,0.11943475313594157,0.4902289377289377,0.1020009157509157,0.6333333333333333,0.6291666666666667,2.9586424641161813,7.8316344696969695,11.655941655941657,2.6239667846417802,0.7093101327846962,0.46710526315789475,3.029778721321013,-0.14132224419959993,1442.418838317235,1473.968492195916,5,-0.07950073865785337,0.05494186993668435,0.08827151588375819,0.029285714285714304,0.02047246586888532,0.07217820073992713,-0.013688349833860664,0.028358756327397067,0.011124445729708943,0.07690267766880672,-0.25,0.007500000000000062,-0.3649565306341356,1.855014406232713,2.523659917934479,-6.420061139755325,-1.428227562156095,-0.1358397544730312,0.13442296458695502,1.436418631242443,77.30971229135503,-0.22970450453863123,0
2026_08_CHI_SEA,-0.02389999629498236,0.054910394265232934,0.13800503317318688,0.40783799533799536,0.2025396825396825,-0.17104867699316326,0.0702707373271889,0.1962058371735791,0.22309829059829056,0.14451337898413222,0.4,0.5333333333333333,2.951805066045066,6.730919580419581,15.42812742812743,5.722945454545458,0.5782498378357661,0.4143048128342246,2.9453514590844208,1.4261563549079441,1583.5729569195983,1468.3225916469034,5,0.09594100051518671,0.03559406646698044,0.11726837418750125,0.45917415917415916,0.11823366220649749,0.11820425152285703,0.0658020426159171,0.11876986790557284,0.41179487179487173,0.1484507465931614,0.5666666666666667,0.55,3.090012710449563,7.117608587109162,12.499663960110206,-0.0018816788350300762,0.424752179598888,0.40402750843927315,3.5595895453945516,0.364238817394773,1514.2693893634894,1529.8405584641796,5,-0.11984099681016908,0.019316327798252493,0.020736658985685635,-0.051336163836163795,0.084306020333185,-0.2892529285160203,0.004468694711271801,0.07743596926800625,-0.18869658119658117,-0.003937367609029185,-0.16666666666666663,-0.01666666666666672,-0.13820764440449684,-0.38668900668958095,2.928463468017224,5.724827133380488,0.1534976582368781,0.010277304394951448,-0.6142380863101309,1.061917537513171,69.30356755610887,-61.51796681727615,0
2026_08_CLE_PIT,-0.06536572261812953,0.05580474104033252,0.13978620379732612,0.3553571428571428,0.16067977915804002,-0.09413674180231622,0.10084859584859582,0.18909645909645906,0.33426573426573425,0.1921698373311276,0.26666666666666666,0.16666666666666666,2.7068973612557654,7.676974559787061,14.92291646609544,-2.839980185167362,1.296461511558681,0.46385281385281385,2.662439985479228,0.14388371302192904,1542.027379793895,1500.9518376172116,5,-0.14047780482621658,0.10930402930402924,0.1955311355311355,0.3127455877455877,0.16179653679653674,0.043227188613119014,0.05463565891472866,0.13025581395348834,0.38571067821067817,0.14804597701149422,0.2,0.5,3.0208692753623185,7.501294781180837,14.508563899868246,-1.0457633728590263,-0.5487954934381464,0.3501010101010101,3.179493398763119,0.10219603226618368,1454.499768875897,1486.4829814881596,5,0.07511208220808704,-0.05349928826369672,-0.05574493173380937,0.04261155511155512,-0.0011167576384967237,-0.13736393041543524,0.04621293693386716,0.058840645142970716,-0.05144494394494392,0.04412386031963339,0.06666666666666665,-0.33333333333333337,-0.3139719141065531,0.17567977860622364,0.4143525662271941,-1.7942168123083357,1.8452570049968275,0.11375180375180377,-0.5170534132838909,0.04168768075574536,87.52761091799812,14.468856129052028,0
2026_08_IND_JAX,0.10075386426140646,0.048101608735517165,0.14608860548470448,0.5277777777777778,0.16204433497536944,-0.0331096008534991,0.06738504738504733,0.15318425253909124,0.29772727272727273,0.13127889654205438,0.78,0.4333333333333333,2.899371945069936,9.691080124459434,14.702513608060832,6.713023782703243,0.0487081299203385,0.37498383968972204,2.6579822268010775,-1.0473488693801714,1529.117682000888,1509.384227984726,5,-0.15108624042828028,0.048661271020253125,0.1525443973831801,0.41606060606060613,0.2139016897081413,0.07844025950379226,0.05029340499425058,0.11976495875766838,0.38618881118881115,0.13692890949483238,0.6333333333333333,0.6166666666666666,2.720156365169724,7.305004330870278,19.30402698713894,1.3523448872021935,-0.7349038868248604,0.2955741626794258,2.6750706145684466,0.46859892658084484,1469.128115962281,1530.378003428357,5,0.25184010468968676,-0.0005596622847359595,-0.006455791898475616,0.11171717171717166,-0.051857354732771865,-0.11154986035729136,0.017091642390796753,0.03341929378142286,-0.08846153846153842,-0.005650012952778005,0.14666666666666672,-0.1833333333333333,0.17921557990021197,2.386075793589156,-4.601513379078108,5.360678895501049,0.7836120167451989,0.07940967701029622,-0.017088387767369095,-1.5159477959610161,59.98956603860688,-20.993775443630966,0
2026_08_KC_DEN,-0.010120158321071781,0.058435708435708424,0.12951044886528756,0.40991452991452987,0.15881964087080883,-0.10991313629374826,0.0631508747092729,0.20174018269457647,0.43267825311942965,0.12654952598888522,0.5,0.4600000000000001,2.835538042997519,5.5267252832946125,10.118184868987086,-6.293163337350885,-1.0374562709627069,0.31477591036414565,3.3212441905523327,-0.16736033805280545,1576.2893472757862,1531.9088489635822,5,-0.07569543658069004,0.0682976827094474,0.20098930481283422,0.3831587530116941,0.15697210041595738,-0.10187793873215371,0.0481427174975562,0.11883815109621558,0.3888888888888889,0.15339861751152073,0.56,0.4333333333333333,2.755575464535696,5.445313102956046,8.338685140937955,-3.0239418085738494,1.944313758932201,0.5360054347826086,4.092348799697803,0.8846171639165157,1544.9407810757768,1500.633082188943,5,0.06557527825961826,-0.009861974273738978,-0.07147885594754666,0.02675577690283576,0.001847540454851443,-0.008035197561594543,0.0150081572117167,0.08290203159836089,0.04378936423054075,-0.02684909152263551,-0.06000000000000005,0.026666666666666783,0.07996257846182298,0.08141218033856656,1.7794997280491316,-3.2692215287770354,-2.981770029894908,-0.221229524418463,-0.7711046091454707,-1.0519775019693212,31.348566200009373,31.275766774639123,0
2026_08_LAC_LA,0.10471020144597357,0.03955529857022706,0.1598507148864592,0.46048516842634485,0.10906832298136641,0.04467995752922869,0.04717011128775834,0.204386150856739,0.41686646686646683,0.11681385281385279,0.47333333333333333,0.5333333333333333,2.8804177736358314,10.1846413985414,19.169161907701806,2.4979925482327516,1.4428653959629156,0.4397326007326007,2.7423540075716213,1.5287479450621815,1541.1162938983907,1510.7073317930335,5,-0.20645130234105985,0.08683353545153204,0.17790864257417732,0.3514285714285714,0.16585497835497834,-0.07268405356522459,0.06767708098353258,0.16410719656687398,0.37505827505827505,0.17809906306152132,0.46333333333333326,0.36333333333333334,2.8383926550294913,9.312933562256143,13.8081798375916,-3.226212938205582,-0.5518552781447963,0.35885093167701865,2.695385295232307,-0.9735693985954201,1500.6754590474861,1474.0309406700828,5,0.31116150378703344,-0.047278236881304975,-0.018057927687718134,0.10905659699777343,-0.056786655373611925,0.11736401109445327,-0.020506969695774237,0.04027895428986503,0.041808191808191786,-0.06128521024766853,0.010000000000000064,0.16999999999999998,0.04202511860634006,0.8717078362852568,5.3609820701102056,5.724205486438334,1.994720674107712,0.08088166905558203,0.04696871233931432,2.5023173436576016,40.440834850904594,36.67639112295069,0
2026_08_LV_NYJ,-0.06679110061987134,0.05212008281573497,0.12768402611880866,0.35999723960250274,0.23314687685397067,0.16701834750575464,0.05238858363858362,0.09359737484737483,0.37777777777777777,0.12670760611937076,0.5999999999999999,0.86,2.8280228337428337,6.058080709678185,14.165568007031421,2.236785067217994,0.42989520067579556,0.36146353646353646,2.9994687836909817,-0.7251697090040773,1402.1811734371163,1490.470222274006,5,-0.22139980166343726,0.07009659695143564,0.1778948068060971,0.35769230769230764,0.24859502262443436,-0.07070133554734855,0.10669932605416474,0.24081710743001059,0.36672268907563027,0.14374568668046925,0.4976190476190476,0.5800000000000001,2.7047899223764738,7.851810786914234,16.790267204060306,0.13011706224810116,-0.16956447791271326,0.35516589690502737,2.583374531068177,-0.04122749943785742,1438.633800272921,1486.221802502573,5,0.15460870104356592,-0.017976514135700665,-0.05021078068728843,0.002304931910195096,-0.01544814577046369,0.2377196830531032,-0.05431074241558112,-0.14721973258263577,0.011055088702147498,-0.017038080561098484,0.10238095238095224,0.2799999999999999,0.12323291136635994,-1.7937300772360487,-2.6246991970288853,2.106668004969893,0.5994596785885088,0.006297639558509094,0.41609425262280464,-0.6839422095662199,-36.45262683580472,4.248419771432964,0
2026_08_MIN_DET,0.014733188799656733,0.07691607611263274,0.19042664811674853,0.41338661338661337,0.2186339586339586,0.026335779857456172,0.10969401765282769,0.1829858704732846,0.47663512957630605,0.12870767828662563,0.7699999999999999,0.8933333333333333,2.734245083198713,6.95498338935099,16.37665948691357,0.8577093442326026,0.07738189464968279,0.41280903407945146,3.1233445981750108,0.06288153960157472,1560.1206859725398,1481.7771868921918,5,-0.12086809944527062,0.12976660341555976,0.19429728020240353,0.2715934065934066,0.15488879983971143,-0.19760512347827358,0.1394610442268105,0.259010666833011,0.261624649859944,0.20352760459022315,0.5125,0.25,2.8399270257634344,8.058213506493507,13.043793892527422,-4.247111435729502,-0.08717932318430144,0.3664227526759496,3.0605804021590814,0.722920827903586,1573.704718427861,1506.8078571131275,5,0.13560128824492734,-0.052850527302927025,-0.003870632085654996,0.14179320679320678,0.06374515879424716,0.22394090333572975,-0.029767026573982808,-0.0760247963597264,0.21501047971636206,-0.07481992630359752,0.25749999999999995,0.6433333333333333,-0.10568194256472152,-1.103230117142517,3.332865594386149,5.104820779962104,0.16456121783398422,0.04638628140350187,0.06276419601592931,-0.6600392883020113,-13.584032455321221,-25.03067022093569,0
2026_08_NE_MIA,-0.17883163463443488,0.09826512226512224,0.16598198198198194,0.3769230769230769,0.20317859349894946,0.10146890321369625,0.012,0.10633179723502302,0.5042124542124542,0.22219117647058823,0.3333333333333333,0.8033333333333333,2.8904229761381943,9.207920973712278,22.411067193675887,0.5478607085346233,-0.590892341058445,0.355241868554562,3.1345522948545153,0.4338065991400663,1456.047333785131,1496.20555010898,5,0.08950592208191036,0.05986700986700984,0.1327327327327327,0.3847222222222222,0.16662622244927744,-0.12052519817148843,0.07103868444681904,0.19570872014069765,0.34245337995337993,0.14193374741200826,0.5,0.26666666666666666,3.112547861471861,9.331289938556067,12.10966810966811,8.91464496392497,0.037431893668879446,0.4131944444444444,3.1827164479614756,0.6053213759231977,1519.503446401706,1548.7240141550292,5,-0.26833755671634524,0.0383981123981124,0.03324924924924924,-0.0077991452991452714,0.03655237104967202,0.2219941013851847,-0.05903868444681905,-0.08937692290567463,0.16175907425907426,0.08025742905857997,-0.16666666666666669,0.5366666666666666,-0.2221248853336668,-0.12336896484378812,10.301399084007777,-8.366784255390346,-0.6283242347273245,-0.057952575889882396,-0.04816415310696032,-0.17151477678313137,-63.456112616574956,-52.518464046049075,0
2026_08_PHI_WAS,0.03452590049008496,0.03194139194139192,0.15834757834757832,0.3695304695304695,0.18916666666666665,0.02233065967391092,0.06929292929292925,0.15583494519664728,0.44536796536796536,0.1887356731750324,0.6499999999999999,0.6766666666666665,2.9891032446996397,8.296601358608118,15.36371886508014,0.6221878532874381,0.5146372241780421,0.2666448972483455,2.6865264814964624,0.5620112119755942,1466.3668020958235,1551.0005935741895,5,-0.06922385603506952,0.0656006433314553,0.13203723232644252,0.3842490842490842,0.16316418764302057,-0.07253222560240262,0.045050685748360145,0.10993587377308305,0.42498834498834503,0.14478578892371996,0.5833333333333333,0.6833333333333333,3.1825794514514514,9.346461433664375,12.506806806806807,-1.631707107107103,0.29767787796328976,0.3509784075573549,2.722478818965045,0.21699012497089037,1575.90579940087,1450.2878849341132,5,0.10374975652515447,-0.03365925139006337,0.0263103460211358,-0.014718614718614742,0.02600247902364608,0.09486288527631354,0.02424224354456911,0.04589907142356424,0.020379620379620322,0.04394988425131244,0.06666666666666665,-0.006666666666666821,-0.19347620675181165,-1.049860075056257,2.8569120582733323,2.253894960394541,0.21695934621475238,-0.08433351030900937,-0.035952337468582396,0.34502108700470385,-109.53899730504645,100.71270864007624,0
2026_08_TEN_CIN,0.007378612192010281,0.06211965510604193,0.155200441507872,0.5147186147186147,0.11693801538962827,-0.10340136170818055,0.10596028255364517,0.19975298769381136,0.393072613660849,0.1613408521303258,0.73,0.26666666666666666,2.6132930211317307,6.515603786000845,11.322034547841,4.03574950675596,0.17913442964720805,0.42332167832167833,2.607416246655673,1.1477605267968831,1497.261764224703,1523.094047421898,5,-0.13339693830228574,0.05515687211339382,0.12075834793226092,0.3517307692307692,0.10215193155302045,0.11419289401185781,0.06137697428020004,0.1180944503525148,0.41103341103341096,0.19869227994227995,0.6333333333333333,0.6833333333333333,3.1082658333333333,6.600291596638655,10.416666666666666,-3.6334680555555563,0.3826320944258958,0.44304388422035473,2.6166363840410676,0.3002418600627482,1366.7373057810041,1467.6889016730863,5,0.14077555049429602,0.00696278299264811,0.034442093575611066,0.1629878454878455,0.014786083836607816,-0.21759425572003838,0.04458330827344514,0.08165853734129656,-0.017960797372561954,-0.037351427811954135,0.09666666666666668,-0.4166666666666667,-0.4949728122016026,-0.08468781063780995,0.9053678811743335,7.669217562311516,-0.20349766477868775,-0.019722205898676404,-0.009220137385394622,0.8475186667341349,130.5244584436989,55.40514574881172,0
2026_09_ARI_SEA,-0.02389999629498236,0.054910394265232934,0.13800503317318688,0.40783799533799536,0.2025396825396825,-0.17104867699316326,0.0702707373271889,0.1962058371735791,0.22309829059829056,0.14451337898413222,0.4,0.5333333333333333,2.951805066045066,6.730919580419581,15.42812742812743,5.722945454545458,0.5782498378357661,0.4143048128342246,2.9453514590844208,1.4261563549079441,1583.5729569195983,1468.3225916469034,5,-0.004516598095505464,0.07509079586792869,0.1886946307358106,0.3611888111888112,0.13125588586689152,0.10158007038260801,0.04406245967221574,0.10553232675183892,0.5301648351648351,0.14753386398547685,0.6,0.7533333333333333,2.7732183269471693,6.782202535282536,17.526514461998335,4.724107595543078,-0.1550086854498449,0.4464285714285714,2.870394177475923,0.502828371220245,1413.2601842992865,1561.1104577809335,5,-0.019383398199476896,-0.020180401602695755,-0.05068959756262373,0.046649184149184175,0.07128379667279097,-0.27262874737577125,0.02620827765497316,0.09067351042174017,-0.3070665445665446,-0.003020485001344636,-0.19999999999999996,-0.21999999999999997,0.1785867390978968,-0.05128295486295542,-2.098387033870905,0.9988378590023803,0.733258523285611,-0.032123758594346796,0.0749572816084978,0.9233279836876991,170.31277262031176,-92.78786613403008,0
2026_09_BUF_MIN,-0.12086809944527062,0.12976660341555976,0.19429728020240353,0.2715934065934066,0.15488879983971143,-0.19760512347827358,0.1394610442268105,0.259010666833011,0.261624649859944,0.20352760459022315,0.5125,0.25,2.8399270257634344,8.058213506493507,13.043793892527422,-4.247111435729502,-0.08717932318430144,0.3664227526759496,3.0605804021590814,0.722920827903586,1573.704718427861,1506.8078571131275,5,0.13452081219882434,0.07170979347707737,0.12690373550325376,0.5103030303030304,0.09789044289044288,-0.005240583738414667,0.05789039998114406,0.18310660664199677,0.3633041958041958,0.22262111801242232,0.75,0.71,2.8525478954638244,8.841728271728272,13.510860663252211,3.2540371034971662,0.9475499309319808,0.46232833214257363,3.137927779395332,0.20702988408564504,1605.8433408491608,1539.9109127172403,5,-0.25538891164409494,0.05805680993848239,0.06739354469914977,-0.23870962370962379,0.05699835694926855,-0.19236453973985893,0.08157064424566643,0.07590406019101423,-0.10167954594425183,-0.01909351342219917,-0.23750000000000004,-0.45999999999999996,-0.012620869700390003,-0.7835147652347647,-0.46706677072478975,-7.5011485392266675,-1.0347292541162822,-0.09590557946662404,-0.07734737723625074,0.515890943817941,-32.138622421299715,-33.1030556041128,0
2026_09_CIN_ATL,-0.09555983811719475,0.06837606837606836,0.18623931623931622,0.34893772893772895,0.15502941133200598,-0.057440293846527005,0.05694420493059173,0.14655851490791932,0.35513736263736256,0.18655677655677655,0.5444444444444444,0.4666666666666666,2.5756530571847507,6.347884756728779,13.209090909090909,-5.962798863636364,0.80136693554076,0.4347400284900285,3.263610455856103,0.8563174007818803,1473.137108563973,1502.8134860104954,5,0.007378612192010281,0.06211965510604193,0.155200441507872,0.5147186147186147,0.11693801538962827,-0.10340136170818055,0.10596028255364517,0.19975298769381136,0.393072613660849,0.1613408521303258,0.73,0.26666666666666666,2.6132930211317307,6.515603786000845,11.322034547841,4.03574950675596,0.17913442964720805,0.42332167832167833,2.607416246655673,1.1477605267968831,1497.261764224703,1523.094047421898,5,-0.10293845030920502,0.006256413270026427,0.031038874731444233,-0.16578088578088573,0.03809139594237772,0.04596106786165355,-0.04901607762305345,-0.05319447278589204,-0.03793525102348644,0.025215924426450737,-0.18555555555555558,0.19999999999999996,-0.03763996394697999,-0.1677190292720665,1.8870563612499094,-9.998548370392324,0.622232505893552,0.011418350168350189,0.65619420920043,-0.2914431260150028,-24.124655660730014,-20.280561411402687,0
2026_09_CLE_NO,0.019609789857490206,0.07209736500059076,0.13594548820355265,0.47419340463458115,0.19088000888000886,-0.040736796462710986,0.07609240695136768,0.17169987509330026,0.40212148962148964,0.15556484095614526,0.7533333333333333,0.5076190476190476,2.660659388280565,7.842335805262276,13.218176159352629,5.27847713974479,0.6611821232793184,0.39804639804639796,3.0821069857524575,0.045914003223520385,1442.5698335690824,1509.8440844460413,5,-0.14047780482621658,0.10930402930402924,0.1955311355311355,0.3127455877455877,0.16179653679653674,0.043227188613119014,0.05463565891472866,0.13025581395348834,0.38571067821067817,0.14804597701149422,0.2,0.5,3.0208692753623185,7.501294781180837,14.508563899868246,-1.0457633728590263,-0.5487954934381464,0.3501010101010101,3.179493398763119,0.10219603226618368,1454.499768875897,1486.4829814881596,5,0.16008759468370679,-0.03720666430343848,-0.05958564732758284,0.16144781688899346,0.029083472083472117,-0.08396398507583,0.021456748036639023,0.041444061139811916,0.016410811410811466,0.007518863944651039,0.5533333333333332,0.007619047619047636,-0.3602098870817536,0.34104102408143877,-1.2903877405156177,6.324240512603816,1.2099776167174647,0.047945387945387885,-0.09738641301066142,-0.056282029042663294,-11.929935306814514,23.361102957881712,0
2026_09_DAL_IND,-0.15108624042828028,0.048661271020253125,0.1525443973831801,0.41606060606060613,0.2139016897081413,0.07844025950379226,0.05029340499425058,0.11976495875766838,0.38618881118881115,0.13692890949483238,0.6333333333333333,0.6166666666666666,2.720156365169724,7.305004330870278,19.30402698713894,1.3523448872021935,-0.7349038868248604,0.2955741626794258,2.6750706145684466,0.46859892658084484,1469.128115962281,1530.378003428357,5,0.05167619653652859,0.04212560386473428,0.135819397993311,0.47965034965034964,0.18140618002686965,0.20913841229369634,0.047018022627778724,0.15032934545129664,0.5085714285714287,0.1716331269349845,0.6833333333333333,0.58,2.7564119990127702,8.703118727598566,20.09048540950818,2.746670056797785,0.4053738322530262,0.4954744816586921,2.9476231741565395,0.4344478181269409,1479.4125045895676,1468.712886621616,5,-0.2027624369648089,0.006535667155518843,0.0167249993898691,-0.06358974358974351,0.032495509681271656,-0.1306981527899041,0.003275382366471853,-0.030564386693628265,-0.12238261738261752,-0.03470421744015212,-0.050000000000000044,0.036666666666666625,-0.0362556338430462,-1.398114396728288,-0.7864584223692397,-1.3943251695955916,-1.1402777190778866,-0.1999003189792663,-0.2725525595880929,0.034151108453903956,-10.28438862728649,61.665116806741025,0
2026_09_DEN_CAR,0.04684122227905145,0.04446196164425718,0.1177138492767988,0.2729365079365079,0.19021847717499887,-0.0828757098460731,0.069807894425891,0.11943475313594157,0.4902289377289377,0.1020009157509157,0.6333333333333333,0.6291666666666667,2.9586424641161813,7.8316344696969695,11.655941655941657,2.6239667846417802,0.7093101327846962,0.46710526315789475,3.029778721321013,-0.14132224419959993,1442.418838317235,1473.968492195916,5,-0.010120158321071781,0.058435708435708424,0.12951044886528756,0.40991452991452987,0.15881964087080883,-0.10991313629374826,0.0631508747092729,0.20174018269457647,0.43267825311942965,0.12654952598888522,0.5,0.4600000000000001,2.835538042997519,5.5267252832946125,10.118184868987086,-6.293163337350885,-1.0374562709627069,0.31477591036414565,3.3212441905523327,-0.16736033805280545,1576.2893472757862,1531.9088489635822,5,0.056961380600123235,-0.013973746791451247,-0.011796599588488763,-0.13697802197802195,0.03139883630419005,0.02703742644767515,0.006657019716618098,-0.0823054295586349,0.057550684609508074,-0.024548610237969518,0.1333333333333333,0.16916666666666658,0.12310442111866227,2.304909186402357,1.5377567869545707,8.917130121992665,1.746766403747403,0.1523293527937491,-0.29146546923131966,0.02603809385320552,-133.87050895855123,-57.94035676766612,0
2026_09_DET_MIA,-0.17883163463443488,0.09826512226512224,0.16598198198198194,0.3769230769230769,0.20317859349894946,0.10146890321369625,0.012,0.10633179723502302,0.5042124542124542,0.22219117647058823,0.3333333333333333,0.8033333333333333,2.8904229761381943,9.207920973712278,22.411067193675887,0.5478607085346233,-0.590892341058445,0.355241868554562,3.1345522948545153,0.4338065991400663,1456.047333785131,1496.20555010898,5,0.014733188799656733,0.07691607611263274,0.19042664811674853,0.41338661338661337,0.2186339586339586,0.026335779857456172,0.10969401765282769,0.1829858704732846,0.47663512957630605,0.12870767828662563,0.7699999999999999,0.8933333333333333,2.734245083198713,6.95498338935099,16.37665948691357,0.8577093442326026,0.07738189464968279,0.41280903407945146,3.1233445981750108,0.06288153960157472,1560.1206859725398,1481.7771868921918,5,-0.19356482343409162,0.021349046152489504,-0.02444466613476659,-0.03646353646353645,-0.015455365135009141,0.07513312335624009,-0.09769401765282769,-0.07665407323826158,0.02757732463614815,0.0934834981839626,-0.4366666666666666,-0.08999999999999997,0.15617789293948148,2.2529375843612884,6.034407706762316,-0.30984863569797927,-0.6682742357081278,-0.05756716552488944,0.011207696679504497,0.3709250595384916,-104.07335218740877,14.428363216788284,0
2026_09_GB_NE,0.08950592208191036,0.05986700986700984,0.1327327327327327,0.3847222222222222,0.16662622244927744,-0.12052519817148843,0.07103868444681904,0.19570872014069765,0.34245337995337993,0.14193374741200826,0.5,0.26666666666666666,3.112547861471861,9.331289938556067,12.10966810966811,8.91464496392497,0.037431893668879446,0.4131944444444444,3.1827164479614756,0.6053213759231977,1519.503446401706,1548.7240141550292,5,-0.03265951637880192,0.09940383158094153,0.205985365160557,0.3022222222222222,0.2106909430438842,-0.01069750910614597,0.056119544592030335,0.14779350946333863,0.5013533834586467,0.17890359341972242,0.3833333333333333,0.6366666666666667,2.5936859334820457,9.686648875929682,14.179601573876136,-3.796094355113545,-0.7189174293713987,0.33126550868486354,3.164201685907968,1.295096387042843,1519.72855060859,1473.7387876913774,5,0.12216543846071228,-0.03953682171393169,-0.07325263242782429,0.08249999999999996,-0.044064720594606754,-0.10982768906534246,0.01491913985478871,0.047915210677359016,-0.15890000350526673,-0.03696984600771416,0.1166666666666667,-0.37000000000000005,0.5188619279898155,-0.3553589373736159,-2.0699334642080256,12.710739319038513,0.7563493230402781,0.08192893575958088,0.01851476205350755,-0.6897750111196452,-0.2251042068839979,74.98522646365177,0
2026_09_HOU_LAC,-0.20645130234105985,0.08683353545153204,0.17790864257417732,0.3514285714285714,0.16585497835497834,-0.07268405356522459,0.06767708098353258,0.16410719656687398,0.37505827505827505,0.17809906306152132,0.46333333333333326,0.36333333333333334,2.8383926550294913,9.312933562256143,13.8081798375916,-3.226212938205582,-0.5518552781447963,0.35885093167701865,2.695385295232307,-0.9735693985954201,1500.6754590474861,1474.0309406700828,5,-0.006309607869457843,0.046755307093752335,0.12378170921269809,0.3351347182229535,0.22492319508448538,-0.18956138143488446,0.08848386672520177,0.14657291788228885,0.4133333333333333,0.18762463343108504,0.42666666666666664,0.5466666666666666,2.9092577668680946,9.040971963171962,17.109432562521807,1.6351616870459011,0.09439783701256908,0.3751294408617063,2.3086984759227915,-0.03527831788035753,1516.1646442149806,1510.7808511362248,5,-0.20014169447160202,0.0400782283577797,0.05412693336147924,0.016293853205617936,-0.059068216729507045,0.11687732786965987,-0.020806785741669193,0.017534278684585125,-0.03827505827505823,-0.009525570369563724,0.036666666666666625,-0.1833333333333333,-0.07086511183860322,0.2719615990841806,-3.3012527249302064,-4.861374625251483,-0.6462531151573654,-0.01627850918468765,0.38668681930951543,-0.9382910807150626,-15.489185167494497,-36.749910466141955,0
2026_09_JAX_BAL,0.20981550751008352,0.06691408156925394,0.1377599722427308,0.4349511599511599,0.12871354651540404,-0.034537228950464766,0.05199714735392484,0.13463877959210438,0.45608974358974363,0.1961111111111111,0.6458333333333333,0.6333333333333333,3.056052777777778,8.984870960108182,11.425806451612903,4.1736807168458805,0.6162122160176126,0.40424993643529117,3.2104524792287896,1.4775962081199467,1541.8729492343268,1468.580443508806,5,0.10075386426140646,0.048101608735517165,0.14608860548470448,0.5277777777777778,0.16204433497536944,-0.0331096008534991,0.06738504738504733,0.15318425253909124,0.29772727272727273,0.13127889654205438,0.78,0.4333333333333333,2.899371945069936,9.691080124459434,14.702513608060832,6.713023782703243,0.0487081299203385,0.37498383968972204,2.6579822268010775,-1.0473488693801714,1529.117682000888,1509.384227984726,5,0.10906164324867705,0.01881247283373677,-0.008328633241973693,-0.09282661782661789,-0.0333307884599654,-0.001427628096965665,-0.01538790003112249,-0.018545472946986857,0.1583624708624709,0.06483221456905672,-0.13416666666666677,0.2,0.15668083270784194,-0.706209164351252,-3.2767071564479284,-2.539343065857363,0.5675040860972741,0.029266096745569126,0.5524702524277121,2.524945077500118,12.755267233438872,-40.80378447592011,0
2026_09_LA_WAS,0.03452590049008496,0.03194139194139192,0.15834757834757832,0.3695304695304695,0.18916666666666665,0.02233065967391092,0.06929292929292925,0.15583494519664728,0.44536796536796536,0.1887356731750324,0.6499999999999999,0.6766666666666665,2.9891032446996397,8.296601358608118,15.36371886508014,0.6221878532874381,0.5146372241780421,0.2666448972483455,2.6865264814964624,0.5620112119755942,1466.3668020958235,1551.0005935741895,5,0.10471020144597357,0.03955529857022706,0.1598507148864592,0.46048516842634485,0.10906832298136641,0.04467995752922869,0.04717011128775834,0.204386150856739,0.41686646686646683,0.11681385281385279,0.47333333333333333,0.5333333333333333,2.8804177736358314,10.1846413985414,19.169161907701806,2.4979925482327516,1.4428653959629156,0.4397326007326007,2.7423540075716213,1.5287479450621815,1541.1162938983907,1510.7073317930335,5,-0.07018430095588861,-0.00761390662883514,-0.0015031365388808726,-0.09095469889587537,0.08009834368530024,-0.02234929785531777,0.022122818005170915,-0.04855120566009172,0.028501498501498523,0.07192182036117961,0.17666666666666658,0.1433333333333332,0.10868547106380833,-1.8880400399332817,-3.8054430426216665,-1.8758046949453135,-0.9282281717848735,-0.17308770348425517,-0.05582752607515884,-0.9667367330865873,-74.74949180256726,40.293261781155934,0
2026_09_LV_SF,0.14062867328361878,0.02401315789473684,0.10380284043441934,0.568968253968254,0.0919001782531194,0.0067956155698636585,0.04945193171608262,0.13594510022616718,0.4377777777777778,0.1696140385795558,0.7333333333333333,0.2533333333333333,3.0286828877005343,7.239409884233413,13.832442067736185,5.640454149336507,0.2381007117937769,0.3723731884057971,2.992561080527955,0.11612967891674827,1563.3447140374958,1481.914364065069,5,-0.22139980166343726,0.07009659695143564,0.1778948068060971,0.35769230769230764,0.24859502262443436,-0.07070133554734855,0.10669932605416474,0.24081710743001059,0.36672268907563027,0.14374568668046925,0.4976190476190476,0.5800000000000001,2.7047899223764738,7.851810786914234,16.790267204060306,0.13011706224810116,-0.16956447791271326,0.35516589690502737,2.583374531068177,-0.04122749943785742,1438.633800272921,1486.221802502573,5,0.36202847494705603,-0.046083439056698795,-0.07409196637167775,0.21127594627594637,-0.15669484437131498,0.0774969511172122,-0.05724739433808212,-0.1048720072038434,0.07105508870214755,0.02586835189908654,0.23571428571428565,-0.32666666666666677,0.32389296532406053,-0.6124009026808208,-2.9578251363241215,5.510337087088406,0.4076651897064901,0.017207291500769717,0.40918654945977817,0.1573571783546057,124.7109137645748,-4.3074384375038335,0
2026_09_NYG_PHI,-0.06922385603506952,0.0656006433314553,0.13203723232644252,0.3842490842490842,0.16316418764302057,-0.07253222560240262,0.045050685748360145,0.10993587377308305,0.42498834498834503,0.14478578892371996,0.5833333333333333,0.6833333333333333,3.1825794514514514,9.346461433664375,12.506806806806807,-1.631707107107103,0.29767787796328976,0.3509784075573549,2.722478818965045,0.21699012497089037,1575.90579940087,1450.2878849341132,5,0.01057924991104096,0.07790360763101076,0.19972583131837077,0.4986813186813187,0.11087184873949578,-0.0977330237819958,0.029107142857142842,0.10137667887667885,0.4435314685314685,0.19707717569786534,0.4,0.6666666666666667,2.666630453819807,7.193385878489328,15.425548589341691,-1.0810194313827908,0.4200959450567212,0.4243740573152338,3.0642478777743323,0.17960202794581376,1425.449168543973,1470.0837122657506,5,-0.07980310594611048,-0.012302964299555463,-0.06768859899192825,-0.11443223443223449,0.05229233890352479,0.025200798179593184,0.015943542891217303,0.008559194896404193,-0.018543123543123485,-0.05229138677414538,0.18333333333333324,0.016666666666666607,0.5159489976316443,2.1530755551750476,-2.918741782534884,-0.5506876757243122,-0.12241806709343145,-0.07339564975787893,-0.34176905880928743,0.037388097025076616,150.45663085689694,-19.795827331637383,0
2026_09_NYJ_KC,-0.07569543658069004,0.0682976827094474,0.20098930481283422,0.3831587530116941,0.15697210041595738,-0.10187793873215371,0.0481427174975562,0.11883815109621558,0.3888888888888889,0.15339861751152073,0.56,0.4333333333333333,2.755575464535696,5.445313102956046,8.338685140937955,-3.0239418085738494,1.944313758932201,0.5360054347826086,4.092348799697803,0.8846171639165157,1544.9407810757768,1500.633082188943,5,-0.06679110061987134,0.05212008281573497,0.12768402611880866,0.35999723960250274,0.23314687685397067,0.16701834750575464,0.05238858363858362,0.09359737484737483,0.37777777777777777,0.12670760611937076,0.5999999999999999,0.86,2.8280228337428337,6.058080709678185,14.165568007031421,2.236785067217994,0.42989520067579556,0.36146353646353646,2.9994687836909817,-0.7251697090040773,1402.1811734371163,1490.470222274006,5,-0.008904335960818702,0.01617759989371243,0.07330527869402556,0.02316151340919137,-0.07617477643801329,-0.26889628623790834,-0.00424586614102742,0.025240776248840746,0.011111111111111127,0.026691011392149966,-0.039999999999999813,-0.4266666666666667,-0.07244736920713768,-0.612767606722139,-5.826882866093467,-5.2607268757918435,1.5144185582564056,0.1745418983190722,1.0928800160068217,1.6097868729205929,142.75960763866055,10.162859914937144,0
2026_09_TB_CHI,0.09594100051518671,0.03559406646698044,0.11726837418750125,0.45917415917415916,0.11823366220649749,0.11820425152285703,0.0658020426159171,0.11876986790557284,0.41179487179487173,0.1484507465931614,0.5666666666666667,0.55,3.090012710449563,7.117608587109162,12.499663960110206,-0.0018816788350300762,0.424752179598888,0.40402750843927315,3.5595895453945516,0.364238817394773,1514.2693893634894,1529.8405584641796,5,-0.12009472579349438,0.08959489302967563,0.13489233954451343,0.41000377073906485,0.1784598997493734,-0.028582656765212378,0.05048103565750621,0.10870133999545761,0.30787545787545784,0.24678292721770972,0.3333333333333333,0.4333333333333333,3.0425924751718876,8.151198653198653,11.073338426279602,1.7226781257957762,-0.8309883687503095,0.2463908640379228,3.3387459071387937,1.2339791442030923,1464.6981591591637,1493.623056666156,5,0.2160357263086811,-0.05400082656269519,-0.01762396535701219,0.0491703884350943,-0.06022623754287591,0.1467869082880694,0.01532100695841089,0.010068527910115227,0.1039194139194139,-0.09833218062454832,0.23333333333333334,0.11666666666666675,0.04742023527767536,-1.0335900660894914,1.426325533830605,-1.7245598046308062,1.2557405483491975,0.15763664440135036,0.22084363825575792,-0.8697403268083193,49.57123020432573,36.217501798023704,0
2026_10_BUF_NYJ,-0.06679110061987134,0.05212008281573497,0.12768402611880866,0.35999723960250274,0.23314687685397067,0.16701834750575464,0.05238858363858362,0.09359737484737483,0.37777777777777777,0.12670760611937076,0.5999999999999999,0.86,2.8280228337428337,6.058080709678185,14.165568007031421,2.236785067217994,0.42989520067579556,0.36146353646353646,2.9994687836909817,-0.7251697090040773,1402.1811734371163,1490.470222274006,5,0.13452081219882434,0.07170979347707737,0.12690373550325376,0.5103030303030304,0.09789044289044288,-0.005240583738414667,0.05789039998114406,0.18310660664199677,0.3633041958041958,0.22262111801242232,0.75,0.71,2.8525478954638244,8.841728271728272,13.510860663252211,3.2540371034971662,0.9475499309319808,0.46232833214257363,3.137927779395332,0.20702988408564504,1605.8433408491608,1539.9109127172403,5,-0.20131191281869568,-0.0195897106613424,0.0007802906155549016,-0.15030579070052763,0.1352564339635278,0.1722589312441693,-0.005501816342560438,-0.08950923179462193,0.01447358197358195,-0.09591351189305156,-0.15000000000000013,0.15000000000000002,-0.02452506172099067,-2.7836475620500867,0.6547073437792097,-1.0172520362791722,-0.5176547302561852,-0.10086479567903717,-0.1384589957043505,-0.9321995930897223,-203.66216741204448,-49.440690443234416,0
2026_10_CAR_NO,0.019609789857490206,0.07209736500059076,0.13594548820355265,0.47419340463458115,0.19088000888000886,-0.040736796462710986,0.07609240695136768,0.17169987509330026,0.40212148962148964,0.15556484095614526,0.7533333333333333,0.5076190476190476,2.660659388280565,7.842335805262276,13.218176159352629,5.27847713974479,0.6611821232793184,0.39804639804639796,3.0821069857524575,0.045914003223520385,1442.5698335690824,1509.8440844460413,5,0.04684122227905145,0.04446196164425718,0.1177138492767988,0.2729365079365079,0.19021847717499887,-0.0828757098460731,0.069807894425891,0.11943475313594157,0.4902289377289377,0.1020009157509157,0.6333333333333333,0.6291666666666667,2.9586424641161813,7.8316344696969695,11.655941655941657,2.6239667846417802,0.7093101327846962,0.46710526315789475,3.029778721321013,-0.14132224419959993,1442.418838317235,1473.968492195916,5,-0.027231432421561244,0.027635403356333584,0.01823163892675385,0.20125689669807323,0.0006615317050099878,0.04213891338336212,0.006284512525476682,0.05226512195735869,-0.08810744810744808,0.053563925205229554,0.12,-0.12154761904761902,-0.29798307583561634,0.01070133556530628,1.5622345034109717,2.6545103551030094,-0.04812800950537788,-0.06905886511149678,0.05232826443144445,0.1872362474231203,0.150995251847462,35.87559225012524,0
2026_10_HOU_CLE,-0.14047780482621658,0.10930402930402924,0.1955311355311355,0.3127455877455877,0.16179653679653674,0.043227188613119014,0.05463565891472866,0.13025581395348834,0.38571067821067817,0.14804597701149422,0.2,0.5,3.0208692753623185,7.501294781180837,14.508563899868246,-1.0457633728590263,-0.5487954934381464,0.3501010101010101,3.179493398763119,0.10219603226618368,1454.499768875897,1486.4829814881596,5,-0.006309607869457843,0.046755307093752335,0.12378170921269809,0.3351347182229535,0.22492319508448538,-0.18956138143488446,0.08848386672520177,0.14657291788228885,0.4133333333333333,0.18762463343108504,0.42666666666666664,0.5466666666666666,2.9092577668680946,9.040971963171962,17.109432562521807,1.6351616870459011,0.09439783701256908,0.3751294408617063,2.3086984759227915,-0.03527831788035753,1516.1646442149806,1510.7808511362248,5,-0.13416819695675875,0.06254872221027691,0.0717494263184374,-0.022389130477365793,-0.06312665828794864,0.23278857004800346,-0.03384820781047311,-0.016317103928800508,-0.027622655122655104,-0.039578656419590824,-0.22666666666666663,-0.046666666666666634,0.11161150849422397,-1.5396771819911255,-2.6008686626535606,-2.6809250599049275,-0.6431933304507155,-0.02502843076069622,0.8707949228403273,0.13747435014654122,-61.664875339083665,-24.297869648065216,0
2026_10_JAX_TEN,-0.13339693830228574,0.05515687211339382,0.12075834793226092,0.3517307692307692,0.10215193155302045,0.11419289401185781,0.06137697428020004,0.1180944503525148,0.41103341103341096,0.19869227994227995,0.6333333333333333,0.6833333333333333,3.1082658333333333,6.600291596638655,10.416666666666666,-3.6334680555555563,0.3826320944258958,0.44304388422035473,2.6166363840410676,0.3002418600627482,1366.7373057810041,1467.6889016730863,5,0.10075386426140646,0.048101608735517165,0.14608860548470448,0.5277777777777778,0.16204433497536944,-0.0331096008534991,0.06738504738504733,0.15318425253909124,0.29772727272727273,0.13127889654205438,0.78,0.4333333333333333,2.899371945069936,9.691080124459434,14.702513608060832,6.713023782703243,0.0487081299203385,0.37498383968972204,2.6579822268010775,-1.0473488693801714,1529.117682000888,1509.384227984726,5,-0.2341508025636922,0.007055263377876653,-0.025330257552443558,-0.1760470085470086,-0.059892403422348986,0.1473024948653569,-0.006008073104847293,-0.03508980218657644,0.11330613830613823,0.06741338340022557,-0.14666666666666672,0.25000000000000006,0.20889388826339728,-3.090788527820779,-4.2858469413941656,-10.3464918382588,0.3339239645055573,0.06806004453063269,-0.041345842760009965,1.3475907294429197,-162.38037621988383,-41.69532631163975,0
2026_10_KC_ATL,-0.09555983811719475,0.06837606837606836,0.18623931623931622,0.34893772893772895,0.15502941133200598,-0.057440293846527005,0.05694420493059173,0.14655851490791932,0.35513736263736256,0.18655677655677655,0.5444444444444444,0.4666666666666666,2.5756530571847507,6.347884756728779,13.209090909090909,-5.962798863636364,0.80136693554076,0.4347400284900285,3.263610455856103,0.8563174007818803,1473.137108563973,1502.8134860104954,5,-0.07569543658069004,0.0682976827094474,0.20098930481283422,0.3831587530116941,0.15697210041595738,-0.10187793873215371,0.0481427174975562,0.11883815109621558,0.3888888888888889,0.15339861751152073,0.56,0.4333333333333333,2.755575464535696,5.445313102956046,8.338685140937955,-3.0239418085738494,1.944313758932201,0.5360054347826086,4.092348799697803,0.8846171639165157,1544.9407810757768,1500.633082188943,5,-0.019864401536504706,7.838566662095314e-05,-0.014749988573518003,-0.034221024073965156,-0.0019426890839513988,0.04443764488562671,0.008801487433035528,0.027720363811703744,-0.03375152625152633,0.03315815904525582,-0.015555555555555656,0.033333333333333326,-0.17992240735094533,0.9025716537727329,4.8704057681529545,-2.938857055062514,-1.142946823391441,-0.10126540629258013,-0.8287383438417004,-0.028299763134635336,-71.80367251180382,2.180403821552318,0
2026_10_LAC_BAL,0.20981550751008352,0.06691408156925394,0.1377599722427308,0.4349511599511599,0.12871354651540404,-0.034537228950464766,0.05199714735392484,0.13463877959210438,0.45608974358974363,0.1961111111111111,0.6458333333333333,0.6333333333333333,3.056052777777778,8.984870960108182,11.425806451612903,4.1736807168458805,0.6162122160176126,0.40424993643529117,3.2104524792287896,1.4775962081199467,1541.8729492343268,1468.580443508806,5,-0.20645130234105985,0.08683353545153204,0.17790864257417732,0.3514285714285714,0.16585497835497834,-0.07268405356522459,0.06767708098353258,0.16410719656687398,0.37505827505827505,0.17809906306152132,0.46333333333333326,0.36333333333333334,2.8383926550294913,9.312933562256143,13.8081798375916,-3.226212938205582,-0.5518552781447963,0.35885093167701865,2.695385295232307,-0.9735693985954201,1500.6754590474861,1474.0309406700828,5,0.4162668098511434,-0.0199194538822781,-0.040148670331446534,0.08352258852258848,-0.0371414318395743,0.03814682461475982,-0.015679933629607734,-0.029468416974769596,0.08103146853146859,0.01801204804958978,0.1825,0.26999999999999996,0.2176601227482866,-0.3280626021479609,-2.3823733859786973,7.3998936550514625,1.168067494162409,0.04539900475827252,0.5150671839964827,2.451165606715367,41.197490186840696,-5.450497161276871,0
2026_10_LA_ARI,-0.004516598095505464,0.07509079586792869,0.1886946307358106,0.3611888111888112,0.13125588586689152,0.10158007038260801,0.04406245967221574,0.10553232675183892,0.5301648351648351,0.14753386398547685,0.6,0.7533333333333333,2.7732183269471693,6.782202535282536,17.526514461998335,4.724107595543078,-0.1550086854498449,0.4464285714285714,2.870394177475923,0.502828371220245,1413.2601842992865,1561.1104577809335,5,0.10471020144597357,0.03955529857022706,0.1598507148864592,0.46048516842634485,0.10906832298136641,0.04467995752922869,0.04717011128775834,0.204386150856739,0.41686646686646683,0.11681385281385279,0.47333333333333333,0.5333333333333333,2.8804177736358314,10.1846413985414,19.169161907701806,2.4979925482327516,1.4428653959629156,0.4397326007326007,2.7423540075716213,1.5287479450621815,1541.1162938983907,1510.7073317930335,5,-0.10922679954147903,0.035535497297701626,0.02884391584935142,-0.09929635723753366,0.022187562885525106,0.05690011285337932,-0.003107651615542599,-0.09885382410490008,0.11329836829836831,0.030720011171624068,0.12666666666666665,0.21999999999999997,-0.1071994466886621,-3.4024388632588636,-1.6426474457034708,2.2261150473103264,-1.5978740814127605,0.006695970695970721,0.12804016990430167,-1.0259195738419364,-127.85610959910423,50.40312598790001,0
2026_10_MIA_IND,-0.15108624042828028,0.048661271020253125,0.1525443973831801,0.41606060606060613,0.2139016897081413,0.07844025950379226,0.05029340499425058,0.11976495875766838,0.38618881118881115,0.13692890949483238,0.6333333333333333,0.6166666666666666,2.720156365169724,7.305004330870278,19.30402698713894,1.3523448872021935,-0.7349038868248604,0.2955741626794258,2.6750706145684466,0.46859892658084484,1469.128115962281,1530.378003428357,5,-0.17883163463443488,0.09826512226512224,0.16598198198198194,0.3769230769230769,0.20317859349894946,0.10146890321369625,0.012,0.10633179723502302,0.5042124542124542,0.22219117647058823,0.3333333333333333,0.8033333333333333,2.8904229761381943,9.207920973712278,22.411067193675887,0.5478607085346233,-0.590892341058445,0.355241868554562,3.1345522948545153,0.4338065991400663,1456.047333785131,1496.20555010898,5,0.0277453942061546,-0.049603851244869115,-0.013437584598801844,0.039137529137529214,0.010723096209191846,-0.023028643709903998,0.038293404994250574,0.013433161522645357,-0.11802364302364304,-0.08526226697575584,0.3,-0.18666666666666676,-0.1702666109684703,-1.9029166428420003,-3.107040206536947,0.8044841786675702,-0.1440115457664154,-0.0596677058751362,-0.4594816802860686,0.03479232744077854,13.080782177150013,34.17245331937693,0
2026_10_MIN_GB,-0.03265951637880192,0.09940383158094153,0.205985365160557,0.3022222222222222,0.2106909430438842,-0.01069750910614597,0.056119544592030335,0.14779350946333863,0.5013533834586467,0.17890359341972242,0.3833333333333333,0.6366666666666667,2.5936859334820457,9.686648875929682,14.179601573876136,-3.796094355113545,-0.7189174293713987,0.33126550868486354,3.164201685907968,1.295096387042843,1519.72855060859,1473.7387876913774,5,-0.12086809944527062,0.12976660341555976,0.19429728020240353,0.2715934065934066,0.15488879983971143,-0.19760512347827358,0.1394610442268105,0.259010666833011,0.261624649859944,0.20352760459022315,0.5125,0.25,2.8399270257634344,8.058213506493507,13.043793892527422,-4.247111435729502,-0.08717932318430144,0.3664227526759496,3.0605804021590814,0.722920827903586,1573.704718427861,1506.8078571131275,5,0.0882085830664687,-0.030362771834618232,0.01168808495815346,0.030628815628815642,0.05580214320417276,0.1869076143721276,-0.08334149963478016,-0.11121715736967236,0.23972873359870267,-0.024624011170500726,-0.12916666666666665,0.3866666666666667,-0.24624109228138868,1.6284353694361755,1.1358076813487141,0.4510170806159568,-0.6317381061870972,-0.03515724399108605,0.10362128374888657,0.5721755591392569,-53.97616781927104,-33.0690694217501,0
2026_10_NE_DET,0.014733188799656733,0.07691607611263274,0.19042664811674853,0.41338661338661337,0.2186339586339586,0.026335779857456172,0.10969401765282769,0.1829858704732846,0.47663512957630605,0.12870767828662563,0.7699999999999999,0.8933333333333333,2.734245083198713,6.95498338935099,16.37665948691357,0.8577093442326026,0.07738189464968279,0.41280903407945146,3.1233445981750108,0.06288153960157472,1560.1206859725398,1481.7771868921918,5,0.08950592208191036,0.05986700986700984,0.1327327327327327,0.3847222222222222,0.16662622244927744,-0.12052519817148843,0.07103868444681904,0.19570872014069765,0.34245337995337993,0.14193374741200826,0.5,0.26666666666666666,3.112547861471861,9.331289938556067,12.10966810966811,8.91464496392497,0.037431893668879446,0.4131944444444444,3.1827164479614756,0.6053213759231977,1519.503446401706,1548.7240141550292,5,-0.07477273328225362,0.0170490662456229,0.05769391538401583,0.02866439116439118,0.05200773618468116,0.1468609780289446,0.03865533320600864,-0.01272284966741305,0.13418174962292612,-0.013226069125382628,0.2699999999999999,0.6266666666666667,-0.3783027782731483,-2.3763065492050766,4.266991377245461,-8.056935619692366,0.03995000098080334,-0.0003854103649929552,-0.059371849786464814,-0.542439836321623,40.61723957083382,-66.94682726283736,0
2026_10_PIT_CIN,0.007378612192010281,0.06211965510604193,0.155200441507872,0.5147186147186147,0.11693801538962827,-0.10340136170818055,0.10596028255364517,0.19975298769381136,0.393072613660849,0.1613408521303258,0.73,0.26666666666666666,2.6132930211317307,6.515603786000845,11.322034547841,4.03574950675596,0.17913442964720805,0.42332167832167833,2.607416246655673,1.1477605267968831,1497.261764224703,1523.094047421898,5,-0.06536572261812953,0.05580474104033252,0.13978620379732612,0.3553571428571428,0.16067977915804002,-0.09413674180231622,0.10084859584859582,0.18909645909645906,0.33426573426573425,0.1921698373311276,0.26666666666666666,0.16666666666666666,2.7068973612557654,7.676974559787061,14.92291646609544,-2.839980185167362,1.296461511558681,0.46385281385281385,2.662439985479228,0.14388371302192904,1542.027379793895,1500.9518376172116,5,0.07274433481013981,0.006314914065709408,0.01541423771054587,0.15936147186147187,-0.043741763768411754,-0.00926461990586433,0.005111686705049356,0.010656528597352305,0.05880687939511475,-0.030828985200801795,0.4633333333333333,0.1,-0.09360434012403474,-1.1613707737862153,-3.6008819182544407,6.875729691923322,-1.1173270819114731,-0.04053113553113552,-0.055023738823555046,1.003876813774954,-44.76561556919205,22.142209804686445,0
2026_10_SEA_LV,-0.22139980166343726,0.07009659695143564,0.1778948068060971,0.35769230769230764,0.24859502262443436,-0.07070133554734855,0.10669932605416474,0.24081710743001059,0.36672268907563027,0.14374568668046925,0.4976190476190476,0.5800000000000001,2.7047899223764738,7.851810786914234,16.790267204060306,0.13011706224810116,-0.16956447791271326,0.35516589690502737,2.583374531068177,-0.04122749943785742,1438.633800272921,1486.221802502573,5,-0.02389999629498236,0.054910394265232934,0.13800503317318688,0.40783799533799536,0.2025396825396825,-0.17104867699316326,0.0702707373271889,0.1962058371735791,0.22309829059829056,0.14451337898413222,0.4,0.5333333333333333,2.951805066045066,6.730919580419581,15.42812742812743,5.722945454545458,0.5782498378357661,0.4143048128342246,2.9453514590844208,1.4261563549079441,1583.5729569195983,1468.3225916469034,5,-0.1974998053684549,0.015186202686202702,0.039889773632910214,-0.05014568764568772,0.04605534008475187,0.10034734144581471,0.03642858872697584,0.044611270256431496,0.1436243984773397,-0.0007676923036629701,0.0976190476190476,0.046666666666666745,-0.24701514366859234,1.1208912064946528,1.3621397759328762,-5.592828392297357,-0.7478143157484793,-0.05913891592919723,-0.3619769280162437,-1.4673838543458015,-144.93915664667725,17.89921085566948,0
2026_10_SF_DAL,0.05167619653652859,0.04212560386473428,0.135819397993311,0.47965034965034964,0.18140618002686965,0.20913841229369634,0.047018022627778724,0.15032934545129664,0.5085714285714287,0.1716331269349845,0.6833333333333333,0.58,2.7564119990127702,8.703118727598566,20.09048540950818,2.746670056797785,0.4053738322530262,0.4954744816586921,2.9476231741565395,0.4344478181269409,1479.4125045895676,1468.712886621616,5,0.14062867328361878,0.02401315789473684,0.10380284043441934,0.568968253968254,0.0919001782531194,0.0067956155698636585,0.04945193171608262,0.13594510022616718,0.4377777777777778,0.1696140385795558,0.7333333333333333,0.2533333333333333,3.0286828877005343,7.239409884233413,13.832442067736185,5.640454149336507,0.2381007117937769,0.3723731884057971,2.992561080527955,0.11612967891674827,1563.3447140374958,1481.914364065069,5,-0.08895247674709018,0.01811244596999744,0.032016557558891656,-0.08931790431790437,0.08950600177375025,0.20234279672383268,-0.002433909088303897,0.01438424522512946,0.07079365079365085,0.0020190883554287165,-0.04999999999999993,0.32666666666666666,-0.27227088868776406,1.4637088433651533,6.2580433417719945,-2.8937840925387217,0.1672731204592493,0.12310129325289504,-0.0449379063714157,0.3183181392101926,-83.93220944792824,-13.201477443453086,0
2026_10_WAS_NYG,0.01057924991104096,0.07790360763101076,0.19972583131837077,0.4986813186813187,0.11087184873949578,-0.0977330237819958,0.029107142857142842,0.10137667887667885,0.4435314685314685,0.19707717569786534,0.4,0.6666666666666667,2.666630453819807,7.193385878489328,15.425548589341691,-1.0810194313827908,0.4200959450567212,0.4243740573152338,3.0642478777743323,0.17960202794581376,1425.449168543973,1470.0837122657506,5,0.03452590049008496,0.03194139194139192,0.15834757834757832,0.3695304695304695,0.18916666666666665,0.02233065967391092,0.06929292929292925,0.15583494519664728,0.44536796536796536,0.1887356731750324,0.6499999999999999,0.6766666666666665,2.9891032446996397,8.296601358608118,15.36371886508014,0.6221878532874381,0.5146372241780421,0.2666448972483455,2.6865264814964624,0.5620112119755942,1466.3668020958235,1551.0005935741895,5,-0.023946650579043997,0.045962215689618835,0.04137825297079245,0.12915084915084923,-0.07829481792717087,-0.12006368345590672,-0.04018578643578641,-0.05445826631996843,-0.001836496836496837,0.008341502522832944,-0.2499999999999999,-0.009999999999999787,-0.3224727908798326,-1.1032154801187906,0.06182972426155153,-1.7032072846702289,-0.09454127912132093,0.1577291600668883,0.3777213962778698,-0.38240918402978047,-40.917633551850486,-80.91688130843886,0
2026_11_ARI_KC,-0.07569543658069004,0.0682976827094474,0.20098930481283422,0.3831587530116941,0.15697210041595738,-0.10187793873215371,0.0481427174975562,0.11883815109621558,0.3888888888888889,0.15339861751152073,0.56,0.4333333333333333,2.755575464535696,5.445313102956046,8.338685140937955,-3.0239418085738494,1.944313758932201,0.5360054347826086,4.092348799697803,0.8846171639165157,1544.9407810757768,1500.633082188943,5,-0.004516598095505464,0.07509079586792869,0.1886946307358106,0.3611888111888112,0.13125588586689152,0.10158007038260801,0.04406245967221574,0.10553232675183892,0.5301648351648351,0.14753386398547685,0.6,0.7533333333333333,2.7732183269471693,6.782202535282536,17.526514461998335,4.724107595543078,-0.1550086854498449,0.4464285714285714,2.870394177475923,0.502828371220245,1413.2601842992865,1561.1104577809335,5,-0.07117883848518458,-0.006793113158481287,0.012294674077023615,0.02196994182288292,0.025716214549065863,-0.20345800911476172,0.0040802578253404595,0.01330582434437666,-0.14127594627594625,0.0058647535260438755,-0.039999999999999925,-0.32,-0.01764286241147328,-1.3368894323264904,-9.18782932106038,-7.748049404116927,2.0993224443820457,0.08957686335403725,1.2219546222218804,0.38178879269627064,131.68059677649035,-60.477375591990494,0
2026_11_BAL_CAR,0.04684122227905145,0.04446196164425718,0.1177138492767988,0.2729365079365079,0.19021847717499887,-0.0828757098460731,0.069807894425891,0.11943475313594157,0.4902289377289377,0.1020009157509157,0.6333333333333333,0.6291666666666667,2.9586424641161813,7.8316344696969695,11.655941655941657,2.6239667846417802,0.7093101327846962,0.46710526315789475,3.029778721321013,-0.14132224419959993,1442.418838317235,1473.968492195916,5,0.20981550751008352,0.06691408156925394,0.1377599722427308,0.4349511599511599,0.12871354651540404,-0.034537228950464766,0.05199714735392484,0.13463877959210438,0.45608974358974363,0.1961111111111111,0.6458333333333333,0.6333333333333333,3.056052777777778,8.984870960108182,11.425806451612903,4.1736807168458805,0.6162122160176126,0.40424993643529117,3.2104524792287896,1.4775962081199467,1541.8729492343268,1468.580443508806,5,-0.16297428523103208,-0.02245211992499676,-0.020046122965931987,-0.16201465201465198,0.061504930659594836,-0.04833848089560834,0.017810747071966157,-0.015204026456162811,0.034139194139194085,-0.0941101953601954,-0.012499999999999956,-0.004166666666666652,-0.09741031366159669,-1.1532364904112127,0.23013520432875367,-1.5497139322041003,0.09309791676708368,0.06285532672260358,-0.18067375790777662,-1.6189184523195466,-99.45411091709184,5.388048687110086,0
2026_11_CIN_WAS,0.03452590049008496,0.03194139194139192,0.15834757834757832,0.3695304695304695,0.18916666666666665,0.02233065967391092,0.06929292929292925,0.15583494519664728,0.44536796536796536,0.1887356731750324,0.6499999999999999,0.6766666666666665,2.9891032446996397,8.296601358608118,15.36371886508014,0.6221878532874381,0.5146372241780421,0.2666448972483455,2.6865264814964624,0.5620112119755942,1466.3668020958235,1551.0005935741895,5,0.007378612192010281,0.06211965510604193,0.155200441507872,0.5147186147186147,0.11693801538962827,-0.10340136170818055,0.10596028255364517,0.19975298769381136,0.393072613660849,0.1613408521303258,0.73,0.26666666666666666,2.6132930211317307,6.515603786000845,11.322034547841,4.03574950675596,0.17913442964720805,0.42332167832167833,2.607416246655673,1.1477605267968831,1497.261764224703,1523.094047421898,5,0.027147288298074675,-0.030178263164650006,0.003147136839706327,-0.1451881451881452,0.07222865127703838,0.12573202138209147,-0.03666735326071592,-0.04391804249716408,0.052295351707116355,0.027394821044706585,-0.08000000000000007,0.40999999999999986,0.37581022356790905,1.7809975726072729,4.04168431723914,-3.4135616534685216,0.3355027945308341,-0.15667678107333283,0.0791102348407895,-0.5857493148212889,-30.89496212887957,27.906546152291412,0
2026_11_IND_HOU,-0.006309607869457843,0.046755307093752335,0.12378170921269809,0.3351347182229535,0.22492319508448538,-0.18956138143488446,0.08848386672520177,0.14657291788228885,0.4133333333333333,0.18762463343108504,0.42666666666666664,0.5466666666666666,2.9092577668680946,9.040971963171962,17.109432562521807,1.6351616870459011,0.09439783701256908,0.3751294408617063,2.3086984759227915,-0.03527831788035753,1516.1646442149806,1510.7808511362248,5,-0.15108624042828028,0.048661271020253125,0.1525443973831801,0.41606060606060613,0.2139016897081413,0.07844025950379226,0.05029340499425058,0.11976495875766838,0.38618881118881115,0.13692890949483238,0.6333333333333333,0.6166666666666666,2.720156365169724,7.305004330870278,19.30402698713894,1.3523448872021935,-0.7349038868248604,0.2955741626794258,2.6750706145684466,0.46859892658084484,1469.128115962281,1530.378003428357,5,0.14477663255882245,-0.0019059639265007894,-0.028762688170482012,-0.08092588783765264,0.011021505376344082,-0.26800164093867673,0.03819046173095119,0.026807959124620473,0.02714452214452212,0.05069572393625266,-0.20666666666666667,-0.06999999999999995,0.18910140169837053,1.7359676323016844,-2.194594424617133,0.28281679984370767,0.8293017238374295,0.07955527818228048,-0.3663721386456551,-0.5038772444612024,47.036528252699554,-19.59715229213225,0
2026_11_JAX_NYG,0.01057924991104096,0.07790360763101076,0.19972583131837077,0.4986813186813187,0.11087184873949578,-0.0977330237819958,0.029107142857142842,0.10137667887667885,0.4435314685314685,0.19707717569786534,0.4,0.6666666666666667,2.666630453819807,7.193385878489328,15.425548589341691,-1.0810194313827908,0.4200959450567212,0.4243740573152338,3.0642478777743323,0.17960202794581376,1425.449168543973,1470.0837122657506,5,0.10075386426140646,0.048101608735517165,0.14608860548470448,0.5277777777777778,0.16204433497536944,-0.0331096008534991,0.06738504738504733,0.15318425253909124,0.29772727272727273,0.13127889654205438,0.78,0.4333333333333333,2.899371945069936,9.691080124459434,14.702513608060832,6.713023782703243,0.0487081299203385,0.37498383968972204,2.6579822268010775,-1.0473488693801714,1529.117682000888,1509.384227984726,5,-0.0901746143503655,0.029801998895493592,0.053637225833666285,-0.029096459096459082,-0.05117248623587366,-0.06462342292849671,-0.038277904527904485,-0.051807573662412384,0.1458041958041958,0.06579827915581096,-0.38,0.23333333333333345,-0.23274149125012888,-2.4976942459701066,0.7230349812808594,-7.7940432140860345,0.3713878151363827,0.04939021762551177,0.40626565097325473,1.226950897325985,-103.66851345691498,-39.300515718975475,0
2026_11_LV_DEN,-0.010120158321071781,0.058435708435708424,0.12951044886528756,0.40991452991452987,0.15881964087080883,-0.10991313629374826,0.0631508747092729,0.20174018269457647,0.43267825311942965,0.12654952598888522,0.5,0.4600000000000001,2.835538042997519,5.5267252832946125,10.118184868987086,-6.293163337350885,-1.0374562709627069,0.31477591036414565,3.3212441905523327,-0.16736033805280545,1576.2893472757862,1531.9088489635822,5,-0.22139980166343726,0.07009659695143564,0.1778948068060971,0.35769230769230764,0.24859502262443436,-0.07070133554734855,0.10669932605416474,0.24081710743001059,0.36672268907563027,0.14374568668046925,0.4976190476190476,0.5800000000000001,2.7047899223764738,7.851810786914234,16.790267204060306,0.13011706224810116,-0.16956447791271326,0.35516589690502737,2.583374531068177,-0.04122749943785742,1438.633800272921,1486.221802502573,5,0.2112796433423655,-0.011660888515727212,-0.04838435794080953,0.052222222222222225,-0.08977538175362554,-0.03921180074639971,-0.04354845134489184,-0.039076924735434115,0.06595556404379938,-0.017196160691584028,0.0023809523809523725,-0.12,0.13074812062104524,-2.325085503619621,-6.67208233507322,-6.423280399598986,-0.8678917930499936,-0.04038998654088172,0.7378696594841556,-0.12613283861494803,137.6555470028652,45.68704646100923,0
2026_11_MIA_BUF,0.13452081219882434,0.07170979347707737,0.12690373550325376,0.5103030303030304,0.09789044289044288,-0.005240583738414667,0.05789039998114406,0.18310660664199677,0.3633041958041958,0.22262111801242232,0.75,0.71,2.8525478954638244,8.841728271728272,13.510860663252211,3.2540371034971662,0.9475499309319808,0.46232833214257363,3.137927779395332,0.20702988408564504,1605.8433408491608,1539.9109127172403,5,-0.17883163463443488,0.09826512226512224,0.16598198198198194,0.3769230769230769,0.20317859349894946,0.10146890321369625,0.012,0.10633179723502302,0.5042124542124542,0.22219117647058823,0.3333333333333333,0.8033333333333333,2.8904229761381943,9.207920973712278,22.411067193675887,0.5478607085346233,-0.590892341058445,0.355241868554562,3.1345522948545153,0.4338065991400663,1456.047333785131,1496.20555010898,5,0.31335244683325925,-0.02655532878804487,-0.03907824647872818,0.13337995337995345,-0.10528815060850658,-0.10670948695211092,0.04589039998114405,0.07677480940697375,-0.14090825840825838,0.0004299415418340946,0.4166666666666667,-0.09333333333333338,-0.037875080674369954,-0.3661927019840068,-8.900206530423675,2.706176394962543,1.5384422719904258,0.1070864635880116,0.003375484540816931,-0.22677671505442126,149.7960070640297,43.7053626082602,0
2026_11_MIN_SF,0.14062867328361878,0.02401315789473684,0.10380284043441934,0.568968253968254,0.0919001782531194,0.0067956155698636585,0.04945193171608262,0.13594510022616718,0.4377777777777778,0.1696140385795558,0.7333333333333333,0.2533333333333333,3.0286828877005343,7.239409884233413,13.832442067736185,5.640454149336507,0.2381007117937769,0.3723731884057971,2.992561080527955,0.11612967891674827,1563.3447140374958,1481.914364065069,5,-0.12086809944527062,0.12976660341555976,0.19429728020240353,0.2715934065934066,0.15488879983971143,-0.19760512347827358,0.1394610442268105,0.259010666833011,0.261624649859944,0.20352760459022315,0.5125,0.25,2.8399270257634344,8.058213506493507,13.043793892527422,-4.247111435729502,-0.08717932318430144,0.3664227526759496,3.0605804021590814,0.722920827903586,1573.704718427861,1506.8078571131275,5,0.2614967727288894,-0.10575344552082291,-0.09049443976798419,0.29737484737484743,-0.06298862158659203,0.20440073904813724,-0.09000911251072788,-0.12306556660684381,0.17615312791783383,-0.03391356601066736,0.22083333333333333,0.0033333333333332993,0.18875586193709992,-0.8188036222600941,0.7886481752087633,9.887565585066008,0.32528003497807834,0.005950435729847492,-0.06801932163112623,-0.6067911489868377,-10.360004390365248,-24.893493048058417,0
2026_11_NO_CHI,0.09594100051518671,0.03559406646698044,0.11726837418750125,0.45917415917415916,0.11823366220649749,0.11820425152285703,0.0658020426159171,0.11876986790557284,0.41179487179487173,0.1484507465931614,0.5666666666666667,0.55,3.090012710449563,7.117608587109162,12.499663960110206,-0.0018816788350300762,0.424752179598888,0.40402750843927315,3.5595895453945516,0.364238817394773,1514.2693893634894,1529.8405584641796,5,0.019609789857490206,0.07209736500059076,0.13594548820355265,0.47419340463458115,0.19088000888000886,-0.040736796462710986,0.07609240695136768,0.17169987509330026,0.40212148962148964,0.15556484095614526,0.7533333333333333,0.5076190476190476,2.660659388280565,7.842335805262276,13.218176159352629,5.27847713974479,0.6611821232793184,0.39804639804639796,3.0821069857524575,0.045914003223520385,1442.5698335690824,1509.8440844460413,5,0.0763312106576965,-0.03650329853361032,-0.018677114016051405,-0.015019245460421993,-0.07264634667351137,0.15894104798556802,-0.01029036433545058,-0.05293000718772742,0.009673382173382095,-0.007114094362983853,-0.18666666666666665,0.04238095238095241,0.429353322168998,-0.7247272181531139,-0.7185121992424222,-5.28035881857982,-0.23642994368043035,0.0059811103928751885,0.4774825596420942,0.3183248141712526,71.69955579440693,19.996474018138315,0
2026_11_NYJ_LAC,-0.20645130234105985,0.08683353545153204,0.17790864257417732,0.3514285714285714,0.16585497835497834,-0.07268405356522459,0.06767708098353258,0.16410719656687398,0.37505827505827505,0.17809906306152132,0.46333333333333326,0.36333333333333334,2.8383926550294913,9.312933562256143,13.8081798375916,-3.226212938205582,-0.5518552781447963,0.35885093167701865,2.695385295232307,-0.9735693985954201,1500.6754590474861,1474.0309406700828,5,-0.06679110061987134,0.05212008281573497,0.12768402611880866,0.35999723960250274,0.23314687685397067,0.16701834750575464,0.05238858363858362,0.09359737484737483,0.37777777777777777,0.12670760611937076,0.5999999999999999,0.86,2.8280228337428337,6.058080709678185,14.165568007031421,2.236785067217994,0.42989520067579556,0.36146353646353646,2.9994687836909817,-0.7251697090040773,1402.1811734371163,1490.470222274006,5,-0.1396602017211885,0.03471345263579707,0.05022461645536866,-0.008568668173931315,-0.06729189849899234,-0.23970240107097923,0.015288497344948956,0.07050982171949914,-0.00271950271950272,0.051391456942150554,-0.1366666666666666,-0.49666666666666665,0.010369821286657643,3.254852852577958,-0.35738816943982066,-5.462998005423576,-0.9817504788205919,-0.0026126047865178137,-0.3040834884586747,-0.24839968959134284,98.49428561036984,-16.439281603923064,0
2026_11_PIT_PHI,-0.06922385603506952,0.0656006433314553,0.13203723232644252,0.3842490842490842,0.16316418764302057,-0.07253222560240262,0.045050685748360145,0.10993587377308305,0.42498834498834503,0.14478578892371996,0.5833333333333333,0.6833333333333333,3.1825794514514514,9.346461433664375,12.506806806806807,-1.631707107107103,0.29767787796328976,0.3509784075573549,2.722478818965045,0.21699012497089037,1575.90579940087,1450.2878849341132,5,-0.06536572261812953,0.05580474104033252,0.13978620379732612,0.3553571428571428,0.16067977915804002,-0.09413674180231622,0.10084859584859582,0.18909645909645906,0.33426573426573425,0.1921698373311276,0.26666666666666666,0.16666666666666666,2.7068973612557654,7.676974559787061,14.92291646609544,-2.839980185167362,1.296461511558681,0.46385281385281385,2.662439985479228,0.14388371302192904,1542.027379793895,1500.9518376172116,5,-0.0038581334169399822,0.009795902291122774,-0.007748971470883603,0.0288919413919414,0.0024844084849805492,0.021604516199913604,-0.05579791010023567,-0.07916058532337601,0.09072261072261079,-0.04738404840740765,0.3166666666666666,0.5166666666666667,0.47568209019568597,1.6694868738773145,-2.416109659288633,1.208273078060259,-0.9987836335953912,-0.11287440629545897,0.060038833485816845,0.07310641194896134,33.87841960697483,-50.66395268309839,0
2026_11_TB_DET,0.014733188799656733,0.07691607611263274,0.19042664811674853,0.41338661338661337,0.2186339586339586,0.026335779857456172,0.10969401765282769,0.1829858704732846,0.47663512957630605,0.12870767828662563,0.7699999999999999,0.8933333333333333,2.734245083198713,6.95498338935099,16.37665948691357,0.8577093442326026,0.07738189464968279,0.41280903407945146,3.1233445981750108,0.06288153960157472,1560.1206859725398,1481.7771868921918,5,-0.12009472579349438,0.08959489302967563,0.13489233954451343,0.41000377073906485,0.1784598997493734,-0.028582656765212378,0.05048103565750621,0.10870133999545761,0.30787545787545784,0.24678292721770972,0.3333333333333333,0.4333333333333333,3.0425924751718876,8.151198653198653,11.073338426279602,1.7226781257957762,-0.8309883687503095,0.2463908640379228,3.3387459071387937,1.2339791442030923,1464.6981591591637,1493.623056666156,5,0.1348279145931511,-0.012678816917042895,0.0555343085722351,0.003382842647548512,0.040174058884585195,0.05491843662266855,0.059212981995321476,0.07428453047782699,0.1687596717008482,-0.11807524893108409,0.4366666666666666,0.46,-0.30834739197317473,-1.1962152638476633,5.303321060633969,-0.8649687815631736,0.9083702633999923,0.16641817004152867,-0.21540130896378296,-1.1710976046015176,95.42252681337618,-11.845869773964068,0
2026_11_TEN_DAL,0.05167619653652859,0.04212560386473428,0.135819397993311,0.47965034965034964,0.18140618002686965,0.20913841229369634,0.047018022627778724,0.15032934545129664,0.5085714285714287,0.1716331269349845,0.6833333333333333,0.58,2.7564119990127702,8.703118727598566,20.09048540950818,2.746670056797785,0.4053738322530262,0.4954744816586921,2.9476231741565395,0.4344478181269409,1479.4125045895676,1468.712886621616,5,-0.13339693830228574,0.05515687211339382,0.12075834793226092,0.3517307692307692,0.10215193155302045,0.11419289401185781,0.06137697428020004,0.1180944503525148,0.41103341103341096,0.19869227994227995,0.6333333333333333,0.6833333333333333,3.1082658333333333,6.600291596638655,10.416666666666666,-3.6334680555555563,0.3826320944258958,0.44304388422035473,2.6166363840410676,0.3002418600627482,1366.7373057810041,1467.6889016730863,5,0.18507313483881432,-0.013031268248659536,0.015061050061050074,0.12791958041958046,0.0792542484738492,0.09494551828183853,-0.014358951652421313,0.03223489509878184,0.09753801753801772,-0.027059153007295444,0.050000000000000044,-0.10333333333333339,-0.35185383432056305,2.102827130959911,9.673818742841513,6.380138112353341,0.022741737827130404,0.05243059743833739,0.33098679011547194,0.13420595806419267,112.67519880856344,1.0239849485296872,0
2026_12_ATL_MIN,-0.12086809944527062,0.12976660341555976,0.19429728020240353,0.2715934065934066,0.15488879983971143,-0.19760512347827358,0.1394610442268105,0.259010666833011,0.261624649859944,0.20352760459022315,0.5125,0.25,2.8399270257634344,8.058213506493507,13.043793892527422,-4.247111435729502,-0.08717932318430144,0.3664227526759496,3.0605804021590814,0.722920827903586,1573.704718427861,1506.8078571131275,5,-0.09555983811719475,0.06837606837606836,0.18623931623931622,0.34893772893772895,0.15502941133200598,-0.057440293846527005,0.05694420493059173,0.14655851490791932,0.35513736263736256,0.18655677655677655,0.5444444444444444,0.4666666666666666,2.5756530571847507,6.347884756728779,13.209090909090909,-5.962798863636364,0.80136693554076,0.4347400284900285,3.263610455856103,0.8563174007818803,1473.137108563973,1502.8134860104954,5,-0.02530826132807587,0.061390535039491406,0.008057963963087306,-0.07734432234432237,-0.00014061149229455117,-0.1401648296317466,0.08251683929621877,0.11245215192509167,-0.09351271277741857,0.0169708280334466,-0.03194444444444444,-0.21666666666666662,0.2642739685786837,1.7103287497647282,-0.16529701656348728,1.715687427906862,-0.8885462587250614,-0.06831727581407893,-0.20303005369702154,-0.13339657287829432,100.56760986388804,3.994371102632158,0
2026_12_BAL_HOU,-0.006309607869457843,0.046755307093752335,0.12378170921269809,0.3351347182229535,0.22492319508448538,-0.18956138143488446,0.08848386672520177,0.14657291788228885,0.4133333333333333,0.18762463343108504,0.42666666666666664,0.5466666666666666,2.9092577668680946,9.040971963171962,17.109432562521807,1.6351616870459011,0.09439783701256908,0.3751294408617063,2.3086984759227915,-0.03527831788035753,1516.1646442149806,1510.7808511362248,5,0.20981550751008352,0.06691408156925394,0.1377599722427308,0.4349511599511599,0.12871354651540404,-0.034537228950464766,0.05199714735392484,0.13463877959210438,0.45608974358974363,0.1961111111111111,0.6458333333333333,0.6333333333333333,3.056052777777778,8.984870960108182,11.425806451612903,4.1736807168458805,0.6162122160176126,0.40424993643529117,3.2104524792287896,1.4775962081199467,1541.8729492343268,1468.580443508806,5,-0.21612511537954135,-0.0201587744755016,-0.013978263030032703,-0.09981644172820642,0.09620964856908135,-0.1550241524844197,0.03648671937127693,0.01193413829018447,-0.04275641025641036,-0.008486477680026056,-0.21916666666666662,-0.08666666666666667,-0.1467950109096834,0.0561010030637803,5.683626110908904,-2.5385190297999793,-0.5218143790050435,-0.02912049557358487,-0.9017540033059981,-1.5128745260003043,-25.7083050193462,42.20040762741883,0
2026_12_CAR_TB,-0.12009472579349438,0.08959489302967563,0.13489233954451343,0.41000377073906485,0.1784598997493734,-0.028582656765212378,0.05048103565750621,0.10870133999545761,0.30787545787545784,0.24678292721770972,0.3333333333333333,0.4333333333333333,3.0425924751718876,8.151198653198653,11.073338426279602,1.7226781257957762,-0.8309883687503095,0.2463908640379228,3.3387459071387937,1.2339791442030923,1464.6981591591637,1493.623056666156,5,0.04684122227905145,0.04446196164425718,0.1177138492767988,0.2729365079365079,0.19021847717499887,-0.0828757098460731,0.069807894425891,0.11943475313594157,0.4902289377289377,0.1020009157509157,0.6333333333333333,0.6291666666666667,2.9586424641161813,7.8316344696969695,11.655941655941657,2.6239667846417802,0.7093101327846962,0.46710526315789475,3.029778721321013,-0.14132224419959993,1442.418838317235,1473.968492195916,5,-0.16693594807254583,0.045132931385418455,0.017178490267714633,0.13706726280255693,-0.011758577425625472,0.05429305308086073,-0.01932685876838479,-0.010733413140483955,-0.18235347985347988,0.14478201146679404,-0.3,-0.19583333333333336,0.08395001105570632,0.3195641835016838,-0.5826032296620554,-0.9012886588460041,-1.5402985015350057,-0.22071439911997195,0.3089671858177807,1.3753013884026921,22.279320841928666,19.654564470239848,0
2026_12_CHI_DET,0.014733188799656733,0.07691607611263274,0.19042664811674853,0.41338661338661337,0.2186339586339586,0.026335779857456172,0.10969401765282769,0.1829858704732846,0.47663512957630605,0.12870767828662563,0.7699999999999999,0.8933333333333333,2.734245083198713,6.95498338935099,16.37665948691357,0.8577093442326026,0.07738189464968279,0.41280903407945146,3.1233445981750108,0.06288153960157472,1560.1206859725398,1481.7771868921918,5,0.09594100051518671,0.03559406646698044,0.11726837418750125,0.45917415917415916,0.11823366220649749,0.11820425152285703,0.0658020426159171,0.11876986790557284,0.41179487179487173,0.1484507465931614,0.5666666666666667,0.55,3.090012710449563,7.117608587109162,12.499663960110206,-0.0018816788350300762,0.424752179598888,0.40402750843927315,3.5595895453945516,0.364238817394773,1514.2693893634894,1529.8405584641796,5,-0.08120781171552997,0.041322009645652295,0.07315827392924729,-0.04578754578754579,0.10040029642746111,-0.09186847166540085,0.043891975036910585,0.06421600256771176,0.06484025778143432,-0.01974306830653577,0.20333333333333325,0.34333333333333327,-0.3557676272508501,-0.16262519775817186,3.8769955268033645,0.8595910230676327,-0.3473702849492052,0.008781525640178311,-0.4362449472195409,-0.30135727779319826,45.85129660905045,-48.06337157198777,0
2026_12_DEN_PIT,-0.06536572261812953,0.05580474104033252,0.13978620379732612,0.3553571428571428,0.16067977915804002,-0.09413674180231622,0.10084859584859582,0.18909645909645906,0.33426573426573425,0.1921698373311276,0.26666666666666666,0.16666666666666666,2.7068973612557654,7.676974559787061,14.92291646609544,-2.839980185167362,1.296461511558681,0.46385281385281385,2.662439985479228,0.14388371302192904,1542.027379793895,1500.9518376172116,5,-0.010120158321071781,0.058435708435708424,0.12951044886528756,0.40991452991452987,0.15881964087080883,-0.10991313629374826,0.0631508747092729,0.20174018269457647,0.43267825311942965,0.12654952598888522,0.5,0.4600000000000001,2.835538042997519,5.5267252832946125,10.118184868987086,-6.293163337350885,-1.0374562709627069,0.31477591036414565,3.3212441905523327,-0.16736033805280545,1576.2893472757862,1531.9088489635822,5,-0.05524556429705775,-0.0026309673953759036,0.010275754932038556,-0.05455738705738705,0.0018601382872311945,0.015776394491432033,0.03769772113932292,-0.012643723598117412,-0.0984125188536954,0.06562031134224239,-0.23333333333333334,-0.29333333333333345,-0.12864068174175358,2.150249276492448,4.804731597108354,3.453183152183523,2.3339177825213877,0.1490769034886682,-0.6588042050731047,0.3112440510747345,-34.26196748189113,-30.957011346370564,0
2026_12_GB_LA,0.10471020144597357,0.03955529857022706,0.1598507148864592,0.46048516842634485,0.10906832298136641,0.04467995752922869,0.04717011128775834,0.204386150856739,0.41686646686646683,0.11681385281385279,0.47333333333333333,0.5333333333333333,2.8804177736358314,10.1846413985414,19.169161907701806,2.4979925482327516,1.4428653959629156,0.4397326007326007,2.7423540075716213,1.5287479450621815,1541.1162938983907,1510.7073317930335,5,-0.03265951637880192,0.09940383158094153,0.205985365160557,0.3022222222222222,0.2106909430438842,-0.01069750910614597,0.056119544592030335,0.14779350946333863,0.5013533834586467,0.17890359341972242,0.3833333333333333,0.6366666666666667,2.5936859334820457,9.686648875929682,14.179601573876136,-3.796094355113545,-0.7189174293713987,0.33126550868486354,3.164201685907968,1.295096387042843,1519.72855060859,1473.7387876913774,5,0.13736971782477547,-0.059848533010714466,-0.0461346502740978,0.15826294620412262,-0.10162262006251778,0.055377466635374656,-0.008949433304271996,0.05659264139340037,-0.08448691659217983,-0.06208974060586964,0.09000000000000002,-0.10333333333333339,0.2867318401537857,0.49799252261171745,4.98956033382567,6.2940869033462965,2.1617828253343143,0.10846709204773713,-0.42184767833634673,0.23365155801933857,21.38774328980071,36.96854410165611,0
2026_12_KC_BUF,0.13452081219882434,0.07170979347707737,0.12690373550325376,0.5103030303030304,0.09789044289044288,-0.005240583738414667,0.05789039998114406,0.18310660664199677,0.3633041958041958,0.22262111801242232,0.75,0.71,2.8525478954638244,8.841728271728272,13.510860663252211,3.2540371034971662,0.9475499309319808,0.46232833214257363,3.137927779395332,0.20702988408564504,1605.8433408491608,1539.9109127172403,5,-0.07569543658069004,0.0682976827094474,0.20098930481283422,0.3831587530116941,0.15697210041595738,-0.10187793873215371,0.0481427174975562,0.11883815109621558,0.3888888888888889,0.15339861751152073,0.56,0.4333333333333333,2.755575464535696,5.445313102956046,8.338685140937955,-3.0239418085738494,1.944313758932201,0.5360054347826086,4.092348799697803,0.8846171639165157,1544.9407810757768,1500.633082188943,5,0.2102162487795144,0.0034121107676299695,-0.07408556930958046,0.12714427729133626,-0.0590816575255145,0.09663735499373904,0.009747682483587858,0.06426845554578119,-0.025584693084693078,0.06922250050090159,0.18999999999999995,0.27666666666666667,0.09697243092812835,3.3964151687722257,5.172175522314257,6.277978912071015,-0.9967638280002202,-0.07367710264003502,-0.9544210203024712,-0.6775872798308706,60.90255977338393,39.27783052829727,0
2026_12_LV_CLE,-0.14047780482621658,0.10930402930402924,0.1955311355311355,0.3127455877455877,0.16179653679653674,0.043227188613119014,0.05463565891472866,0.13025581395348834,0.38571067821067817,0.14804597701149422,0.2,0.5,3.0208692753623185,7.501294781180837,14.508563899868246,-1.0457633728590263,-0.5487954934381464,0.3501010101010101,3.179493398763119,0.10219603226618368,1454.499768875897,1486.4829814881596,5,-0.22139980166343726,0.07009659695143564,0.1778948068060971,0.35769230769230764,0.24859502262443436,-0.07070133554734855,0.10669932605416474,0.24081710743001059,0.36672268907563027,0.14374568668046925,0.4976190476190476,0.5800000000000001,2.7047899223764738,7.851810786914234,16.790267204060306,0.13011706224810116,-0.16956447791271326,0.35516589690502737,2.583374531068177,-0.04122749943785742,1438.633800272921,1486.221802502573,5,0.08092199683722068,0.03920743235259361,0.017636328725038397,-0.04494671994671995,-0.08679848582789762,0.11392852416046756,-0.05206366713943608,-0.11056129347652224,0.0189879891350479,0.00430029033102497,-0.2976190476190476,-0.08000000000000007,0.3160793529858448,-0.3505160057333967,-2.2817033041920602,-1.1758804351071275,-0.37923101552543315,-0.005064886804017288,0.5961188676949418,0.1434235317040411,15.865968602975954,0.2611789855866391,0
2026_12_NE_LAC,-0.20645130234105985,0.08683353545153204,0.17790864257417732,0.3514285714285714,0.16585497835497834,-0.07268405356522459,0.06767708098353258,0.16410719656687398,0.37505827505827505,0.17809906306152132,0.46333333333333326,0.36333333333333334,2.8383926550294913,9.312933562256143,13.8081798375916,-3.226212938205582,-0.5518552781447963,0.35885093167701865,2.695385295232307,-0.9735693985954201,1500.6754590474861,1474.0309406700828,5,0.08950592208191036,0.05986700986700984,0.1327327327327327,0.3847222222222222,0.16662622244927744,-0.12052519817148843,0.07103868444681904,0.19570872014069765,0.34245337995337993,0.14193374741200826,0.5,0.26666666666666666,3.112547861471861,9.331289938556067,12.10966810966811,8.91464496392497,0.037431893668879446,0.4131944444444444,3.1827164479614756,0.6053213759231977,1519.503446401706,1548.7240141550292,5,-0.29595722442297023,0.0269665255845222,0.04517590984144462,-0.033293650793650764,-0.0007712440942991006,0.04784114460626385,-0.0033616034632864694,-0.031601523573823675,0.032604895104895115,0.03616531564951306,-0.036666666666666736,0.09666666666666668,-0.2741552064423698,-0.018356376299923483,1.6985117279234903,-12.140857902130552,-0.5892871718136757,-0.05434351276742577,-0.4873311527291686,-1.5788907745186178,-18.827987354219886,-74.69307348494635,0
2026_12_NO_CIN,0.007378612192010281,0.06211965510604193,0.155200441507872,0.5147186147186147,0.11693801538962827,-0.10340136170818055,0.10596028255364517,0.19975298769381136,0.393072613660849,0.1613408521303258,0.73,0.26666666666666666,2.6132930211317307,6.515603786000845,11.322034547841,4.03574950675596,0.17913442964720805,0.42332167832167833,2.607416246655673,1.1477605267968831,1497.261764224703,1523.094047421898,5,0.019609789857490206,0.07209736500059076,0.13594548820355265,0.47419340463458115,0.19088000888000886,-0.040736796462710986,0.07609240695136768,0.17169987509330026,0.40212148962148964,0.15556484095614526,0.7533333333333333,0.5076190476190476,2.660659388280565,7.842335805262276,13.218176159352629,5.27847713974479,0.6611821232793184,0.39804639804639796,3.0821069857524575,0.045914003223520385,1442.5698335690824,1509.8440844460413,5,-0.012231177665479926,-0.009977709894548832,0.01925495330431934,0.040525210084033536,-0.0739419934903806,-0.06266456524546957,0.029867875602277494,0.028053112600511104,-0.009048875960640634,0.005776011174180556,-0.023333333333333317,-0.24095238095238097,-0.04736636714883424,-1.3267320192614305,-1.896141611511629,-1.2427276329888297,-0.4820476936321103,0.025275280275280365,-0.4746907390967845,1.1018465235733628,54.69193065562058,13.24996297585676,0
2026_12_NYG_IND,-0.15108624042828028,0.048661271020253125,0.1525443973831801,0.41606060606060613,0.2139016897081413,0.07844025950379226,0.05029340499425058,0.11976495875766838,0.38618881118881115,0.13692890949483238,0.6333333333333333,0.6166666666666666,2.720156365169724,7.305004330870278,19.30402698713894,1.3523448872021935,-0.7349038868248604,0.2955741626794258,2.6750706145684466,0.46859892658084484,1469.128115962281,1530.378003428357,5,0.01057924991104096,0.07790360763101076,0.19972583131837077,0.4986813186813187,0.11087184873949578,-0.0977330237819958,0.029107142857142842,0.10137667887667885,0.4435314685314685,0.19707717569786534,0.4,0.6666666666666667,2.666630453819807,7.193385878489328,15.425548589341691,-1.0810194313827908,0.4200959450567212,0.4243740573152338,3.0642478777743323,0.17960202794581376,1425.449168543973,1470.0837122657506,5,-0.16166549033932123,-0.029242336610757633,-0.04718143393519067,-0.08262071262071258,0.10302984096864552,0.17617328328578807,0.021186262137107736,0.018388279880989525,-0.057342657342657366,-0.06014826620303296,0.23333333333333328,-0.050000000000000155,0.05352591134991691,0.11161845238095047,3.878478397797249,2.4333643185849843,-1.1549998318815815,-0.128799894635808,-0.38917726320588564,0.2889968986350311,43.6789474183081,60.29429116260644,0
2026_12_NYJ_MIA,-0.17883163463443488,0.09826512226512224,0.16598198198198194,0.3769230769230769,0.20317859349894946,0.10146890321369625,0.012,0.10633179723502302,0.5042124542124542,0.22219117647058823,0.3333333333333333,0.8033333333333333,2.8904229761381943,9.207920973712278,22.411067193675887,0.5478607085346233,-0.590892341058445,0.355241868554562,3.1345522948545153,0.4338065991400663,1456.047333785131,1496.20555010898,5,-0.06679110061987134,0.05212008281573497,0.12768402611880866,0.35999723960250274,0.23314687685397067,0.16701834750575464,0.05238858363858362,0.09359737484737483,0.37777777777777777,0.12670760611937076,0.5999999999999999,0.86,2.8280228337428337,6.058080709678185,14.165568007031421,2.236785067217994,0.42989520067579556,0.36146353646353646,2.9994687836909817,-0.7251697090040773,1402.1811734371163,1490.470222274006,5,-0.11204053401456354,0.04614503944938727,0.03829795586317328,0.016925837320574177,-0.02996828335502122,-0.06554944429205839,-0.04038858363858362,0.012734422387648187,0.12643467643467643,0.09548357035121746,-0.26666666666666655,-0.05666666666666664,0.062400142395360625,3.1498402640340935,8.245499186644466,-1.6889243586833707,-1.0207875417342405,-0.0062216679089744376,0.13508351116353357,1.1589763081441435,53.86616034801477,5.735327834974214,0
2026_12_PHI_DAL,0.05167619653652859,0.04212560386473428,0.135819397993311,0.47965034965034964,0.18140618002686965,0.20913841229369634,0.047018022627778724,0.15032934545129664,0.5085714285714287,0.1716331269349845,0.6833333333333333,0.58,2.7564119990127702,8.703118727598566,20.09048540950818,2.746670056797785,0.4053738322530262,0.4954744816586921,2.9476231741565395,0.4344478181269409,1479.4125045895676,1468.712886621616,5,-0.06922385603506952,0.0656006433314553,0.13203723232644252,0.3842490842490842,0.16316418764302057,-0.07253222560240262,0.045050685748360145,0.10993587377308305,0.42498834498834503,0.14478578892371996,0.5833333333333333,0.6833333333333333,3.1825794514514514,9.346461433664375,12.506806806806807,-1.631707107107103,0.29767787796328976,0.3509784075573549,2.722478818965045,0.21699012497089037,1575.90579940087,1450.2878849341132,5,0.12090005257159811,-0.023475039466721012,0.003782165666868481,0.09540126540126542,0.018241992383849076,0.281670637896099,0.0019673368794185797,0.0403934716782136,0.08358308358308364,0.026847338011264543,0.10000000000000009,-0.10333333333333339,-0.42616745243868115,-0.643342706065809,7.583678602701372,4.378377163904888,0.10769595428973644,0.14449607410133725,0.22514435519149467,0.2174576931560505,-96.49329481130235,18.4250016875028,0
2026_12_SEA_SF,0.14062867328361878,0.02401315789473684,0.10380284043441934,0.568968253968254,0.0919001782531194,0.0067956155698636585,0.04945193171608262,0.13594510022616718,0.4377777777777778,0.1696140385795558,0.7333333333333333,0.2533333333333333,3.0286828877005343,7.239409884233413,13.832442067736185,5.640454149336507,0.2381007117937769,0.3723731884057971,2.992561080527955,0.11612967891674827,1563.3447140374958,1481.914364065069,5,-0.02389999629498236,0.054910394265232934,0.13800503317318688,0.40783799533799536,0.2025396825396825,-0.17104867699316326,0.0702707373271889,0.1962058371735791,0.22309829059829056,0.14451337898413222,0.4,0.5333333333333333,2.951805066045066,6.730919580419581,15.42812742812743,5.722945454545458,0.5782498378357661,0.4143048128342246,2.9453514590844208,1.4261563549079441,1583.5729569195983,1468.3225916469034,5,0.16452866957860113,-0.030897236370496094,-0.03420219273876754,0.16113025863025865,-0.11063950428656309,0.17784429256302692,-0.02081880561110628,-0.06026073694741191,0.21467948717948726,0.02510065959542357,0.33333333333333326,-0.28,0.07687782165546819,0.508490303813832,-1.5956853603912453,-0.08249130520895154,-0.3401491260419892,-0.041931624428427516,0.047209621443534466,-1.3100266759911958,-20.22824288210245,13.591772418165647,0
2026_12_TEN_JAX,0.10075386426140646,0.048101608735517165,0.14608860548470448,0.5277777777777778,0.16204433497536944,-0.0331096008534991,0.06738504738504733,0.15318425253909124,0.29772727272727273,0.13127889654205438,0.78,0.4333333333333333,2.899371945069936,9.691080124459434,14.702513608060832,6.713023782703243,0.0487081299203385,0.37498383968972204,2.6579822268010775,-1.0473488693801714,1529.117682000888,1509.384227984726,5,-0.13339693830228574,0.05515687211339382,0.12075834793226092,0.3517307692307692,0.10215193155302045,0.11419289401185781,0.06137697428020004,0.1180944503525148,0.41103341103341096,0.19869227994227995,0.6333333333333333,0.6833333333333333,3.1082658333333333,6.600291596638655,10.416666666666666,-3.6334680555555563,0.3826320944258958,0.44304388422035473,2.6166363840410676,0.3002418600627482,1366.7373057810041,1467.6889016730863,5,0.2341508025636922,-0.007055263377876653,0.025330257552443558,0.1760470085470086,0.059892403422348986,-0.1473024948653569,0.006008073104847293,0.03508980218657644,-0.11330613830613823,-0.06741338340022557,0.14666666666666672,-0.25000000000000006,-0.20889388826339728,3.090788527820779,4.2858469413941656,10.3464918382588,-0.3339239645055573,-0.06806004453063269,0.041345842760009965,-1.3475907294429197,162.38037621988383,41.69532631163975,0
2026_12_WAS_ARI,-0.004516598095505464,0.07509079586792869,0.1886946307358106,0.3611888111888112,0.13125588586689152,0.10158007038260801,0.04406245967221574,0.10553232675183892,0.5301648351648351,0.14753386398547685,0.6,0.7533333333333333,2.7732183269471693,6.782202535282536,17.526514461998335,4.724107595543078,-0.1550086854498449,0.4464285714285714,2.870394177475923,0.502828371220245,1413.2601842992865,1561.1104577809335,5,0.03452590049008496,0.03194139194139192,0.15834757834757832,0.3695304695304695,0.18916666666666665,0.02233065967391092,0.06929292929292925,0.15583494519664728,0.44536796536796536,0.1887356731750324,0.6499999999999999,0.6766666666666665,2.9891032446996397,8.296601358608118,15.36371886508014,0.6221878532874381,0.5146372241780421,0.2666448972483455,2.6865264814964624,0.5620112119755942,1466.3668020958235,1551.0005935741895,5,-0.03904249858559042,0.04314940392653677,0.030347052388232293,-0.008341658341658287,-0.05791078079977513,0.0792494107086971,-0.025230469620713514,-0.050302618444808364,0.08479686979686979,-0.041201809189555544,-0.04999999999999993,0.07666666666666677,-0.21588491775247043,-1.5143988233255818,2.162795596918196,4.10191974225564,-0.6696459096278871,0.1797836741802259,0.1838676959794605,-0.059182840755349186,-53.106617796536966,10.109864206744078,0
2026_13_BUF_NE,0.08950592208191036,0.05986700986700984,0.1327327327327327,0.3847222222222222,0.16662622244927744,-0.12052519817148843,0.07103868444681904,0.19570872014069765,0.34245337995337993,0.14193374741200826,0.5,0.26666666666666666,3.112547861471861,9.331289938556067,12.10966810966811,8.91464496392497,0.037431893668879446,0.4131944444444444,3.1827164479614756,0.6053213759231977,1519.503446401706,1548.7240141550292,5,0.13452081219882434,0.07170979347707737,0.12690373550325376,0.5103030303030304,0.09789044289044288,-0.005240583738414667,0.05789039998114406,0.18310660664199677,0.3633041958041958,0.22262111801242232,0.75,0.71,2.8525478954638244,8.841728271728272,13.510860663252211,3.2540371034971662,0.9475499309319808,0.46232833214257363,3.137927779395332,0.20702988408564504,1605.8433408491608,1539.9109127172403,5,-0.04501489011691398,-0.011842783610067534,0.005828997229478938,-0.12558080808080818,0.06873577955883456,-0.11528461443307376,0.013148284465674988,0.012602113498700884,-0.020850815850815885,-0.08068737060041406,-0.25,-0.4433333333333333,0.25999996600803676,0.4895616668277949,-1.4011925535841012,5.6606078604278025,-0.9101180372631014,-0.04913388769812921,0.044788668566143386,0.39829149183755264,-86.33989444745475,8.813101437788873,0
2026_13_CAR_MIN,-0.12086809944527062,0.12976660341555976,0.19429728020240353,0.2715934065934066,0.15488879983971143,-0.19760512347827358,0.1394610442268105,0.259010666833011,0.261624649859944,0.20352760459022315,0.5125,0.25,2.8399270257634344,8.058213506493507,13.043793892527422,-4.247111435729502,-0.08717932318430144,0.3664227526759496,3.0605804021590814,0.722920827903586,1573.704718427861,1506.8078571131275,5,0.04684122227905145,0.04446196164425718,0.1177138492767988,0.2729365079365079,0.19021847717499887,-0.0828757098460731,0.069807894425891,0.11943475313594157,0.4902289377289377,0.1020009157509157,0.6333333333333333,0.6291666666666667,2.9586424641161813,7.8316344696969695,11.655941655941657,2.6239667846417802,0.7093101327846962,0.46710526315789475,3.029778721321013,-0.14132224419959993,1442.418838317235,1473.968492195916,5,-0.16770932172432207,0.08530464177130259,0.07658343092560473,-0.0013431013431013383,-0.03532967733528744,-0.11472941363220047,0.0696531498009195,0.13957591369706943,-0.22860428786899373,0.10152668883930745,-0.12083333333333335,-0.37916666666666665,-0.1187154383527469,0.22657903679653746,1.3878522365857648,-6.871078220371282,-0.7964894559689977,-0.10068251048194515,0.030801680838068446,0.864243072103186,131.28588011062607,32.83936491721147,0
2026_13_CIN_CLE,-0.14047780482621658,0.10930402930402924,0.1955311355311355,0.3127455877455877,0.16179653679653674,0.043227188613119014,0.05463565891472866,0.13025581395348834,0.38571067821067817,0.14804597701149422,0.2,0.5,3.0208692753623185,7.501294781180837,14.508563899868246,-1.0457633728590263,-0.5487954934381464,0.3501010101010101,3.179493398763119,0.10219603226618368,1454.499768875897,1486.4829814881596,5,0.007378612192010281,0.06211965510604193,0.155200441507872,0.5147186147186147,0.11693801538962827,-0.10340136170818055,0.10596028255364517,0.19975298769381136,0.393072613660849,0.1613408521303258,0.73,0.26666666666666666,2.6132930211317307,6.515603786000845,11.322034547841,4.03574950675596,0.17913442964720805,0.42332167832167833,2.607416246655673,1.1477605267968831,1497.261764224703,1523.094047421898,5,-0.14785641701822685,0.047184374197987315,0.0403306940232635,-0.201973026973027,0.04485852140690848,0.14662855032129957,-0.05132462363891652,-0.06949717374032302,-0.007361935450170831,-0.013294875118831595,-0.53,0.23333333333333334,0.40757625423058785,0.9856909951799917,3.1865293520272466,-5.081512879614986,-0.7279299230853544,-0.07322066822066825,0.5720771521074459,-1.0455644945306994,-42.76199534880607,-36.61106593373847,0
2026_13_DAL_SEA,-0.02389999629498236,0.054910394265232934,0.13800503317318688,0.40783799533799536,0.2025396825396825,-0.17104867699316326,0.0702707373271889,0.1962058371735791,0.22309829059829056,0.14451337898413222,0.4,0.5333333333333333,2.951805066045066,6.730919580419581,15.42812742812743,5.722945454545458,0.5782498378357661,0.4143048128342246,2.9453514590844208,1.4261563549079441,1583.5729569195983,1468.3225916469034,5,0.05167619653652859,0.04212560386473428,0.135819397993311,0.47965034965034964,0.18140618002686965,0.20913841229369634,0.047018022627778724,0.15032934545129664,0.5085714285714287,0.1716331269349845,0.6833333333333333,0.58,2.7564119990127702,8.703118727598566,20.09048540950818,2.746670056797785,0.4053738322530262,0.4954744816586921,2.9476231741565395,0.4344478181269409,1479.4125045895676,1468.712886621616,5,-0.07557619283151096,0.012784790400498652,0.0021856351798758833,-0.07181235431235428,0.021133502512812846,-0.3801870892868596,0.023252714699410176,0.04587649172228245,-0.2854731379731381,-0.027119747950852285,-0.2833333333333333,-0.046666666666666634,0.19539306703229586,-1.9721991471789853,-4.662357981380749,2.9762753977476732,0.1728760055827399,-0.08116966882446752,-0.002271715072118763,0.9917085367810032,104.1604523300307,-0.39029497471256036,0
2026_13_DET_ATL,-0.09555983811719475,0.06837606837606836,0.18623931623931622,0.34893772893772895,0.15502941133200598,-0.057440293846527005,0.05694420493059173,0.14655851490791932,0.35513736263736256,0.18655677655677655,0.5444444444444444,0.4666666666666666,2.5756530571847507,6.347884756728779,13.209090909090909,-5.962798863636364,0.80136693554076,0.4347400284900285,3.263610455856103,0.8563174007818803,1473.137108563973,1502.8134860104954,5,0.014733188799656733,0.07691607611263274,0.19042664811674853,0.41338661338661337,0.2186339586339586,0.026335779857456172,0.10969401765282769,0.1829858704732846,0.47663512957630605,0.12870767828662563,0.7699999999999999,0.8933333333333333,2.734245083198713,6.95498338935099,16.37665948691357,0.8577093442326026,0.07738189464968279,0.41280903407945146,3.1233445981750108,0.06288153960157472,1560.1206859725398,1481.7771868921918,5,-0.11029302691685149,-0.008540007736564381,-0.00418733187743231,-0.06444888444888441,-0.06360454730195261,-0.08377607370398318,-0.05274981272223596,-0.03642735556536528,-0.12149776693894349,0.05784909827015092,-0.2255555555555555,-0.4266666666666667,-0.15859202601396216,-0.6070986326222112,-3.167568577822662,-6.820508207868966,0.7239850408910772,0.021930994410577054,0.14026585768109223,0.7934358611803056,-86.98357740856682,21.036299118303532,0
2026_13_GB_NO,0.019609789857490206,0.07209736500059076,0.13594548820355265,0.47419340463458115,0.19088000888000886,-0.040736796462710986,0.07609240695136768,0.17169987509330026,0.40212148962148964,0.15556484095614526,0.7533333333333333,0.5076190476190476,2.660659388280565,7.842335805262276,13.218176159352629,5.27847713974479,0.6611821232793184,0.39804639804639796,3.0821069857524575,0.045914003223520385,1442.5698335690824,1509.8440844460413,5,-0.03265951637880192,0.09940383158094153,0.205985365160557,0.3022222222222222,0.2106909430438842,-0.01069750910614597,0.056119544592030335,0.14779350946333863,0.5013533834586467,0.17890359341972242,0.3833333333333333,0.6366666666666667,2.5936859334820457,9.686648875929682,14.179601573876136,-3.796094355113545,-0.7189174293713987,0.33126550868486354,3.164201685907968,1.295096387042843,1519.72855060859,1473.7387876913774,5,0.052269306236292126,-0.02730646658035077,-0.07003987695700434,0.17197118241235892,-0.019810934163875332,-0.03003928735656502,0.019972862359337346,0.023906365629961623,-0.09923189383715703,-0.023338752463577167,0.37,-0.12904761904761908,0.06697345479851924,-1.8443130706674067,-0.9614254145235073,9.074571494858334,1.3800995526507172,0.06678088936153442,-0.08209470015551057,-1.2491823838193226,-77.15871703950756,36.10529675466387,0
2026_13_HOU_PIT,-0.06536572261812953,0.05580474104033252,0.13978620379732612,0.3553571428571428,0.16067977915804002,-0.09413674180231622,0.10084859584859582,0.18909645909645906,0.33426573426573425,0.1921698373311276,0.26666666666666666,0.16666666666666666,2.7068973612557654,7.676974559787061,14.92291646609544,-2.839980185167362,1.296461511558681,0.46385281385281385,2.662439985479228,0.14388371302192904,1542.027379793895,1500.9518376172116,5,-0.006309607869457843,0.046755307093752335,0.12378170921269809,0.3351347182229535,0.22492319508448538,-0.18956138143488446,0.08848386672520177,0.14657291788228885,0.4133333333333333,0.18762463343108504,0.42666666666666664,0.5466666666666666,2.9092577668680946,9.040971963171962,17.109432562521807,1.6351616870459011,0.09439783701256908,0.3751294408617063,2.3086984759227915,-0.03527831788035753,1516.1646442149806,1510.7808511362248,5,-0.059056114748671694,0.009049433946580185,0.016004494584628035,0.02022242463418933,-0.06424341592644536,0.09542463963256824,0.01236472912339405,0.04252354121417021,-0.07906759906759903,0.004545203900042566,-0.15999999999999998,-0.38,-0.20236040561232915,-1.3639974033849018,-2.1865160964263666,-4.475141872213263,1.202063674546112,0.08872337299110755,0.35374150955643646,0.17916203090228658,25.862735578914453,-9.829013519013188,0
2026_13_JAX_CHI,0.09594100051518671,0.03559406646698044,0.11726837418750125,0.45917415917415916,0.11823366220649749,0.11820425152285703,0.0658020426159171,0.11876986790557284,0.41179487179487173,0.1484507465931614,0.5666666666666667,0.55,3.090012710449563,7.117608587109162,12.499663960110206,-0.0018816788350300762,0.424752179598888,0.40402750843927315,3.5595895453945516,0.364238817394773,1514.2693893634894,1529.8405584641796,5,0.10075386426140646,0.048101608735517165,0.14608860548470448,0.5277777777777778,0.16204433497536944,-0.0331096008534991,0.06738504738504733,0.15318425253909124,0.29772727272727273,0.13127889654205438,0.78,0.4333333333333333,2.899371945069936,9.691080124459434,14.702513608060832,6.713023782703243,0.0487081299203385,0.37498383968972204,2.6579822268010775,-1.0473488693801714,1529.117682000888,1509.384227984726,5,-0.004812863746219753,-0.012507542268536724,-0.028820231297203236,-0.06860361860361863,-0.04381067276887195,0.15131385237635614,-0.0015830047691302307,-0.0344143846335184,0.114067599067599,0.017171850051107024,-0.21333333333333337,0.11666666666666675,0.19064076537962693,-2.5734715373502723,-2.202849647950625,-6.714905461538273,0.3760440496785495,0.02904366874955111,0.9016073185934741,1.4115876867749444,-14.848292637398572,20.456330479453527,0
2026_13_KC_LA,0.10471020144597357,0.03955529857022706,0.1598507148864592,0.46048516842634485,0.10906832298136641,0.04467995752922869,0.04717011128775834,0.204386150856739,0.41686646686646683,0.11681385281385279,0.47333333333333333,0.5333333333333333,2.8804177736358314,10.1846413985414,19.169161907701806,2.4979925482327516,1.4428653959629156,0.4397326007326007,2.7423540075716213,1.5287479450621815,1541.1162938983907,1510.7073317930335,5,-0.07569543658069004,0.0682976827094474,0.20098930481283422,0.3831587530116941,0.15697210041595738,-0.10187793873215371,0.0481427174975562,0.11883815109621558,0.3888888888888889,0.15339861751152073,0.56,0.4333333333333333,2.755575464535696,5.445313102956046,8.338685140937955,-3.0239418085738494,1.944313758932201,0.5360054347826086,4.092348799697803,0.8846171639165157,1544.9407810757768,1500.633082188943,5,0.1804056380266636,-0.02874238413922034,-0.041138589926375035,0.07732641541465074,-0.04790377743459097,0.1465578962613824,-0.0009726062097978605,0.08554799976052342,0.02797757797757794,-0.03658476469766794,-0.08666666666666673,0.10000000000000003,0.12484230910013538,4.739328295585354,10.830476766763852,5.521934356806601,-0.5014483629692854,-0.09627283405000797,-1.3499947921261821,0.6441307811456658,-3.8244871773861178,10.074249604090483,0
2026_13_LAC_TB,-0.12009472579349438,0.08959489302967563,0.13489233954451343,0.41000377073906485,0.1784598997493734,-0.028582656765212378,0.05048103565750621,0.10870133999545761,0.30787545787545784,0.24678292721770972,0.3333333333333333,0.4333333333333333,3.0425924751718876,8.151198653198653,11.073338426279602,1.7226781257957762,-0.8309883687503095,0.2463908640379228,3.3387459071387937,1.2339791442030923,1464.6981591591637,1493.623056666156,5,-0.20645130234105985,0.08683353545153204,0.17790864257417732,0.3514285714285714,0.16585497835497834,-0.07268405356522459,0.06767708098353258,0.16410719656687398,0.37505827505827505,0.17809906306152132,0.46333333333333326,0.36333333333333334,2.8383926550294913,9.312933562256143,13.8081798375916,-3.226212938205582,-0.5518552781447963,0.35885093167701865,2.695385295232307,-0.9735693985954201,1500.6754590474861,1474.0309406700828,5,0.08635657654756547,0.0027613575781435945,-0.04301630302966389,0.05857519931049343,0.012604921394395063,0.04410139680001221,-0.017196045326026366,-0.05540585657141636,-0.06718281718281721,0.0686838641561884,-0.12999999999999995,0.06999999999999995,0.20419982014239624,-1.1617349090574898,-2.734841411311999,4.948891064001359,-0.27913309060551317,-0.11246006763909586,0.6433606119064867,2.2075485427985124,-35.97729988832248,19.592115996073062,0
2026_13_MIA_DEN,-0.010120158321071781,0.058435708435708424,0.12951044886528756,0.40991452991452987,0.15881964087080883,-0.10991313629374826,0.0631508747092729,0.20174018269457647,0.43267825311942965,0.12654952598888522,0.5,0.4600000000000001,2.835538042997519,5.5267252832946125,10.118184868987086,-6.293163337350885,-1.0374562709627069,0.31477591036414565,3.3212441905523327,-0.16736033805280545,1576.2893472757862,1531.9088489635822,5,-0.17883163463443488,0.09826512226512224,0.16598198198198194,0.3769230769230769,0.20317859349894946,0.10146890321369625,0.012,0.10633179723502302,0.5042124542124542,0.22219117647058823,0.3333333333333333,0.8033333333333333,2.8904229761381943,9.207920973712278,22.411067193675887,0.5478607085346233,-0.590892341058445,0.355241868554562,3.1345522948545153,0.4338065991400663,1456.047333785131,1496.20555010898,5,0.1687114763133631,-0.039829413829413816,-0.03647153311669438,0.03299145299145295,-0.04435895262814063,-0.2113820395074445,0.0511508747092729,0.09540838545955345,-0.07153420109302455,-0.095641650481703,0.16666666666666669,-0.34333333333333327,-0.05488493314067533,-3.681195690417666,-12.2928823246888,-6.841024045885508,-0.44656392990426186,-0.04046595819041637,0.1866918956978174,-0.6011669371928717,120.24201349065515,35.70329885460205,0
2026_13_PHI_ARI,-0.004516598095505464,0.07509079586792869,0.1886946307358106,0.3611888111888112,0.13125588586689152,0.10158007038260801,0.04406245967221574,0.10553232675183892,0.5301648351648351,0.14753386398547685,0.6,0.7533333333333333,2.7732183269471693,6.782202535282536,17.526514461998335,4.724107595543078,-0.1550086854498449,0.4464285714285714,2.870394177475923,0.502828371220245,1413.2601842992865,1561.1104577809335,5,-0.06922385603506952,0.0656006433314553,0.13203723232644252,0.3842490842490842,0.16316418764302057,-0.07253222560240262,0.045050685748360145,0.10993587377308305,0.42498834498834503,0.14478578892371996,0.5833333333333333,0.6833333333333333,3.1825794514514514,9.346461433664375,12.506806806806807,-1.631707107107103,0.29767787796328976,0.3509784075573549,2.722478818965045,0.21699012497089037,1575.90579940087,1450.2878849341132,5,0.06470725793956406,0.009490152536473395,0.05665739840936809,-0.02306027306027303,-0.03190830177612905,0.17411229598501063,-0.000988226076144405,-0.004403547021244125,0.10517649017649011,0.002748075061756894,0.01666666666666672,0.06999999999999995,-0.4093611245042821,-2.564258898381839,5.019707655191528,6.355814702650181,-0.4526865634131346,0.09545016387121652,0.14791535851087811,0.28583824624935467,-162.64561510158342,110.82257284682032,0
2026_13_SF_NYG,0.01057924991104096,0.07790360763101076,0.19972583131837077,0.4986813186813187,0.11087184873949578,-0.0977330237819958,0.029107142857142842,0.10137667887667885,0.4435314685314685,0.19707717569786534,0.4,0.6666666666666667,2.666630453819807,7.193385878489328,15.425548589341691,-1.0810194313827908,0.4200959450567212,0.4243740573152338,3.0642478777743323,0.17960202794581376,1425.449168543973,1470.0837122657506,5,0.14062867328361878,0.02401315789473684,0.10380284043441934,0.568968253968254,0.0919001782531194,0.0067956155698636585,0.04945193171608262,0.13594510022616718,0.4377777777777778,0.1696140385795558,0.7333333333333333,0.2533333333333333,3.0286828877005343,7.239409884233413,13.832442067736185,5.640454149336507,0.2381007117937769,0.3723731884057971,2.992561080527955,0.11612967891674827,1563.3447140374958,1481.914364065069,5,-0.13004942337257783,0.05389044973627392,0.09592299088395143,-0.0702869352869353,0.01897167048637638,-0.10452863935185946,-0.02034478885893978,-0.03456842134948833,0.005753690753690699,0.027463137118309555,-0.33333333333333326,0.41333333333333344,-0.36205243388072716,-0.04602400574408527,1.593106521605506,-6.721473580719298,0.1819952332629443,0.052000868909436726,0.07168679724637705,0.06347234902906548,-137.89554549352283,-11.830651799318503,0
2026_13_WAS_TEN,-0.13339693830228574,0.05515687211339382,0.12075834793226092,0.3517307692307692,0.10215193155302045,0.11419289401185781,0.06137697428020004,0.1180944503525148,0.41103341103341096,0.19869227994227995,0.6333333333333333,0.6833333333333333,3.1082658333333333,6.600291596638655,10.416666666666666,-3.6334680555555563,0.3826320944258958,0.44304388422035473,2.6166363840410676,0.3002418600627482,1366.7373057810041,1467.6889016730863,5,0.03452590049008496,0.03194139194139192,0.15834757834757832,0.3695304695304695,0.18916666666666665,0.02233065967391092,0.06929292929292925,0.15583494519664728,0.44536796536796536,0.1887356731750324,0.6499999999999999,0.6766666666666665,2.9891032446996397,8.296601358608118,15.36371886508014,0.6221878532874381,0.5146372241780421,0.2666448972483455,2.6865264814964624,0.5620112119755942,1466.3668020958235,1551.0005935741895,5,-0.1679228387923707,0.023215480172001896,-0.03758923041531739,-0.017799700299700294,-0.0870147351136462,0.0918622343379469,-0.007915955012729216,-0.037740494844132486,-0.0343345543345544,0.00995660676724755,-0.016666666666666607,0.006666666666666821,0.11916258863369356,-1.696309761969463,-4.947052198413473,-4.255655908842995,-0.13200512975214634,0.17639898697200923,-0.06989009745539487,-0.261769351912846,-99.62949631481933,-83.31169190110313,0
2026_14_ATL_CLE,-0.14047780482621658,0.10930402930402924,0.1955311355311355,0.3127455877455877,0.16179653679653674,0.043227188613119014,0.05463565891472866,0.13025581395348834,0.38571067821067817,0.14804597701149422,0.2,0.5,3.0208692753623185,7.501294781180837,14.508563899868246,-1.0457633728590263,-0.5487954934381464,0.3501010101010101,3.179493398763119,0.10219603226618368,1454.499768875897,1486.4829814881596,5,-0.09555983811719475,0.06837606837606836,0.18623931623931622,0.34893772893772895,0.15502941133200598,-0.057440293846527005,0.05694420493059173,0.14655851490791932,0.35513736263736256,0.18655677655677655,0.5444444444444444,0.4666666666666666,2.5756530571847507,6.347884756728779,13.209090909090909,-5.962798863636364,0.80136693554076,0.4347400284900285,3.263610455856103,0.8563174007818803,1473.137108563973,1502.8134860104954,5,-0.04491796670902183,0.04092796092796089,0.00929181929181927,-0.03619214119214126,0.00676712546453076,0.10066748245964602,-0.0023085460158630694,-0.016302700954430982,0.030573315573315607,-0.03851079954528233,-0.3444444444444444,0.03333333333333338,0.44521621817756785,1.1534100244520582,1.2994729907773372,4.917035490777337,-1.3501624289789063,-0.08463901838901844,-0.08411705709298412,-0.7541213685156967,-18.637339688076054,-16.330504522335787,0
2026_14_BUF_GB,-0.03265951637880192,0.09940383158094153,0.205985365160557,0.3022222222222222,0.2106909430438842,-0.01069750910614597,0.056119544592030335,0.14779350946333863,0.5013533834586467,0.17890359341972242,0.3833333333333333,0.6366666666666667,2.5936859334820457,9.686648875929682,14.179601573876136,-3.796094355113545,-0.7189174293713987,0.33126550868486354,3.164201685907968,1.295096387042843,1519.72855060859,1473.7387876913774,5,0.13452081219882434,0.07170979347707737,0.12690373550325376,0.5103030303030304,0.09789044289044288,-0.005240583738414667,0.05789039998114406,0.18310660664199677,0.3633041958041958,0.22262111801242232,0.75,0.71,2.8525478954638244,8.841728271728272,13.510860663252211,3.2540371034971662,0.9475499309319808,0.46232833214257363,3.137927779395332,0.20702988408564504,1605.8433408491608,1539.9109127172403,5,-0.16718032857762627,0.027694038103864158,0.07908162965730323,-0.20808080808080814,0.11280050015344131,-0.0054569253677313025,-0.0017708553891137221,-0.03531309717865813,0.13804918765445084,-0.0437175245926999,-0.3666666666666667,-0.07333333333333325,-0.2588619619817787,0.8449206042014108,0.6687409106239244,-7.050131458610711,-1.6664673603033795,-0.1310628234577101,0.026273906512635836,1.0880665029571979,-86.11479024057076,-66.1721250258629,0
2026_14_CHI_MIA,-0.17883163463443488,0.09826512226512224,0.16598198198198194,0.3769230769230769,0.20317859349894946,0.10146890321369625,0.012,0.10633179723502302,0.5042124542124542,0.22219117647058823,0.3333333333333333,0.8033333333333333,2.8904229761381943,9.207920973712278,22.411067193675887,0.5478607085346233,-0.590892341058445,0.355241868554562,3.1345522948545153,0.4338065991400663,1456.047333785131,1496.20555010898,5,0.09594100051518671,0.03559406646698044,0.11726837418750125,0.45917415917415916,0.11823366220649749,0.11820425152285703,0.0658020426159171,0.11876986790557284,0.41179487179487173,0.1484507465931614,0.5666666666666667,0.55,3.090012710449563,7.117608587109162,12.499663960110206,-0.0018816788350300762,0.424752179598888,0.40402750843927315,3.5595895453945516,0.364238817394773,1514.2693893634894,1529.8405584641796,5,-0.2747726351496216,0.0626710557981418,0.048713607794480696,-0.08225108225108224,0.08494493129245197,-0.016735348309160777,-0.0538020426159171,-0.01243807067054982,0.09241758241758247,0.07374042987742682,-0.23333333333333334,0.2533333333333333,-0.19958973431136862,2.0903123866031166,9.91140323356568,0.5497423873696534,-1.015644520657333,-0.04878563988471113,-0.4250372505400364,0.06956778174529332,-58.22205557835832,-33.63500835519949,0
2026_14_DEN_NYJ,-0.06679110061987134,0.05212008281573497,0.12768402611880866,0.35999723960250274,0.23314687685397067,0.16701834750575464,0.05238858363858362,0.09359737484737483,0.37777777777777777,0.12670760611937076,0.5999999999999999,0.86,2.8280228337428337,6.058080709678185,14.165568007031421,2.236785067217994,0.42989520067579556,0.36146353646353646,2.9994687836909817,-0.7251697090040773,1402.1811734371163,1490.470222274006,5,-0.010120158321071781,0.058435708435708424,0.12951044886528756,0.40991452991452987,0.15881964087080883,-0.10991313629374826,0.0631508747092729,0.20174018269457647,0.43267825311942965,0.12654952598888522,0.5,0.4600000000000001,2.835538042997519,5.5267252832946125,10.118184868987086,-6.293163337350885,-1.0374562709627069,0.31477591036414565,3.3212441905523327,-0.16736033805280545,1576.2893472757862,1531.9088489635822,5,-0.056670942298799556,-0.006315625619973453,-0.0018264227464789007,-0.04991729031202713,0.07432723598316185,0.2769314837995029,-0.010762291070689281,-0.10814280784720164,-0.05490047534165188,0.00015808013048554392,0.09999999999999987,0.3999999999999999,-0.0075152092546852955,0.5313554263835725,4.047383138044335,8.529948404568879,1.4673514716385023,0.04668762609939081,-0.321775406861351,-0.5578093709512718,-174.10817383866993,-41.43862668957627,0
2026_14_HOU_WAS,0.03452590049008496,0.03194139194139192,0.15834757834757832,0.3695304695304695,0.18916666666666665,0.02233065967391092,0.06929292929292925,0.15583494519664728,0.44536796536796536,0.1887356731750324,0.6499999999999999,0.6766666666666665,2.9891032446996397,8.296601358608118,15.36371886508014,0.6221878532874381,0.5146372241780421,0.2666448972483455,2.6865264814964624,0.5620112119755942,1466.3668020958235,1551.0005935741895,5,-0.006309607869457843,0.046755307093752335,0.12378170921269809,0.3351347182229535,0.22492319508448538,-0.18956138143488446,0.08848386672520177,0.14657291788228885,0.4133333333333333,0.18762463343108504,0.42666666666666664,0.5466666666666666,2.9092577668680946,9.040971963171962,17.109432562521807,1.6351616870459011,0.09439783701256908,0.3751294408617063,2.3086984759227915,-0.03527831788035753,1516.1646442149806,1510.7808511362248,5,0.0408355083595428,-0.014813915152360413,0.03456586913488023,0.03439575130751599,-0.035756528417818734,0.2118920411087954,-0.019190937432272515,0.009262027314358434,0.03203463203463208,0.0011110397439473563,0.22333333333333327,0.1299999999999999,0.07984547783154516,-0.7443706045638443,-1.7457136974416674,-1.012973833758463,0.42023938716547304,-0.1084845436133608,0.3778280055736709,0.5972895298559517,-49.79784211915717,40.21974243796467,0
2026_14_IND_PHI,-0.06922385603506952,0.0656006433314553,0.13203723232644252,0.3842490842490842,0.16316418764302057,-0.07253222560240262,0.045050685748360145,0.10993587377308305,0.42498834498834503,0.14478578892371996,0.5833333333333333,0.6833333333333333,3.1825794514514514,9.346461433664375,12.506806806806807,-1.631707107107103,0.29767787796328976,0.3509784075573549,2.722478818965045,0.21699012497089037,1575.90579940087,1450.2878849341132,5,-0.15108624042828028,0.048661271020253125,0.1525443973831801,0.41606060606060613,0.2139016897081413,0.07844025950379226,0.05029340499425058,0.11976495875766838,0.38618881118881115,0.13692890949483238,0.6333333333333333,0.6166666666666666,2.720156365169724,7.305004330870278,19.30402698713894,1.3523448872021935,-0.7349038868248604,0.2955741626794258,2.6750706145684466,0.46859892658084484,1469.128115962281,1530.378003428357,5,0.08186238439321077,0.01693937231120217,-0.02050716505673758,-0.031811521811521914,-0.05073750206512073,-0.15097248510619488,-0.005242719245890433,-0.009829084984585332,0.03879953379953388,0.007856879428887575,-0.050000000000000044,0.06666666666666676,0.46242308628172735,2.041457102794097,-6.797220180332133,-2.9840519943092962,1.0325817647881501,0.055404244877929054,0.04740820439659821,-0.25160880160995447,106.77768343858884,-80.09011849424382,0
2026_14_KC_CIN,0.007378612192010281,0.06211965510604193,0.155200441507872,0.5147186147186147,0.11693801538962827,-0.10340136170818055,0.10596028255364517,0.19975298769381136,0.393072613660849,0.1613408521303258,0.73,0.26666666666666666,2.6132930211317307,6.515603786000845,11.322034547841,4.03574950675596,0.17913442964720805,0.42332167832167833,2.607416246655673,1.1477605267968831,1497.261764224703,1523.094047421898,5,-0.07569543658069004,0.0682976827094474,0.20098930481283422,0.3831587530116941,0.15697210041595738,-0.10187793873215371,0.0481427174975562,0.11883815109621558,0.3888888888888889,0.15339861751152073,0.56,0.4333333333333333,2.755575464535696,5.445313102956046,8.338685140937955,-3.0239418085738494,1.944313758932201,0.5360054347826086,4.092348799697803,0.8846171639165157,1544.9407810757768,1500.633082188943,5,0.08307404877270032,-0.006178027603405474,-0.045788863304962235,0.13155986170692058,-0.040034085026329116,-0.0015234229760268392,0.057817565056088975,0.08091483659759578,0.004183724771960107,0.007942234618805083,0.16999999999999993,-0.16666666666666663,-0.14228244340396534,1.0702906830447994,2.983349406903045,7.059691315329809,-1.7651793292849929,-0.11268375646093032,-1.4849325530421305,0.26314336288036744,-47.67901685107381,22.460965232955004,0
2026_14_LAC_LV,-0.22139980166343726,0.07009659695143564,0.1778948068060971,0.35769230769230764,0.24859502262443436,-0.07070133554734855,0.10669932605416474,0.24081710743001059,0.36672268907563027,0.14374568668046925,0.4976190476190476,0.5800000000000001,2.7047899223764738,7.851810786914234,16.790267204060306,0.13011706224810116,-0.16956447791271326,0.35516589690502737,2.583374531068177,-0.04122749943785742,1438.633800272921,1486.221802502573,5,-0.20645130234105985,0.08683353545153204,0.17790864257417732,0.3514285714285714,0.16585497835497834,-0.07268405356522459,0.06767708098353258,0.16410719656687398,0.37505827505827505,0.17809906306152132,0.46333333333333326,0.36333333333333334,2.8383926550294913,9.312933562256143,13.8081798375916,-3.226212938205582,-0.5518552781447963,0.35885093167701865,2.695385295232307,-0.9735693985954201,1500.6754590474861,1474.0309406700828,5,-0.014948499322377407,-0.0167369385000964,-1.3835768080228128e-05,0.006263736263736219,0.08274004426945603,0.0019827180178760423,0.039022245070632164,0.07670991086313661,-0.008335585982644778,-0.03435337638105207,0.034285714285714364,0.21666666666666673,-0.1336027326530176,-1.4611227753419094,2.982087366468706,3.356330000453683,0.38229080023208306,-0.00368503477199128,-0.11201076416412992,0.9323418991575627,-62.04165877456512,12.1908618324901,0
2026_14_LA_SF,0.14062867328361878,0.02401315789473684,0.10380284043441934,0.568968253968254,0.0919001782531194,0.0067956155698636585,0.04945193171608262,0.13594510022616718,0.4377777777777778,0.1696140385795558,0.7333333333333333,0.2533333333333333,3.0286828877005343,7.239409884233413,13.832442067736185,5.640454149336507,0.2381007117937769,0.3723731884057971,2.992561080527955,0.11612967891674827,1563.3447140374958,1481.914364065069,5,0.10471020144597357,0.03955529857022706,0.1598507148864592,0.46048516842634485,0.10906832298136641,0.04467995752922869,0.04717011128775834,0.204386150856739,0.41686646686646683,0.11681385281385279,0.47333333333333333,0.5333333333333333,2.8804177736358314,10.1846413985414,19.169161907701806,2.4979925482327516,1.4428653959629156,0.4397326007326007,2.7423540075716213,1.5287479450621815,1541.1162938983907,1510.7073317930335,5,0.03591847183764521,-0.015542140675490222,-0.05604787445203985,0.10848308554190916,-0.017168144728247015,-0.03788434195936503,0.0022818204283242827,-0.06844105063057182,0.020911310911310987,0.052800185765703,0.25999999999999995,-0.28,0.14826511406470289,-2.945231514307987,-5.336719839965621,3.142461601103755,-1.2047646841691386,-0.06735941232680359,0.25020707295633393,-1.4126182661454332,22.228420139105083,-28.792967727964424,0
2026_14_MIN_NE,0.08950592208191036,0.05986700986700984,0.1327327327327327,0.3847222222222222,0.16662622244927744,-0.12052519817148843,0.07103868444681904,0.19570872014069765,0.34245337995337993,0.14193374741200826,0.5,0.26666666666666666,3.112547861471861,9.331289938556067,12.10966810966811,8.91464496392497,0.037431893668879446,0.4131944444444444,3.1827164479614756,0.6053213759231977,1519.503446401706,1548.7240141550292,5,-0.12086809944527062,0.12976660341555976,0.19429728020240353,0.2715934065934066,0.15488879983971143,-0.19760512347827358,0.1394610442268105,0.259010666833011,0.261624649859944,0.20352760459022315,0.5125,0.25,2.8399270257634344,8.058213506493507,13.043793892527422,-4.247111435729502,-0.08717932318430144,0.3664227526759496,3.0605804021590814,0.722920827903586,1573.704718427861,1506.8078571131275,5,0.210374021527181,-0.06989959354854992,-0.06156454746967083,0.1131288156288156,0.011737422609566006,0.07707992530678515,-0.06842235977999145,-0.06330194669231334,0.08082873009343594,-0.06159385717821489,-0.012499999999999956,0.016666666666666663,0.27262083570842677,1.2730764320625596,-0.9341257828593115,13.161756399654472,0.12461121685318088,0.04677169176849483,0.12213604580239412,-0.11759945198038835,-54.20127202615504,41.91615704190167,0
2026_14_NO_CAR,0.04684122227905145,0.04446196164425718,0.1177138492767988,0.2729365079365079,0.19021847717499887,-0.0828757098460731,0.069807894425891,0.11943475313594157,0.4902289377289377,0.1020009157509157,0.6333333333333333,0.6291666666666667,2.9586424641161813,7.8316344696969695,11.655941655941657,2.6239667846417802,0.7093101327846962,0.46710526315789475,3.029778721321013,-0.14132224419959993,1442.418838317235,1473.968492195916,5,0.019609789857490206,0.07209736500059076,0.13594548820355265,0.47419340463458115,0.19088000888000886,-0.040736796462710986,0.07609240695136768,0.17169987509330026,0.40212148962148964,0.15556484095614526,0.7533333333333333,0.5076190476190476,2.660659388280565,7.842335805262276,13.218176159352629,5.27847713974479,0.6611821232793184,0.39804639804639796,3.0821069857524575,0.045914003223520385,1442.5698335690824,1509.8440844460413,5,0.027231432421561244,-0.027635403356333584,-0.01823163892675385,-0.20125689669807323,-0.0006615317050099878,-0.04213891338336212,-0.006284512525476682,-0.05226512195735869,0.08810744810744808,-0.053563925205229554,-0.12,0.12154761904761902,0.29798307583561634,-0.01070133556530628,-1.5622345034109717,-2.6545103551030094,0.04812800950537788,0.06905886511149678,-0.05232826443144445,-0.1872362474231203,-0.150995251847462,-35.87559225012524,0
2026_14_NYG_SEA,-0.02389999629498236,0.054910394265232934,0.13800503317318688,0.40783799533799536,0.2025396825396825,-0.17104867699316326,0.0702707373271889,0.1962058371735791,0.22309829059829056,0.14451337898413222,0.4,0.5333333333333333,2.951805066045066,6.730919580419581,15.42812742812743,5.722945454545458,0.5782498378357661,0.4143048128342246,2.9453514590844208,1.4261563549079441,1583.5729569195983,1468.3225916469034,5,0.01057924991104096,0.07790360763101076,0.19972583131837077,0.4986813186813187,0.11087184873949578,-0.0977330237819958,0.029107142857142842,0.10137667887667885,0.4435314685314685,0.19707717569786534,0.4,0.6666666666666667,2.666630453819807,7.193385878489328,15.425548589341691,-1.0810194313827908,0.4200959450567212,0.4243740573152338,3.0642478777743323,0.17960202794581376,1425.449168543973,1470.0837122657506,5,-0.03447924620602332,-0.022993213365777823,-0.061720798145183886,-0.09084332334332335,0.09166783380018671,-0.07331565321116745,0.041163594470046055,0.09482915829690024,-0.22043317793317796,-0.052563796713733124,0.0,-0.13333333333333341,0.28517461222525897,-0.4624662980697467,0.002578838785739279,6.803964885928249,0.1581538927790449,-0.01006924448100921,-0.11889641868991152,1.2465543269621304,158.12378837562528,-1.7611206188471442,0
2026_14_PIT_JAX,0.10075386426140646,0.048101608735517165,0.14608860548470448,0.5277777777777778,0.16204433497536944,-0.0331096008534991,0.06738504738504733,0.15318425253909124,0.29772727272727273,0.13127889654205438,0.78,0.4333333333333333,2.899371945069936,9.691080124459434,14.702513608060832,6.713023782703243,0.0487081299203385,0.37498383968972204,2.6579822268010775,-1.0473488693801714,1529.117682000888,1509.384227984726,5,-0.06536572261812953,0.05580474104033252,0.13978620379732612,0.3553571428571428,0.16067977915804002,-0.09413674180231622,0.10084859584859582,0.18909645909645906,0.33426573426573425,0.1921698373311276,0.26666666666666666,0.16666666666666666,2.7068973612557654,7.676974559787061,14.92291646609544,-2.839980185167362,1.296461511558681,0.46385281385281385,2.662439985479228,0.14388371302192904,1542.027379793895,1500.9518376172116,5,0.16611958687953599,-0.007703132304815355,0.006302401687378362,0.17242063492063497,0.0013645558173294159,0.06102714094881712,-0.03346354846354849,-0.03591220655736782,-0.03653846153846152,-0.06089094078907323,0.5133333333333334,0.2666666666666666,0.1924745838141706,2.0141055646723736,-0.22040285803460868,9.553003967870605,-1.2477533816383426,-0.08886897416309181,-0.0044577586781504586,-1.1912325824021004,-12.909697793007126,8.432390367514472,0
2026_14_TB_BAL,0.20981550751008352,0.06691408156925394,0.1377599722427308,0.4349511599511599,0.12871354651540404,-0.034537228950464766,0.05199714735392484,0.13463877959210438,0.45608974358974363,0.1961111111111111,0.6458333333333333,0.6333333333333333,3.056052777777778,8.984870960108182,11.425806451612903,4.1736807168458805,0.6162122160176126,0.40424993643529117,3.2104524792287896,1.4775962081199467,1541.8729492343268,1468.580443508806,5,-0.12009472579349438,0.08959489302967563,0.13489233954451343,0.41000377073906485,0.1784598997493734,-0.028582656765212378,0.05048103565750621,0.10870133999545761,0.30787545787545784,0.24678292721770972,0.3333333333333333,0.4333333333333333,3.0425924751718876,8.151198653198653,11.073338426279602,1.7226781257957762,-0.8309883687503095,0.2463908640379228,3.3387459071387937,1.2339791442030923,1464.6981591591637,1493.623056666156,5,0.3299102333035779,-0.022680811460421696,0.002867632698217354,0.02494738921209505,-0.049746353233969365,-0.005954572185252388,0.0015161116964186316,0.025937439596646766,0.1482142857142858,-0.05067181610659863,0.31249999999999994,0.2,0.013460302605890373,0.8336723069095289,0.3524680253333017,2.4510025910501043,1.4472005847679221,0.15785907239736838,-0.1282934279100041,0.24361706391685445,77.17479007516317,-25.042613157349933,0
2026_14_TEN_DET,0.014733188799656733,0.07691607611263274,0.19042664811674853,0.41338661338661337,0.2186339586339586,0.026335779857456172,0.10969401765282769,0.1829858704732846,0.47663512957630605,0.12870767828662563,0.7699999999999999,0.8933333333333333,2.734245083198713,6.95498338935099,16.37665948691357,0.8577093442326026,0.07738189464968279,0.41280903407945146,3.1233445981750108,0.06288153960157472,1560.1206859725398,1481.7771868921918,5,-0.13339693830228574,0.05515687211339382,0.12075834793226092,0.3517307692307692,0.10215193155302045,0.11419289401185781,0.06137697428020004,0.1180944503525148,0.41103341103341096,0.19869227994227995,0.6333333333333333,0.6833333333333333,3.1082658333333333,6.600291596638655,10.416666666666666,-3.6334680555555563,0.3826320944258958,0.44304388422035473,2.6166363840410676,0.3002418600627482,1366.7373057810041,1467.6889016730863,5,0.14813012710194248,0.02175920399923892,0.06966830018448761,0.061655844155844186,0.11648202708093815,-0.08785711415440164,0.04831704337262765,0.0648914201207698,0.0656017185428951,-0.06998460165565432,0.1366666666666666,0.20999999999999996,-0.37402075013462044,0.35469179271233475,5.959992820246905,4.4911773997881586,-0.30525019977621304,-0.03023485014090327,0.5067082141339432,-0.2373603204611735,193.3833801915357,14.0882852191055,0
2026_15_ATL_WAS,0.03452590049008496,0.03194139194139192,0.15834757834757832,0.3695304695304695,0.18916666666666665,0.02233065967391092,0.06929292929292925,0.15583494519664728,0.44536796536796536,0.1887356731750324,0.6499999999999999,0.6766666666666665,2.9891032446996397,8.296601358608118,15.36371886508014,0.6221878532874381,0.5146372241780421,0.2666448972483455,2.6865264814964624,0.5620112119755942,1466.3668020958235,1551.0005935741895,5,-0.09555983811719475,0.06837606837606836,0.18623931623931622,0.34893772893772895,0.15502941133200598,-0.057440293846527005,0.05694420493059173,0.14655851490791932,0.35513736263736256,0.18655677655677655,0.5444444444444444,0.4666666666666666,2.5756530571847507,6.347884756728779,13.209090909090909,-5.962798863636364,0.80136693554076,0.4347400284900285,3.263610455856103,0.8563174007818803,1473.137108563973,1502.8134860104954,5,0.1300857386072797,-0.03643467643467643,-0.027891737891737906,0.02059274059274052,0.034137255334660666,0.07977095352043792,0.012348724362337526,0.00927643028872796,0.0902306027306028,0.002178896618255849,0.10555555555555551,0.2099999999999999,0.41345018751488904,1.9487166018793394,2.1546279559892305,6.584986716923802,-0.28672971136271785,-0.16809513124168302,-0.5770839743596405,-0.2943061888062861,-6.770306468149556,48.1871075636941,0
2026_15_BAL_PIT,-0.06536572261812953,0.05580474104033252,0.13978620379732612,0.3553571428571428,0.16067977915804002,-0.09413674180231622,0.10084859584859582,0.18909645909645906,0.33426573426573425,0.1921698373311276,0.26666666666666666,0.16666666666666666,2.7068973612557654,7.676974559787061,14.92291646609544,-2.839980185167362,1.296461511558681,0.46385281385281385,2.662439985479228,0.14388371302192904,1542.027379793895,1500.9518376172116,5,0.20981550751008352,0.06691408156925394,0.1377599722427308,0.4349511599511599,0.12871354651540404,-0.034537228950464766,0.05199714735392484,0.13463877959210438,0.45608974358974363,0.1961111111111111,0.6458333333333333,0.6333333333333333,3.056052777777778,8.984870960108182,11.425806451612903,4.1736807168458805,0.6162122160176126,0.40424993643529117,3.2104524792287896,1.4775962081199467,1541.8729492343268,1468.580443508806,5,-0.27518123012821305,-0.011109340528921416,0.0020262315545953313,-0.07959401709401709,0.03196623264263598,-0.05959951285185146,0.048851448494670976,0.05445767950435468,-0.12182400932400939,-0.00394127377998349,-0.3791666666666666,-0.4666666666666667,-0.34915541652201254,-1.3078964003211215,3.497110014482537,-7.0136609020132425,0.6802492955410685,0.05960287741752268,-0.5480124937495616,-1.3337124950980177,0.15443055956825447,32.37139410840564,0
2026_15_CHI_BUF,0.13452081219882434,0.07170979347707737,0.12690373550325376,0.5103030303030304,0.09789044289044288,-0.005240583738414667,0.05789039998114406,0.18310660664199677,0.3633041958041958,0.22262111801242232,0.75,0.71,2.8525478954638244,8.841728271728272,13.510860663252211,3.2540371034971662,0.9475499309319808,0.46232833214257363,3.137927779395332,0.20702988408564504,1605.8433408491608,1539.9109127172403,5,0.09594100051518671,0.03559406646698044,0.11726837418750125,0.45917415917415916,0.11823366220649749,0.11820425152285703,0.0658020426159171,0.11876986790557284,0.41179487179487173,0.1484507465931614,0.5666666666666667,0.55,3.090012710449563,7.117608587109162,12.499663960110206,-0.0018816788350300762,0.424752179598888,0.40402750843927315,3.5595895453945516,0.364238817394773,1514.2693893634894,1529.8405584641796,5,0.038579811683637624,0.03611572701009693,0.009635361315752516,0.05112887112887121,-0.02034321931605461,-0.1234448352612717,-0.007911642634773043,0.06433673873642393,-0.04849067599067591,0.07417037141926092,0.18333333333333335,0.15999999999999992,-0.23746481498573857,1.7241196846191098,1.011196703142005,3.2559187823321962,0.5227977513330928,0.058300823703300475,-0.42166176599921945,-0.15720893330912794,91.57395148567139,10.070354253060714,0
2026_15_CIN_CAR,0.04684122227905145,0.04446196164425718,0.1177138492767988,0.2729365079365079,0.19021847717499887,-0.0828757098460731,0.069807894425891,0.11943475313594157,0.4902289377289377,0.1020009157509157,0.6333333333333333,0.6291666666666667,2.9586424641161813,7.8316344696969695,11.655941655941657,2.6239667846417802,0.7093101327846962,0.46710526315789475,3.029778721321013,-0.14132224419959993,1442.418838317235,1473.968492195916,5,0.007378612192010281,0.06211965510604193,0.155200441507872,0.5147186147186147,0.11693801538962827,-0.10340136170818055,0.10596028255364517,0.19975298769381136,0.393072613660849,0.1613408521303258,0.73,0.26666666666666666,2.6132930211317307,6.515603786000845,11.322034547841,4.03574950675596,0.17913442964720805,0.42332167832167833,2.607416246655673,1.1477605267968831,1497.261764224703,1523.094047421898,5,0.03946261008704117,-0.01765769346178475,-0.03748659223107319,-0.24178210678210676,0.07328046178537061,0.020525651862107447,-0.036152388127754176,-0.0803182345578698,0.09715632406808872,-0.05933993637941011,-0.09666666666666668,0.3625,0.3453494429844506,1.3160306836961242,0.33390710810065727,-1.4117827221141797,0.5301757031374882,0.043783584836216416,0.42236247466534005,-1.2890827709964832,-54.84292590746804,-49.125555225982,0
2026_15_CLE_NYG,0.01057924991104096,0.07790360763101076,0.19972583131837077,0.4986813186813187,0.11087184873949578,-0.0977330237819958,0.029107142857142842,0.10137667887667885,0.4435314685314685,0.19707717569786534,0.4,0.6666666666666667,2.666630453819807,7.193385878489328,15.425548589341691,-1.0810194313827908,0.4200959450567212,0.4243740573152338,3.0642478777743323,0.17960202794581376,1425.449168543973,1470.0837122657506,5,-0.14047780482621658,0.10930402930402924,0.1955311355311355,0.3127455877455877,0.16179653679653674,0.043227188613119014,0.05463565891472866,0.13025581395348834,0.38571067821067817,0.14804597701149422,0.2,0.5,3.0208692753623185,7.501294781180837,14.508563899868246,-1.0457633728590263,-0.5487954934381464,0.3501010101010101,3.179493398763119,0.10219603226618368,1454.499768875897,1486.4829814881596,5,0.15105705473725753,-0.031400421673018486,0.004194695787235275,0.18593573093573101,-0.050924688057040965,-0.1409602123951148,-0.025528516057585816,-0.02887913507680949,0.05782079032079035,0.049031198686371125,0.2,0.16666666666666674,-0.3542388215425114,-0.3079089026915094,0.9169846894734448,-0.035256058523764455,0.9688914384948676,0.07427304721422373,-0.1152455209887866,0.07740599567963008,-29.050600331923988,-16.399269222408975,0
2026_15_DAL_LA,0.10471020144597357,0.03955529857022706,0.1598507148864592,0.46048516842634485,0.10906832298136641,0.04467995752922869,0.04717011128775834,0.204386150856739,0.41686646686646683,0.11681385281385279,0.47333333333333333,0.5333333333333333,2.8804177736358314,10.1846413985414,19.169161907701806,2.4979925482327516,1.4428653959629156,0.4397326007326007,2.7423540075716213,1.5287479450621815,1541.1162938983907,1510.7073317930335,5,0.05167619653652859,0.04212560386473428,0.135819397993311,0.47965034965034964,0.18140618002686965,0.20913841229369634,0.047018022627778724,0.15032934545129664,0.5085714285714287,0.1716331269349845,0.6833333333333333,0.58,2.7564119990127702,8.703118727598566,20.09048540950818,2.746670056797785,0.4053738322530262,0.4954744816586921,2.9476231741565395,0.4344478181269409,1479.4125045895676,1468.712886621616,5,0.05303400490944497,-0.002570305294507219,0.02403131689314819,-0.01916518122400479,-0.07233785704550323,-0.16445845476446766,0.00015208865997961424,0.05405680540544236,-0.09170496170496184,-0.05481927412113172,-0.21000000000000002,-0.046666666666666634,0.12400577462306117,1.4815226709428337,-0.9213235018063735,-0.24867750856503346,1.0374915637098894,-0.05574188092609145,-0.20526916658491823,1.0943001269352406,61.70378930882316,41.99444517141751,0
2026_15_DEN_LV,-0.22139980166343726,0.07009659695143564,0.1778948068060971,0.35769230769230764,0.24859502262443436,-0.07070133554734855,0.10669932605416474,0.24081710743001059,0.36672268907563027,0.14374568668046925,0.4976190476190476,0.5800000000000001,2.7047899223764738,7.851810786914234,16.790267204060306,0.13011706224810116,-0.16956447791271326,0.35516589690502737,2.583374531068177,-0.04122749943785742,1438.633800272921,1486.221802502573,5,-0.010120158321071781,0.058435708435708424,0.12951044886528756,0.40991452991452987,0.15881964087080883,-0.10991313629374826,0.0631508747092729,0.20174018269457647,0.43267825311942965,0.12654952598888522,0.5,0.4600000000000001,2.835538042997519,5.5267252832946125,10.118184868987086,-6.293163337350885,-1.0374562709627069,0.31477591036414565,3.3212441905523327,-0.16736033805280545,1576.2893472757862,1531.9088489635822,5,-0.2112796433423655,0.011660888515727212,0.04838435794080953,-0.052222222222222225,0.08977538175362554,0.03921180074639971,0.04354845134489184,0.039076924735434115,-0.06595556404379938,0.017196160691584028,-0.0023809523809523725,0.12,-0.13074812062104524,2.325085503619621,6.67208233507322,6.423280399598986,0.8678917930499936,0.04038998654088172,-0.7378696594841556,0.12613283861494803,-137.6555470028652,-45.68704646100923,0
2026_15_DET_MIN,-0.12086809944527062,0.12976660341555976,0.19429728020240353,0.2715934065934066,0.15488879983971143,-0.19760512347827358,0.1394610442268105,0.259010666833011,0.261624649859944,0.20352760459022315,0.5125,0.25,2.8399270257634344,8.058213506493507,13.043793892527422,-4.247111435729502,-0.08717932318430144,0.3664227526759496,3.0605804021590814,0.722920827903586,1573.704718427861,1506.8078571131275,5,0.014733188799656733,0.07691607611263274,0.19042664811674853,0.41338661338661337,0.2186339586339586,0.026335779857456172,0.10969401765282769,0.1829858704732846,0.47663512957630605,0.12870767828662563,0.7699999999999999,0.8933333333333333,2.734245083198713,6.95498338935099,16.37665948691357,0.8577093442326026,0.07738189464968279,0.41280903407945146,3.1233445981750108,0.06288153960157472,1560.1206859725398,1481.7771868921918,5,-0.13560128824492734,0.052850527302927025,0.003870632085654996,-0.14179320679320678,-0.06374515879424716,-0.22394090333572975,0.029767026573982808,0.0760247963597264,-0.21501047971636206,0.07481992630359752,-0.25749999999999995,-0.6433333333333333,0.10568194256472152,1.103230117142517,-3.332865594386149,-5.104820779962104,-0.16456121783398422,-0.04638628140350187,-0.06276419601592931,0.6600392883020113,13.584032455321221,25.03067022093569,0
2026_15_IND_TEN,-0.13339693830228574,0.05515687211339382,0.12075834793226092,0.3517307692307692,0.10215193155302045,0.11419289401185781,0.06137697428020004,0.1180944503525148,0.41103341103341096,0.19869227994227995,0.6333333333333333,0.6833333333333333,3.1082658333333333,6.600291596638655,10.416666666666666,-3.6334680555555563,0.3826320944258958,0.44304388422035473,2.6166363840410676,0.3002418600627482,1366.7373057810041,1467.6889016730863,5,-0.15108624042828028,0.048661271020253125,0.1525443973831801,0.41606060606060613,0.2139016897081413,0.07844025950379226,0.05029340499425058,0.11976495875766838,0.38618881118881115,0.13692890949483238,0.6333333333333333,0.6166666666666666,2.720156365169724,7.305004330870278,19.30402698713894,1.3523448872021935,-0.7349038868248604,0.2955741626794258,2.6750706145684466,0.46859892658084484,1469.128115962281,1530.378003428357,5,0.017689302125994538,0.006495601093140693,-0.031786049450919174,-0.06432983682983695,-0.11174975815512085,0.03575263450806555,0.01108356928594946,-0.0016705084051535785,0.024844599844599802,0.06176337044744756,0.0,0.06666666666666676,0.38810946816360925,-0.7047127342316228,-8.887360320472274,-4.98581294275775,1.1175359812507561,0.1474697215409289,-0.05843423052737906,-0.16835706651809662,-102.39081018127695,-62.68910175527071,0
2026_15_JAX_HOU,-0.006309607869457843,0.046755307093752335,0.12378170921269809,0.3351347182229535,0.22492319508448538,-0.18956138143488446,0.08848386672520177,0.14657291788228885,0.4133333333333333,0.18762463343108504,0.42666666666666664,0.5466666666666666,2.9092577668680946,9.040971963171962,17.109432562521807,1.6351616870459011,0.09439783701256908,0.3751294408617063,2.3086984759227915,-0.03527831788035753,1516.1646442149806,1510.7808511362248,5,0.10075386426140646,0.048101608735517165,0.14608860548470448,0.5277777777777778,0.16204433497536944,-0.0331096008534991,0.06738504738504733,0.15318425253909124,0.29772727272727273,0.13127889654205438,0.78,0.4333333333333333,2.899371945069936,9.691080124459434,14.702513608060832,6.713023782703243,0.0487081299203385,0.37498383968972204,2.6579822268010775,-1.0473488693801714,1529.117682000888,1509.384227984726,5,-0.10706347213086431,-0.00134630164176483,-0.022306896272006396,-0.1926430595548243,0.06287886010911595,-0.15645178058138537,0.021098819340154437,-0.006611334656802387,0.11560606060606055,0.05634573688903066,-0.3533333333333334,0.11333333333333334,0.009885821798158556,-0.6501081612874717,2.4069189544609753,-5.077862095657342,0.04568970709223058,0.00014560117198425537,-0.349283750878286,1.0120705514998138,-12.953037785907327,1.3966231514987157,0
2026_15_MIA_GB,-0.03265951637880192,0.09940383158094153,0.205985365160557,0.3022222222222222,0.2106909430438842,-0.01069750910614597,0.056119544592030335,0.14779350946333863,0.5013533834586467,0.17890359341972242,0.3833333333333333,0.6366666666666667,2.5936859334820457,9.686648875929682,14.179601573876136,-3.796094355113545,-0.7189174293713987,0.33126550868486354,3.164201685907968,1.295096387042843,1519.72855060859,1473.7387876913774,5,-0.17883163463443488,0.09826512226512224,0.16598198198198194,0.3769230769230769,0.20317859349894946,0.10146890321369625,0.012,0.10633179723502302,0.5042124542124542,0.22219117647058823,0.3333333333333333,0.8033333333333333,2.8904229761381943,9.207920973712278,22.411067193675887,0.5478607085346233,-0.590892341058445,0.355241868554562,3.1345522948545153,0.4338065991400663,1456.047333785131,1496.20555010898,5,0.14617211825563298,0.001138709315819289,0.04000338317857505,-0.07470085470085469,0.007512349544934738,-0.11216641231984223,0.04411954459203034,0.041461712228315614,-0.0028590707538075355,-0.0432875830508658,0.04999999999999999,-0.16666666666666663,-0.29673704265614864,0.478727902217404,-8.231465619799751,-4.343955063648168,-0.12802508831295367,-0.023976359869698483,0.029649391053452767,0.8612897879027765,63.68121682345895,-22.466762417602695,0
2026_15_NE_KC,-0.07569543658069004,0.0682976827094474,0.20098930481283422,0.3831587530116941,0.15697210041595738,-0.10187793873215371,0.0481427174975562,0.11883815109621558,0.3888888888888889,0.15339861751152073,0.56,0.4333333333333333,2.755575464535696,5.445313102956046,8.338685140937955,-3.0239418085738494,1.944313758932201,0.5360054347826086,4.092348799697803,0.8846171639165157,1544.9407810757768,1500.633082188943,5,0.08950592208191036,0.05986700986700984,0.1327327327327327,0.3847222222222222,0.16662622244927744,-0.12052519817148843,0.07103868444681904,0.19570872014069765,0.34245337995337993,0.14193374741200826,0.5,0.26666666666666666,3.112547861471861,9.331289938556067,12.10966810966811,8.91464496392497,0.037431893668879446,0.4131944444444444,3.1827164479614756,0.6053213759231977,1519.503446401706,1548.7240141550292,5,-0.16520135866260038,0.008430672842437564,0.06825657208010152,-0.001563469210528079,-0.009654122033320056,0.01864725943933472,-0.022895966949262846,-0.07687056904448207,0.04643550893550896,0.01146487009951247,0.06000000000000005,0.16666666666666663,-0.3569723969361651,-3.8859768356000206,-3.7709829687301557,-11.93858677249882,1.9068818652633217,0.12281099033816423,0.9096323517363278,0.279295787993318,25.437334674070826,-48.090931966086146,0
2026_15_NO_TB,-0.12009472579349438,0.08959489302967563,0.13489233954451343,0.41000377073906485,0.1784598997493734,-0.028582656765212378,0.05048103565750621,0.10870133999545761,0.30787545787545784,0.24678292721770972,0.3333333333333333,0.4333333333333333,3.0425924751718876,8.151198653198653,11.073338426279602,1.7226781257957762,-0.8309883687503095,0.2463908640379228,3.3387459071387937,1.2339791442030923,1464.6981591591637,1493.623056666156,5,0.019609789857490206,0.07209736500059076,0.13594548820355265,0.47419340463458115,0.19088000888000886,-0.040736796462710986,0.07609240695136768,0.17169987509330026,0.40212148962148964,0.15556484095614526,0.7533333333333333,0.5076190476190476,2.660659388280565,7.842335805262276,13.218176159352629,5.27847713974479,0.6611821232793184,0.39804639804639796,3.0821069857524575,0.045914003223520385,1442.5698335690824,1509.8440844460413,5,-0.13970451565098457,0.01749752802908487,-0.0010531486590392158,-0.0641896338955163,-0.01242010913063546,0.012154139697498609,-0.02561137129386147,-0.06299853509784265,-0.0942460317460318,0.09121808626156447,-0.42,-0.07428571428571434,0.38193308689132266,0.3088628479363775,-2.144837733073027,-3.5557990139490134,-1.492170492029628,-0.15165553400847517,0.25663892138633626,1.188065140979572,22.128325590081204,-16.22102777988539,0
2026_15_NYJ_ARI,-0.004516598095505464,0.07509079586792869,0.1886946307358106,0.3611888111888112,0.13125588586689152,0.10158007038260801,0.04406245967221574,0.10553232675183892,0.5301648351648351,0.14753386398547685,0.6,0.7533333333333333,2.7732183269471693,6.782202535282536,17.526514461998335,4.724107595543078,-0.1550086854498449,0.4464285714285714,2.870394177475923,0.502828371220245,1413.2601842992865,1561.1104577809335,5,-0.06679110061987134,0.05212008281573497,0.12768402611880866,0.35999723960250274,0.23314687685397067,0.16701834750575464,0.05238858363858362,0.09359737484737483,0.37777777777777777,0.12670760611937076,0.5999999999999999,0.86,2.8280228337428337,6.058080709678185,14.165568007031421,2.236785067217994,0.42989520067579556,0.36146353646353646,2.9994687836909817,-0.7251697090040773,1402.1811734371163,1490.470222274006,5,0.06227450252436588,0.02297071305219372,0.061010604617001946,0.0011915715863084486,-0.10189099098707916,-0.06543827712314663,-0.00832612396636788,0.011934951904464086,0.15238705738705738,0.02082625786610609,1.1102230246251565e-16,-0.10666666666666669,-0.0548045067956644,0.7241218256043513,3.360946454966914,2.487322528325084,-0.5849038861256405,0.08496503496503494,-0.12907460621505873,1.2279980802243222,11.079010862170207,70.64023550692764,0
2026_15_SEA_PHI,-0.06922385603506952,0.0656006433314553,0.13203723232644252,0.3842490842490842,0.16316418764302057,-0.07253222560240262,0.045050685748360145,0.10993587377308305,0.42498834498834503,0.14478578892371996,0.5833333333333333,0.6833333333333333,3.1825794514514514,9.346461433664375,12.506806806806807,-1.631707107107103,0.29767787796328976,0.3509784075573549,2.722478818965045,0.21699012497089037,1575.90579940087,1450.2878849341132,5,-0.02389999629498236,0.054910394265232934,0.13800503317318688,0.40783799533799536,0.2025396825396825,-0.17104867699316326,0.0702707373271889,0.1962058371735791,0.22309829059829056,0.14451337898413222,0.4,0.5333333333333333,2.951805066045066,6.730919580419581,15.42812742812743,5.722945454545458,0.5782498378357661,0.4143048128342246,2.9453514590844208,1.4261563549079441,1583.5729569195983,1468.3225916469034,5,-0.04532385974008715,0.01069024906622236,-0.005967800846744364,-0.023588911088911146,-0.03937549489666192,0.09851645139076064,-0.025220051578828756,-0.08626996340049604,0.20189005439005447,0.0002724099395877422,0.18333333333333324,0.15000000000000002,0.23077438540638529,2.6155418532447943,-2.921320621320623,-7.3546525616525615,-0.28057195987247635,-0.06332640527686972,-0.2228726401193759,-1.2091662299370538,-7.667157518728345,-18.03470671279024,0
2026_15_SF_LAC,-0.20645130234105985,0.08683353545153204,0.17790864257417732,0.3514285714285714,0.16585497835497834,-0.07268405356522459,0.06767708098353258,0.16410719656687398,0.37505827505827505,0.17809906306152132,0.46333333333333326,0.36333333333333334,2.8383926550294913,9.312933562256143,13.8081798375916,-3.226212938205582,-0.5518552781447963,0.35885093167701865,2.695385295232307,-0.9735693985954201,1500.6754590474861,1474.0309406700828,5,0.14062867328361878,0.02401315789473684,0.10380284043441934,0.568968253968254,0.0919001782531194,0.0067956155698636585,0.04945193171608262,0.13594510022616718,0.4377777777777778,0.1696140385795558,0.7333333333333333,0.2533333333333333,3.0286828877005343,7.239409884233413,13.832442067736185,5.640454149336507,0.2381007117937769,0.3723731884057971,2.992561080527955,0.11612967891674827,1563.3447140374958,1481.914364065069,5,-0.3470799756246786,0.0628203775567952,0.07410580213975798,-0.2175396825396826,0.07395480010185894,-0.07947966913508825,0.018225149267449954,0.028162096340706794,-0.06271950271950277,0.00848502448196553,-0.27,0.11000000000000004,-0.19029023267104295,2.07352367802273,-0.024262230144584507,-8.866667087542089,-0.7899559899385732,-0.013522256728778437,-0.29717578529564825,-1.0896990775121684,-62.66925499000968,-7.883423394986266,0
2026_16_ARI_NO,0.019609789857490206,0.07209736500059076,0.13594548820355265,0.47419340463458115,0.19088000888000886,-0.040736796462710986,0.07609240695136768,0.17169987509330026,0.40212148962148964,0.15556484095614526,0.7533333333333333,0.5076190476190476,2.660659388280565,7.842335805262276,13.218176159352629,5.27847713974479,0.6611821232793184,0.39804639804639796,3.0821069857524575,0.045914003223520385,1442.5698335690824,1509.8440844460413,5,-0.004516598095505464,0.07509079586792869,0.1886946307358106,0.3611888111888112,0.13125588586689152,0.10158007038260801,0.04406245967221574,0.10553232675183892,0.5301648351648351,0.14753386398547685,0.6,0.7533333333333333,2.7732183269471693,6.782202535282536,17.526514461998335,4.724107595543078,-0.1550086854498449,0.4464285714285714,2.870394177475923,0.502828371220245,1413.2601842992865,1561.1104577809335,5,0.02412638795299567,-0.002993430867337929,-0.05274914253225796,0.11300459344576996,0.05962412301311734,-0.142316866845319,0.03202994727915194,0.06616754834146134,-0.1280433455433455,0.008030976970668402,0.15333333333333332,-0.24571428571428566,-0.11255893866660438,1.0601332699797394,-4.308338302645707,0.5543695442017116,0.8161908087291633,-0.04838217338217343,0.2117128082765345,-0.45691436799672464,29.309649269795955,-51.26637333489225,0
2026_16_BUF_DEN,-0.010120158321071781,0.058435708435708424,0.12951044886528756,0.40991452991452987,0.15881964087080883,-0.10991313629374826,0.0631508747092729,0.20174018269457647,0.43267825311942965,0.12654952598888522,0.5,0.4600000000000001,2.835538042997519,5.5267252832946125,10.118184868987086,-6.293163337350885,-1.0374562709627069,0.31477591036414565,3.3212441905523327,-0.16736033805280545,1576.2893472757862,1531.9088489635822,5,0.13452081219882434,0.07170979347707737,0.12690373550325376,0.5103030303030304,0.09789044289044288,-0.005240583738414667,0.05789039998114406,0.18310660664199677,0.3633041958041958,0.22262111801242232,0.75,0.71,2.8525478954638244,8.841728271728272,13.510860663252211,3.2540371034971662,0.9475499309319808,0.46232833214257363,3.137927779395332,0.20702988408564504,1605.8433408491608,1539.9109127172403,5,-0.1446409705198961,-0.013274085041368948,0.0026067133620338023,-0.1003885003885005,0.060929197980365946,-0.10467255255533359,0.005260474728128843,0.018633576052579703,0.06937405731523383,-0.0960715920235371,-0.25,-0.2499999999999999,-0.017009852466305375,-3.315002988433659,-3.3926757942651253,-9.547200440848052,-1.9850062018946877,-0.14755242177842798,0.18331641115700048,-0.3743902221384505,-29.553993573374555,-8.002063753658149,0
2026_16_CAR_PIT,-0.06536572261812953,0.05580474104033252,0.13978620379732612,0.3553571428571428,0.16067977915804002,-0.09413674180231622,0.10084859584859582,0.18909645909645906,0.33426573426573425,0.1921698373311276,0.26666666666666666,0.16666666666666666,2.7068973612557654,7.676974559787061,14.92291646609544,-2.839980185167362,1.296461511558681,0.46385281385281385,2.662439985479228,0.14388371302192904,1542.027379793895,1500.9518376172116,5,0.04684122227905145,0.04446196164425718,0.1177138492767988,0.2729365079365079,0.19021847717499887,-0.0828757098460731,0.069807894425891,0.11943475313594157,0.4902289377289377,0.1020009157509157,0.6333333333333333,0.6291666666666667,2.9586424641161813,7.8316344696969695,11.655941655941657,2.6239667846417802,0.7093101327846962,0.46710526315789475,3.029778721321013,-0.14132224419959993,1442.418838317235,1473.968492195916,5,-0.11220694489718099,0.011342779396075343,0.022072354520527318,0.0824206349206349,-0.029538698016958853,-0.011261031956243117,0.03104070142270482,0.06966170596051749,-0.15596320346320347,0.0901689215802119,-0.36666666666666664,-0.4625,-0.25174510286041585,-0.15465990990990885,3.2669748101537834,-5.463946969809142,0.5871513787739848,-0.0032524493050808956,-0.367338735841785,0.28520595722152897,99.6085414766601,26.983345421295553,0
2026_16_CIN_IND,-0.15108624042828028,0.048661271020253125,0.1525443973831801,0.41606060606060613,0.2139016897081413,0.07844025950379226,0.05029340499425058,0.11976495875766838,0.38618881118881115,0.13692890949483238,0.6333333333333333,0.6166666666666666,2.720156365169724,7.305004330870278,19.30402698713894,1.3523448872021935,-0.7349038868248604,0.2955741626794258,2.6750706145684466,0.46859892658084484,1469.128115962281,1530.378003428357,5,0.007378612192010281,0.06211965510604193,0.155200441507872,0.5147186147186147,0.11693801538962827,-0.10340136170818055,0.10596028255364517,0.19975298769381136,0.393072613660849,0.1613408521303258,0.73,0.26666666666666666,2.6132930211317307,6.515603786000845,11.322034547841,4.03574950675596,0.17913442964720805,0.42332167832167833,2.607416246655673,1.1477605267968831,1497.261764224703,1523.094047421898,5,-0.15846485262029056,-0.013458384085788803,-0.002656044124691892,-0.09865800865800856,0.09696367431851304,0.1818416212119728,-0.0556668775593946,-0.07998802893614299,-0.006883802472037848,-0.024411942635493428,-0.09666666666666668,0.3499999999999999,0.10686334403799336,0.7894005448694328,7.98199243929794,-2.6834046195537664,-0.9140383164720685,-0.1277475156422525,0.06765436791277368,-0.6791616002160383,-28.133648262421957,7.283956006458993,0
2026_16_CLE_BAL,0.20981550751008352,0.06691408156925394,0.1377599722427308,0.4349511599511599,0.12871354651540404,-0.034537228950464766,0.05199714735392484,0.13463877959210438,0.45608974358974363,0.1961111111111111,0.6458333333333333,0.6333333333333333,3.056052777777778,8.984870960108182,11.425806451612903,4.1736807168458805,0.6162122160176126,0.40424993643529117,3.2104524792287896,1.4775962081199467,1541.8729492343268,1468.580443508806,5,-0.14047780482621658,0.10930402930402924,0.1955311355311355,0.3127455877455877,0.16179653679653674,0.043227188613119014,0.05463565891472866,0.13025581395348834,0.38571067821067817,0.14804597701149422,0.2,0.5,3.0208692753623185,7.501294781180837,14.508563899868246,-1.0457633728590263,-0.5487954934381464,0.3501010101010101,3.179493398763119,0.10219603226618368,1454.499768875897,1486.4829814881596,5,0.3502933123363001,-0.04238994773477531,-0.0577711632884047,0.12220557220557221,-0.03308299028113271,-0.07776441756358378,-0.002638511560803816,0.004382965638616038,0.07037906537906546,0.04806513409961688,0.44583333333333325,0.1333333333333333,0.03518350241545942,1.4835761789273452,-3.082757448255343,5.219444089704907,1.165007709455759,0.05414892633428109,0.030959080465670752,1.375400175853763,87.37318035842986,-17.90253797935361,0
2026_16_GB_CHI,0.09594100051518671,0.03559406646698044,0.11726837418750125,0.45917415917415916,0.11823366220649749,0.11820425152285703,0.0658020426159171,0.11876986790557284,0.41179487179487173,0.1484507465931614,0.5666666666666667,0.55,3.090012710449563,7.117608587109162,12.499663960110206,-0.0018816788350300762,0.424752179598888,0.40402750843927315,3.5595895453945516,0.364238817394773,1514.2693893634894,1529.8405584641796,5,-0.03265951637880192,0.09940383158094153,0.205985365160557,0.3022222222222222,0.2106909430438842,-0.01069750910614597,0.056119544592030335,0.14779350946333863,0.5013533834586467,0.17890359341972242,0.3833333333333333,0.6366666666666667,2.5936859334820457,9.686648875929682,14.179601573876136,-3.796094355113545,-0.7189174293713987,0.33126550868486354,3.164201685907968,1.295096387042843,1519.72855060859,1473.7387876913774,5,0.12860051689398863,-0.06380976511396108,-0.08871699097305574,0.15695193695193693,-0.0924572808373867,0.128901760629003,0.009682498023886765,-0.029023641557765795,-0.08955851166377493,-0.03045284682656102,0.18333333333333335,-0.08666666666666667,0.49632677696751726,-2.5690402888205206,-1.6799376137659294,3.794212676278515,1.1436696089702867,0.07276199975440961,0.3953878594865836,-0.9308575696480699,-5.459161245100631,56.10177077280218,0
2026_16_HOU_PHI,-0.06922385603506952,0.0656006433314553,0.13203723232644252,0.3842490842490842,0.16316418764302057,-0.07253222560240262,0.045050685748360145,0.10993587377308305,0.42498834498834503,0.14478578892371996,0.5833333333333333,0.6833333333333333,3.1825794514514514,9.346461433664375,12.506806806806807,-1.631707107107103,0.29767787796328976,0.3509784075573549,2.722478818965045,0.21699012497089037,1575.90579940087,1450.2878849341132,5,-0.006309607869457843,0.046755307093752335,0.12378170921269809,0.3351347182229535,0.22492319508448538,-0.18956138143488446,0.08848386672520177,0.14657291788228885,0.4133333333333333,0.18762463343108504,0.42666666666666664,0.5466666666666666,2.9092577668680946,9.040971963171962,17.109432562521807,1.6351616870459011,0.09439783701256908,0.3751294408617063,2.3086984759227915,-0.03527831788035753,1516.1646442149806,1510.7808511362248,5,-0.06291424816561167,0.01884533623770296,0.008255523113744431,0.04911436602613073,-0.061759007441464814,0.11702915583248184,-0.04343318097684162,-0.036637044109205805,0.01165501165501176,-0.04283884450736508,0.15666666666666662,0.13666666666666671,0.2733216845833568,0.3054894704924127,-4.602625755715,-3.2668687941530044,0.20328004095072066,-0.02415103330435142,0.4137803430422533,0.2522684428512479,59.74115518588928,-60.492966202111575,0
2026_16_JAX_DAL,0.05167619653652859,0.04212560386473428,0.135819397993311,0.47965034965034964,0.18140618002686965,0.20913841229369634,0.047018022627778724,0.15032934545129664,0.5085714285714287,0.1716331269349845,0.6833333333333333,0.58,2.7564119990127702,8.703118727598566,20.09048540950818,2.746670056797785,0.4053738322530262,0.4954744816586921,2.9476231741565395,0.4344478181269409,1479.4125045895676,1468.712886621616,5,0.10075386426140646,0.048101608735517165,0.14608860548470448,0.5277777777777778,0.16204433497536944,-0.0331096008534991,0.06738504738504733,0.15318425253909124,0.29772727272727273,0.13127889654205438,0.78,0.4333333333333333,2.899371945069936,9.691080124459434,14.702513608060832,6.713023782703243,0.0487081299203385,0.37498383968972204,2.6579822268010775,-1.0473488693801714,1529.117682000888,1509.384227984726,5,-0.04907766772487787,-0.005976004870782883,-0.010269207491393484,-0.04812742812742815,0.01936184505150021,0.24224801314719543,-0.020367024757268606,-0.002854907087794595,0.21084415584415594,0.040354230392930124,-0.09666666666666668,0.14666666666666667,-0.14295994605716578,-0.987961396860868,5.387971801447348,-3.966353725905458,0.3566657023326877,0.12049064196897008,0.289640947355462,1.4817966875071122,-49.70517741132039,-40.67134136311006,0
2026_16_LAC_MIA,-0.17883163463443488,0.09826512226512224,0.16598198198198194,0.3769230769230769,0.20317859349894946,0.10146890321369625,0.012,0.10633179723502302,0.5042124542124542,0.22219117647058823,0.3333333333333333,0.8033333333333333,2.8904229761381943,9.207920973712278,22.411067193675887,0.5478607085346233,-0.590892341058445,0.355241868554562,3.1345522948545153,0.4338065991400663,1456.047333785131,1496.20555010898,5,-0.20645130234105985,0.08683353545153204,0.17790864257417732,0.3514285714285714,0.16585497835497834,-0.07268405356522459,0.06767708098353258,0.16410719656687398,0.37505827505827505,0.17809906306152132,0.46333333333333326,0.36333333333333334,2.8383926550294913,9.312933562256143,13.8081798375916,-3.226212938205582,-0.5518552781447963,0.35885093167701865,2.695385295232307,-0.9735693985954201,1500.6754590474861,1474.0309406700828,5,0.027619667706624967,0.011431586813590203,-0.011926660592195382,0.025494505494505493,0.03732361514397112,0.17415295677892084,-0.05567708098353258,-0.057775399331850955,0.12915417915417915,0.04409211340906691,-0.12999999999999995,0.44,0.05203032110870298,-0.10501258854386464,8.602887356084286,3.7740736467402054,-0.039037062913648723,-0.003609063122456624,0.4391669996222083,1.4073759977354865,-44.62812526235507,22.174609438897278,0
2026_16_LA_SEA,-0.02389999629498236,0.054910394265232934,0.13800503317318688,0.40783799533799536,0.2025396825396825,-0.17104867699316326,0.0702707373271889,0.1962058371735791,0.22309829059829056,0.14451337898413222,0.4,0.5333333333333333,2.951805066045066,6.730919580419581,15.42812742812743,5.722945454545458,0.5782498378357661,0.4143048128342246,2.9453514590844208,1.4261563549079441,1583.5729569195983,1468.3225916469034,5,0.10471020144597357,0.03955529857022706,0.1598507148864592,0.46048516842634485,0.10906832298136641,0.04467995752922869,0.04717011128775834,0.204386150856739,0.41686646686646683,0.11681385281385279,0.47333333333333333,0.5333333333333333,2.8804177736358314,10.1846413985414,19.169161907701806,2.4979925482327516,1.4428653959629156,0.4397326007326007,2.7423540075716213,1.5287479450621815,1541.1162938983907,1510.7073317930335,5,-0.12861019774095592,0.015355095695005871,-0.021845681713272308,-0.052647173088349486,0.09347135955831608,-0.21572863452239194,0.023100626039430562,-0.008180313683159912,-0.19376817626817627,0.02769952617027943,-0.0733333333333333,0.0,0.07138729240923469,-3.453721818121819,-3.7410344795743757,3.2249529063127067,-0.8646155581271495,-0.025427787898376075,0.20299745151279946,-0.10259159015423736,42.45666302120753,-42.38474014613007,0
2026_16_NE_NYJ,-0.06679110061987134,0.05212008281573497,0.12768402611880866,0.35999723960250274,0.23314687685397067,0.16701834750575464,0.05238858363858362,0.09359737484737483,0.37777777777777777,0.12670760611937076,0.5999999999999999,0.86,2.8280228337428337,6.058080709678185,14.165568007031421,2.236785067217994,0.42989520067579556,0.36146353646353646,2.9994687836909817,-0.7251697090040773,1402.1811734371163,1490.470222274006,5,0.08950592208191036,0.05986700986700984,0.1327327327327327,0.3847222222222222,0.16662622244927744,-0.12052519817148843,0.07103868444681904,0.19570872014069765,0.34245337995337993,0.14193374741200826,0.5,0.26666666666666666,3.112547861471861,9.331289938556067,12.10966810966811,8.91464496392497,0.037431893668879446,0.4131944444444444,3.1827164479614756,0.6053213759231977,1519.503446401706,1548.7240141550292,5,-0.1562970227017817,-0.007746927051274867,-0.005048706613924037,-0.02472498261971945,0.06652065440469324,0.28754354567724305,-0.018650100808235426,-0.10211134529332282,0.035324397824397835,-0.015226141292637496,0.09999999999999987,0.5933333333333333,-0.28452502772902744,-3.2732092288778816,2.055899897363311,-6.677859896706975,0.3924633070069161,-0.05173090798090796,-0.18324766427049388,-1.3304910849272749,-117.32227296458973,-58.25379188102329,0
2026_16_NYG_DET,0.014733188799656733,0.07691607611263274,0.19042664811674853,0.41338661338661337,0.2186339586339586,0.026335779857456172,0.10969401765282769,0.1829858704732846,0.47663512957630605,0.12870767828662563,0.7699999999999999,0.8933333333333333,2.734245083198713,6.95498338935099,16.37665948691357,0.8577093442326026,0.07738189464968279,0.41280903407945146,3.1233445981750108,0.06288153960157472,1560.1206859725398,1481.7771868921918,5,0.01057924991104096,0.07790360763101076,0.19972583131837077,0.4986813186813187,0.11087184873949578,-0.0977330237819958,0.029107142857142842,0.10137667887667885,0.4435314685314685,0.19707717569786534,0.4,0.6666666666666667,2.666630453819807,7.193385878489328,15.425548589341691,-1.0810194313827908,0.4200959450567212,0.4243740573152338,3.0642478777743323,0.17960202794581376,1425.449168543973,1470.0837122657506,5,0.004153938888615772,-0.0009875315183780209,-0.009299183201622235,-0.08529470529470534,0.10776210989446282,0.12406880363945197,0.08058687479568484,0.08160919159660575,0.03310366104483753,-0.06836949741123971,0.3699999999999999,0.22666666666666657,0.06761462937890572,-0.23840248913833761,0.9511108975718798,1.9387287756153935,-0.3427140504070384,-0.011565023235782346,0.05909672040067848,-0.11672048834423904,134.67151742856686,11.69347462644123,0
2026_16_SF_KC,-0.07569543658069004,0.0682976827094474,0.20098930481283422,0.3831587530116941,0.15697210041595738,-0.10187793873215371,0.0481427174975562,0.11883815109621558,0.3888888888888889,0.15339861751152073,0.56,0.4333333333333333,2.755575464535696,5.445313102956046,8.338685140937955,-3.0239418085738494,1.944313758932201,0.5360054347826086,4.092348799697803,0.8846171639165157,1544.9407810757768,1500.633082188943,5,0.14062867328361878,0.02401315789473684,0.10380284043441934,0.568968253968254,0.0919001782531194,0.0067956155698636585,0.04945193171608262,0.13594510022616718,0.4377777777777778,0.1696140385795558,0.7333333333333333,0.2533333333333333,3.0286828877005343,7.239409884233413,13.832442067736185,5.640454149336507,0.2381007117937769,0.3723731884057971,2.992561080527955,0.11612967891674827,1563.3447140374958,1481.914364065069,5,-0.21632410986430883,0.04428452481471056,0.09718646437841488,-0.1858095009565599,0.06507192216283798,-0.10867355430201737,-0.0013092142185264222,-0.0171069491299516,-0.048888888888888926,-0.016215421068035057,-0.17333333333333323,0.18,-0.27310742316483827,-1.794096781277367,-5.4937569267982305,-8.664395957910356,1.7062130471384243,0.16363224637681156,1.0997877191698482,0.7684874849997674,-18.403932961718965,18.71871812387394,0
2026_16_TB_ATL,-0.09555983811719475,0.06837606837606836,0.18623931623931622,0.34893772893772895,0.15502941133200598,-0.057440293846527005,0.05694420493059173,0.14655851490791932,0.35513736263736256,0.18655677655677655,0.5444444444444444,0.4666666666666666,2.5756530571847507,6.347884756728779,13.209090909090909,-5.962798863636364,0.80136693554076,0.4347400284900285,3.263610455856103,0.8563174007818803,1473.137108563973,1502.8134860104954,5,-0.12009472579349438,0.08959489302967563,0.13489233954451343,0.41000377073906485,0.1784598997493734,-0.028582656765212378,0.05048103565750621,0.10870133999545761,0.30787545787545784,0.24678292721770972,0.3333333333333333,0.4333333333333333,3.0425924751718876,8.151198653198653,11.073338426279602,1.7226781257957762,-0.8309883687503095,0.2463908640379228,3.3387459071387937,1.2339791442030923,1464.6981591591637,1493.623056666156,5,0.024534887676299633,-0.021218824653607277,0.05134697669480279,-0.0610660418013359,-0.023430488417367418,-0.028857637081314627,0.006463169273085517,0.03785717491246171,0.04726190476190473,-0.060226150660933175,0.21111111111111108,0.033333333333333326,-0.4669394179871369,-1.8033138964698745,2.1357524828113075,-7.685476989432139,1.6323553042910695,0.18834916445210573,-0.07513545128269072,-0.37766174342121195,8.438949404809364,9.190429344339464,0
2026_16_TEN_LV,-0.22139980166343726,0.07009659695143564,0.1778948068060971,0.35769230769230764,0.24859502262443436,-0.07070133554734855,0.10669932605416474,0.24081710743001059,0.36672268907563027,0.14374568668046925,0.4976190476190476,0.5800000000000001,2.7047899223764738,7.851810786914234,16.790267204060306,0.13011706224810116,-0.16956447791271326,0.35516589690502737,2.583374531068177,-0.04122749943785742,1438.633800272921,1486.221802502573,5,-0.13339693830228574,0.05515687211339382,0.12075834793226092,0.3517307692307692,0.10215193155302045,0.11419289401185781,0.06137697428020004,0.1180944503525148,0.41103341103341096,0.19869227994227995,0.6333333333333333,0.6833333333333333,3.1082658333333333,6.600291596638655,10.416666666666666,-3.6334680555555563,0.3826320944258958,0.44304388422035473,2.6166363840410676,0.3002418600627482,1366.7373057810041,1467.6889016730863,5,-0.08800286336115151,0.014939724838041818,0.05713645887383617,0.0059615384615384626,0.1464430910714139,-0.18489422955920637,0.0453223517739647,0.12272265707749579,-0.044310721957780685,-0.0549465932618107,-0.13571428571428568,-0.10333333333333328,-0.40347591095685953,1.2515191902755785,6.37360053739364,3.7635851178036575,-0.5521965723386091,-0.08787798731532737,-0.03326185297289053,-0.34146935950060564,71.89649449191688,18.532900829486607,0
2026_16_WAS_MIN,-0.12086809944527062,0.12976660341555976,0.19429728020240353,0.2715934065934066,0.15488879983971143,-0.19760512347827358,0.1394610442268105,0.259010666833011,0.261624649859944,0.20352760459022315,0.5125,0.25,2.8399270257634344,8.058213506493507,13.043793892527422,-4.247111435729502,-0.08717932318430144,0.3664227526759496,3.0605804021590814,0.722920827903586,1573.704718427861,1506.8078571131275,5,0.03452590049008496,0.03194139194139192,0.15834757834757832,0.3695304695304695,0.18916666666666665,0.02233065967391092,0.06929292929292925,0.15583494519664728,0.44536796536796536,0.1887356731750324,0.6499999999999999,0.6766666666666665,2.9891032446996397,8.296601358608118,15.36371886508014,0.6221878532874381,0.5146372241780421,0.2666448972483455,2.6865264814964624,0.5620112119755942,1466.3668020958235,1551.0005935741895,5,-0.15539399993535558,0.09782521147416784,0.03594970185482521,-0.09793706293706289,-0.03427786682695522,-0.2199357831521845,0.07016811493388124,0.10317572163636371,-0.18374331550802137,0.014791931415190751,-0.13749999999999996,-0.4266666666666665,-0.14917621893620536,-0.23838785211461122,-2.319924972552718,-4.86929928901694,-0.6018165473623436,0.09977785542760409,0.374053920662619,0.1609096159279918,107.3379163320376,-44.19273646106194,0
2026_17_BAL_CIN,0.007378612192010281,0.06211965510604193,0.155200441507872,0.5147186147186147,0.11693801538962827,-0.10340136170818055,0.10596028255364517,0.19975298769381136,0.393072613660849,0.1613408521303258,0.73,0.26666666666666666,2.6132930211317307,6.515603786000845,11.322034547841,4.03574950675596,0.17913442964720805,0.42332167832167833,2.607416246655673,1.1477605267968831,1497.261764224703,1523.094047421898,5,0.20981550751008352,0.06691408156925394,0.1377599722427308,0.4349511599511599,0.12871354651540404,-0.034537228950464766,0.05199714735392484,0.13463877959210438,0.45608974358974363,0.1961111111111111,0.6458333333333333,0.6333333333333333,3.056052777777778,8.984870960108182,11.425806451612903,4.1736807168458805,0.6162122160176126,0.40424993643529117,3.2104524792287896,1.4775962081199467,1541.8729492343268,1468.580443508806,5,-0.20243689531807324,-0.004794426463212008,0.0174404692651412,0.07976745476745478,-0.01177553112577577,-0.06886413275771579,0.05396313519972033,0.06511420810170698,-0.06301712992889463,-0.034770258980785285,0.08416666666666672,-0.36666666666666664,-0.4427597566460473,-2.469267174107337,-0.1037719037719036,-0.1379312100899206,-0.4370777863704045,0.01907174188638716,-0.6030362325731167,-0.3298356813230636,-44.611185009623796,54.51360391309208,0
2026_17_BUF_MIA,-0.17883163463443488,0.09826512226512224,0.16598198198198194,0.3769230769230769,0.20317859349894946,0.10146890321369625,0.012,0.10633179723502302,0.5042124542124542,0.22219117647058823,0.3333333333333333,0.8033333333333333,2.8904229761381943,9.207920973712278,22.411067193675887,0.5478607085346233,-0.590892341058445,0.355241868554562,3.1345522948545153,0.4338065991400663,1456.047333785131,1496.20555010898,5,0.13452081219882434,0.07170979347707737,0.12690373550325376,0.5103030303030304,0.09789044289044288,-0.005240583738414667,0.05789039998114406,0.18310660664199677,0.3633041958041958,0.22262111801242232,0.75,0.71,2.8525478954638244,8.841728271728272,13.510860663252211,3.2540371034971662,0.9475499309319808,0.46232833214257363,3.137927779395332,0.20702988408564504,1605.8433408491608,1539.9109127172403,5,-0.31335244683325925,0.02655532878804487,0.03907824647872818,-0.13337995337995345,0.10528815060850658,0.10670948695211092,-0.04589039998114405,-0.07677480940697375,0.14090825840825838,-0.0004299415418340946,-0.4166666666666667,0.09333333333333338,0.037875080674369954,0.3661927019840068,8.900206530423675,-2.706176394962543,-1.5384422719904258,-0.1070864635880116,-0.003375484540816931,0.22677671505442126,-149.7960070640297,-43.7053626082602,0
2026_17_DEN_NE,0.08950592208191036,0.05986700986700984,0.1327327327327327,0.3847222222222222,0.16662622244927744,-0.12052519817148843,0.07103868444681904,0.19570872014069765,0.34245337995337993,0.14193374741200826,0.5,0.26666666666666666,3.112547861471861,9.331289938556067,12.10966810966811,8.91464496392497,0.037431893668879446,0.4131944444444444,3.1827164479614756,0.6053213759231977,1519.503446401706,1548.7240141550292,5,-0.010120158321071781,0.058435708435708424,0.12951044886528756,0.40991452991452987,0.15881964087080883,-0.10991313629374826,0.0631508747092729,0.20174018269457647,0.43267825311942965,0.12654952598888522,0.5,0.4600000000000001,2.835538042997519,5.5267252832946125,10.118184868987086,-6.293163337350885,-1.0374562709627069,0.31477591036414565,3.3212441905523327,-0.16736033805280545,1576.2893472757862,1531.9088489635822,5,0.09962608040298214,0.0014313014313014141,0.003222283867445136,-0.02519230769230768,0.007806581578468613,-0.010612061877740178,0.007887809737546145,-0.006031462553878819,-0.09022487316604971,0.01538422142312304,0.0,-0.1933333333333334,0.27700981847434214,3.804564655261454,1.9914832406810241,15.207808301275854,1.0748881646315862,0.09841853408029877,-0.1385277425908571,0.7726817139760032,-56.7859008740802,16.815165191447022,0
2026_17_DET_CHI,0.09594100051518671,0.03559406646698044,0.11726837418750125,0.45917415917415916,0.11823366220649749,0.11820425152285703,0.0658020426159171,0.11876986790557284,0.41179487179487173,0.1484507465931614,0.5666666666666667,0.55,3.090012710449563,7.117608587109162,12.499663960110206,-0.0018816788350300762,0.424752179598888,0.40402750843927315,3.5595895453945516,0.364238817394773,1514.2693893634894,1529.8405584641796,5,0.014733188799656733,0.07691607611263274,0.19042664811674853,0.41338661338661337,0.2186339586339586,0.026335779857456172,0.10969401765282769,0.1829858704732846,0.47663512957630605,0.12870767828662563,0.7699999999999999,0.8933333333333333,2.734245083198713,6.95498338935099,16.37665948691357,0.8577093442326026,0.07738189464968279,0.41280903407945146,3.1233445981750108,0.06288153960157472,1560.1206859725398,1481.7771868921918,5,0.08120781171552997,-0.041322009645652295,-0.07315827392924729,0.04578754578754579,-0.10040029642746111,0.09186847166540085,-0.043891975036910585,-0.06421600256771176,-0.06484025778143432,0.01974306830653577,-0.20333333333333325,-0.34333333333333327,0.3557676272508501,0.16262519775817186,-3.8769955268033645,-0.8595910230676327,0.3473702849492052,-0.008781525640178311,0.4362449472195409,0.30135727779319826,-45.85129660905045,48.06337157198777,0
2026_17_HOU_GB,-0.03265951637880192,0.09940383158094153,0.205985365160557,0.3022222222222222,0.2106909430438842,-0.01069750910614597,0.056119544592030335,0.14779350946333863,0.5013533834586467,0.17890359341972242,0.3833333333333333,0.6366666666666667,2.5936859334820457,9.686648875929682,14.179601573876136,-3.796094355113545,-0.7189174293713987,0.33126550868486354,3.164201685907968,1.295096387042843,1519.72855060859,1473.7387876913774,5,-0.006309607869457843,0.046755307093752335,0.12378170921269809,0.3351347182229535,0.22492319508448538,-0.18956138143488446,0.08848386672520177,0.14657291788228885,0.4133333333333333,0.18762463343108504,0.42666666666666664,0.5466666666666666,2.9092577668680946,9.040971963171962,17.109432562521807,1.6351616870459011,0.09439783701256908,0.3751294408617063,2.3086984759227915,-0.03527831788035753,1516.1646442149806,1510.7808511362248,5,-0.02634990850934408,0.052648524487189194,0.0822036559478589,-0.03291249600073126,-0.01423225204060119,0.1788638723287385,-0.03236432213317143,0.0012205915810497847,0.08802005012531339,-0.008721040011362619,-0.043333333333333335,0.09000000000000008,-0.3155718333860489,0.64567691275772,-2.929830988645671,-5.431256042159446,-0.8133152663839678,-0.04386393217684276,0.8555032099851765,1.3303747049232004,3.563906393609386,-37.04206344484737,0
2026_17_IND_CLE,-0.14047780482621658,0.10930402930402924,0.1955311355311355,0.3127455877455877,0.16179653679653674,0.043227188613119014,0.05463565891472866,0.13025581395348834,0.38571067821067817,0.14804597701149422,0.2,0.5,3.0208692753623185,7.501294781180837,14.508563899868246,-1.0457633728590263,-0.5487954934381464,0.3501010101010101,3.179493398763119,0.10219603226618368,1454.499768875897,1486.4829814881596,5,-0.15108624042828028,0.048661271020253125,0.1525443973831801,0.41606060606060613,0.2139016897081413,0.07844025950379226,0.05029340499425058,0.11976495875766838,0.38618881118881115,0.13692890949483238,0.6333333333333333,0.6166666666666666,2.720156365169724,7.305004330870278,19.30402698713894,1.3523448872021935,-0.7349038868248604,0.2955741626794258,2.6750706145684466,0.46859892658084484,1469.128115962281,1530.378003428357,5,0.010608435602063704,0.06064275828377612,0.042986738147955394,-0.10331501831501844,-0.05210515291160456,-0.03521307089067324,0.00434225392047808,0.010490855195819965,-0.0004781329781329835,0.011117067516661833,-0.4333333333333333,-0.11666666666666659,0.3007129101925945,0.19629045031055892,-4.795463087270694,-2.39810826006122,0.18610839338671403,0.05452684742158426,0.5044227841946722,-0.36640289431466116,-14.62834708638411,-43.895021940197466,0
2026_17_KC_LAC,-0.20645130234105985,0.08683353545153204,0.17790864257417732,0.3514285714285714,0.16585497835497834,-0.07268405356522459,0.06767708098353258,0.16410719656687398,0.37505827505827505,0.17809906306152132,0.46333333333333326,0.36333333333333334,2.8383926550294913,9.312933562256143,13.8081798375916,-3.226212938205582,-0.5518552781447963,0.35885093167701865,2.695385295232307,-0.9735693985954201,1500.6754590474861,1474.0309406700828,5,-0.07569543658069004,0.0682976827094474,0.20098930481283422,0.3831587530116941,0.15697210041595738,-0.10187793873215371,0.0481427174975562,0.11883815109621558,0.3888888888888889,0.15339861751152073,0.56,0.4333333333333333,2.755575464535696,5.445313102956046,8.338685140937955,-3.0239418085738494,1.944313758932201,0.5360054347826086,4.092348799697803,0.8846171639165157,1544.9407810757768,1500.633082188943,5,-0.1307558657603698,0.018535852742084635,-0.0230806622386569,-0.031730181583122685,0.008882877939020956,0.029193885166929126,0.019534363485976376,0.045269045470658395,-0.013830613830613847,0.024700445550000588,-0.09666666666666679,-0.06999999999999995,0.08281719049379532,3.867620459300097,5.469494696653646,-0.20227112963173255,-2.4961690370769976,-0.17715450310559,-1.3969635044654964,-1.8581865625119358,-44.26532202829071,-26.602141518860208,0
2026_17_LA_TB,-0.12009472579349438,0.08959489302967563,0.13489233954451343,0.41000377073906485,0.1784598997493734,-0.028582656765212378,0.05048103565750621,0.10870133999545761,0.30787545787545784,0.24678292721770972,0.3333333333333333,0.4333333333333333,3.0425924751718876,8.151198653198653,11.073338426279602,1.7226781257957762,-0.8309883687503095,0.2463908640379228,3.3387459071387937,1.2339791442030923,1464.6981591591637,1493.623056666156,5,0.10471020144597357,0.03955529857022706,0.1598507148864592,0.46048516842634485,0.10906832298136641,0.04467995752922869,0.04717011128775834,0.204386150856739,0.41686646686646683,0.11681385281385279,0.47333333333333333,0.5333333333333333,2.8804177736358314,10.1846413985414,19.169161907701806,2.4979925482327516,1.4428653959629156,0.4397326007326007,2.7423540075716213,1.5287479450621815,1541.1162938983907,1510.7073317930335,5,-0.22480492723946793,0.05003959445944857,-0.024958375341945754,-0.050481397687279994,0.06939157676800699,-0.07326261429444106,0.003310924369747871,-0.09568481086128139,-0.108991008991009,0.12996907440385694,-0.14,-0.10000000000000003,0.16217470153605618,-2.0334427453427466,-8.095823481422205,-0.7753144224369755,-2.273853764713225,-0.19334173669467788,0.5963918995671724,-0.2947688008590892,-76.41813473922707,-17.08427512687763,0
2026_17_LV_ARI,-0.004516598095505464,0.07509079586792869,0.1886946307358106,0.3611888111888112,0.13125588586689152,0.10158007038260801,0.04406245967221574,0.10553232675183892,0.5301648351648351,0.14753386398547685,0.6,0.7533333333333333,2.7732183269471693,6.782202535282536,17.526514461998335,4.724107595543078,-0.1550086854498449,0.4464285714285714,2.870394177475923,0.502828371220245,1413.2601842992865,1561.1104577809335,5,-0.22139980166343726,0.07009659695143564,0.1778948068060971,0.35769230769230764,0.24859502262443436,-0.07070133554734855,0.10669932605416474,0.24081710743001059,0.36672268907563027,0.14374568668046925,0.4976190476190476,0.5800000000000001,2.7047899223764738,7.851810786914234,16.790267204060306,0.13011706224810116,-0.16956447791271326,0.35516589690502737,2.583374531068177,-0.04122749943785742,1438.633800272921,1486.221802502573,5,0.21688320356793178,0.004994198916493053,0.010799823929713515,0.0034965034965035446,-0.11733913675754284,0.17228140592995655,-0.062636866381949,-0.13528478067817168,0.16344214608920488,0.003788177305007606,0.10238095238095235,0.17333333333333323,0.06842840457069554,-1.0696082516316974,0.7362472579380288,4.593990533294977,0.014555792462868367,0.09126267452354403,0.2870196464077459,0.5440558706581025,-25.373615973634514,74.8886552783606,0
2026_17_MIN_NYJ,-0.06679110061987134,0.05212008281573497,0.12768402611880866,0.35999723960250274,0.23314687685397067,0.16701834750575464,0.05238858363858362,0.09359737484737483,0.37777777777777777,0.12670760611937076,0.5999999999999999,0.86,2.8280228337428337,6.058080709678185,14.165568007031421,2.236785067217994,0.42989520067579556,0.36146353646353646,2.9994687836909817,-0.7251697090040773,1402.1811734371163,1490.470222274006,5,-0.12086809944527062,0.12976660341555976,0.19429728020240353,0.2715934065934066,0.15488879983971143,-0.19760512347827358,0.1394610442268105,0.259010666833011,0.261624649859944,0.20352760459022315,0.5125,0.25,2.8399270257634344,8.058213506493507,13.043793892527422,-4.247111435729502,-0.08717932318430144,0.3664227526759496,3.0605804021590814,0.722920827903586,1573.704718427861,1506.8078571131275,5,0.05407699882539928,-0.0776465205998248,-0.06661325408359486,0.08840383300909616,0.07825807701425924,0.36462347098402825,-0.08707246058822687,-0.16541329198563615,0.11615312791783378,-0.07681999847085239,0.08749999999999991,0.61,-0.011904192020600668,-2.000132796815322,1.1217741145039994,6.483896502947496,0.517074523860097,-0.004959216212413131,-0.06111161846809976,-1.4480905369076633,-171.52354499074477,-16.33763483912162,0
2026_17_NO_ATL,-0.09555983811719475,0.06837606837606836,0.18623931623931622,0.34893772893772895,0.15502941133200598,-0.057440293846527005,0.05694420493059173,0.14655851490791932,0.35513736263736256,0.18655677655677655,0.5444444444444444,0.4666666666666666,2.5756530571847507,6.347884756728779,13.209090909090909,-5.962798863636364,0.80136693554076,0.4347400284900285,3.263610455856103,0.8563174007818803,1473.137108563973,1502.8134860104954,5,0.019609789857490206,0.07209736500059076,0.13594548820355265,0.47419340463458115,0.19088000888000886,-0.040736796462710986,0.07609240695136768,0.17169987509330026,0.40212148962148964,0.15556484095614526,0.7533333333333333,0.5076190476190476,2.660659388280565,7.842335805262276,13.218176159352629,5.27847713974479,0.6611821232793184,0.39804639804639796,3.0821069857524575,0.045914003223520385,1442.5698335690824,1509.8440844460413,5,-0.11516962797468495,-0.003721296624522405,0.05029382803576357,-0.1252556756968522,-0.03585059754800288,-0.01670349738381602,-0.019148202020775953,-0.025141360185380934,-0.04698412698412707,0.030991935600631293,-0.2088888888888889,-0.04095238095238102,-0.08500633109581424,-1.494451048533497,-0.00908525026171958,-11.241276003381152,0.14018481226144164,0.036693630443630554,0.18150347010364554,0.81040339755836,30.567274994890568,-7.030598435545926,0
2026_17_NYG_DAL,0.05167619653652859,0.04212560386473428,0.135819397993311,0.47965034965034964,0.18140618002686965,0.20913841229369634,0.047018022627778724,0.15032934545129664,0.5085714285714287,0.1716331269349845,0.6833333333333333,0.58,2.7564119990127702,8.703118727598566,20.09048540950818,2.746670056797785,0.4053738322530262,0.4954744816586921,2.9476231741565395,0.4344478181269409,1479.4125045895676,1468.712886621616,5,0.01057924991104096,0.07790360763101076,0.19972583131837077,0.4986813186813187,0.11087184873949578,-0.0977330237819958,0.029107142857142842,0.10137667887667885,0.4435314685314685,0.19707717569786534,0.4,0.6666666666666667,2.666630453819807,7.193385878489328,15.425548589341691,-1.0810194313827908,0.4200959450567212,0.4243740573152338,3.0642478777743323,0.17960202794581376,1425.449168543973,1470.0837122657506,5,0.04109694662548763,-0.035778003766276475,-0.06390643332505977,-0.01903096903096907,0.07053433128737387,0.3068714360756921,0.017910879770635883,0.04895266657461779,0.06503996003996015,-0.02544404876288084,0.2833333333333333,-0.08666666666666678,0.08978154519296311,1.5097328491092386,4.6649368201664885,3.827689488180576,-0.014722112803695009,0.07110042434345831,-0.11662470361779276,0.25484579018112713,53.96333604559459,-1.3708256441345839,0
2026_17_PHI_SF,0.14062867328361878,0.02401315789473684,0.10380284043441934,0.568968253968254,0.0919001782531194,0.0067956155698636585,0.04945193171608262,0.13594510022616718,0.4377777777777778,0.1696140385795558,0.7333333333333333,0.2533333333333333,3.0286828877005343,7.239409884233413,13.832442067736185,5.640454149336507,0.2381007117937769,0.3723731884057971,2.992561080527955,0.11612967891674827,1563.3447140374958,1481.914364065069,5,-0.06922385603506952,0.0656006433314553,0.13203723232644252,0.3842490842490842,0.16316418764302057,-0.07253222560240262,0.045050685748360145,0.10993587377308305,0.42498834498834503,0.14478578892371996,0.5833333333333333,0.6833333333333333,3.1825794514514514,9.346461433664375,12.506806806806807,-1.631707107107103,0.29767787796328976,0.3509784075573549,2.722478818965045,0.21699012497089037,1575.90579940087,1450.2878849341132,5,0.2098525293186883,-0.041587485436718453,-0.028234391892023175,0.1847191697191698,-0.07126400938990117,0.07932784117226628,0.004401245967722477,0.026009226453084136,0.012789432789432786,0.024828249655835827,0.15000000000000002,-0.43000000000000005,-0.1538965637509171,-2.1070515494309623,1.3256352609293778,7.27216125644361,-0.05957716616951286,0.021394780848442208,0.2700822615629104,-0.1008604460541421,-12.561085363374104,31.626479130955886,0
2026_17_PIT_TEN,-0.13339693830228574,0.05515687211339382,0.12075834793226092,0.3517307692307692,0.10215193155302045,0.11419289401185781,0.06137697428020004,0.1180944503525148,0.41103341103341096,0.19869227994227995,0.6333333333333333,0.6833333333333333,3.1082658333333333,6.600291596638655,10.416666666666666,-3.6334680555555563,0.3826320944258958,0.44304388422035473,2.6166363840410676,0.3002418600627482,1366.7373057810041,1467.6889016730863,5,-0.06536572261812953,0.05580474104033252,0.13978620379732612,0.3553571428571428,0.16067977915804002,-0.09413674180231622,0.10084859584859582,0.18909645909645906,0.33426573426573425,0.1921698373311276,0.26666666666666666,0.16666666666666666,2.7068973612557654,7.676974559787061,14.92291646609544,-2.839980185167362,1.296461511558681,0.46385281385281385,2.662439985479228,0.14388371302192904,1542.027379793895,1500.9518376172116,5,-0.06803121568415621,-0.0006478689269387022,-0.019027855865065196,-0.0036263736263736357,-0.05852784760501957,0.20832963581417402,-0.03947162156839578,-0.07100200874394426,0.0767676767676767,0.00652244261115234,0.36666666666666664,0.5166666666666667,0.4013684720775679,-1.0766829631484054,-4.506249799428774,-0.7934878703881942,-0.9138294171327852,-0.020808929632459117,-0.045803601438160424,0.15635814704081918,-175.29007401289095,-33.262935944125275,0
2026_17_SEA_CAR,0.04684122227905145,0.04446196164425718,0.1177138492767988,0.2729365079365079,0.19021847717499887,-0.0828757098460731,0.069807894425891,0.11943475313594157,0.4902289377289377,0.1020009157509157,0.6333333333333333,0.6291666666666667,2.9586424641161813,7.8316344696969695,11.655941655941657,2.6239667846417802,0.7093101327846962,0.46710526315789475,3.029778721321013,-0.14132224419959993,1442.418838317235,1473.968492195916,5,-0.02389999629498236,0.054910394265232934,0.13800503317318688,0.40783799533799536,0.2025396825396825,-0.17104867699316326,0.0702707373271889,0.1962058371735791,0.22309829059829056,0.14451337898413222,0.4,0.5333333333333333,2.951805066045066,6.730919580419581,15.42812742812743,5.722945454545458,0.5782498378357661,0.4143048128342246,2.9453514590844208,1.4261563549079441,1583.5729569195983,1468.3225916469034,5,0.07074121857403382,-0.010448432620975757,-0.02029118389638808,-0.13490148740148744,-0.012321205364683618,0.08817296714709015,-0.0004628429012979024,-0.07677108403763752,0.26713064713064716,-0.042512463233216516,0.23333333333333328,0.09583333333333333,0.006837398071115164,1.1007148892773886,-3.7721857721857734,-3.098978669903678,0.13106029494893012,0.052800450323670145,0.08442726223659225,-1.567478599107544,-141.15411860236327,5.645900549012595,0
2026_17_WAS_JAX,0.10075386426140646,0.048101608735517165,0.14608860548470448,0.5277777777777778,0.16204433497536944,-0.0331096008534991,0.06738504738504733,0.15318425253909124,0.29772727272727273,0.13127889654205438,0.78,0.4333333333333333,2.899371945069936,9.691080124459434,14.702513608060832,6.713023782703243,0.0487081299203385,0.37498383968972204,2.6579822268010775,-1.0473488693801714,1529.117682000888,1509.384227984726,5,0.03452590049008496,0.03194139194139192,0.15834757834757832,0.3695304695304695,0.18916666666666665,0.02233065967391092,0.06929292929292925,0.15583494519664728,0.44536796536796536,0.1887356731750324,0.6499999999999999,0.6766666666666665,2.9891032446996397,8.296601358608118,15.36371886508014,0.6221878532874381,0.5146372241780421,0.2666448972483455,2.6865264814964624,0.5620112119755942,1466.3668020958235,1551.0005935741895,5,0.06622796377132151,0.016160216794125243,-0.012258972862873835,0.15824730824730832,-0.027122331691297213,-0.055440260527410024,-0.0019078819078819226,-0.0026506926575560474,-0.14764069264069263,-0.05745677663297802,0.13000000000000012,-0.24333333333333323,-0.08973129962970372,1.394478765851316,-0.6612052570193079,6.090835929415805,-0.4659290942577036,0.10833894244137654,-0.028544254695384907,-1.6093600813557656,62.750879905064494,-41.616365589463385,0
2026_18_ATL_CAR,0.04684122227905145,0.04446196164425718,0.1177138492767988,0.2729365079365079,0.19021847717499887,-0.0828757098460731,0.069807894425891,0.11943475313594157,0.4902289377289377,0.1020009157509157,0.6333333333333333,0.6291666666666667,2.9586424641161813,7.8316344696969695,11.655941655941657,2.6239667846417802,0.7093101327846962,0.46710526315789475,3.029778721321013,-0.14132224419959993,1442.418838317235,1473.968492195916,5,-0.09555983811719475,0.06837606837606836,0.18623931623931622,0.34893772893772895,0.15502941133200598,-0.057440293846527005,0.05694420493059173,0.14655851490791932,0.35513736263736256,0.18655677655677655,0.5444444444444444,0.4666666666666666,2.5756530571847507,6.347884756728779,13.209090909090909,-5.962798863636364,0.80136693554076,0.4347400284900285,3.263610455856103,0.8563174007818803,1473.137108563973,1502.8134860104954,5,0.1424010603962462,-0.02391410673181118,-0.06852546696251742,-0.07600122100122103,0.03518906584299289,-0.0254354159995461,0.012863689495299271,-0.027123761771977756,0.13509157509157516,-0.08455586080586085,0.0888888888888889,0.16250000000000003,0.3829894069314306,1.4837497129681907,-1.5531492531492521,8.586765648278144,-0.09205680275606376,0.03236523466786623,-0.23383173453508999,-0.9976396449814803,-30.71827024673803,-28.84499381457931,0
2026_18_CHI_MIN,-0.12086809944527062,0.12976660341555976,0.19429728020240353,0.2715934065934066,0.15488879983971143,-0.19760512347827358,0.1394610442268105,0.259010666833011,0.261624649859944,0.20352760459022315,0.5125,0.25,2.8399270257634344,8.058213506493507,13.043793892527422,-4.247111435729502,-0.08717932318430144,0.3664227526759496,3.0605804021590814,0.722920827903586,1573.704718427861,1506.8078571131275,5,0.09594100051518671,0.03559406646698044,0.11726837418750125,0.45917415917415916,0.11823366220649749,0.11820425152285703,0.0658020426159171,0.11876986790557284,0.41179487179487173,0.1484507465931614,0.5666666666666667,0.55,3.090012710449563,7.117608587109162,12.499663960110206,-0.0018816788350300762,0.424752179598888,0.40402750843927315,3.5595895453945516,0.364238817394773,1514.2693893634894,1529.8405584641796,5,-0.21680909996045733,0.09417253694857933,0.07702890601490228,-0.18758075258075257,0.036655137633213944,-0.3158093750011306,0.0736590016108934,0.14024079892743815,-0.15017022193492774,0.055076857997061746,-0.054166666666666696,-0.30000000000000004,-0.2500856846861286,0.9406049193843451,0.5441299324172153,-4.245229756894472,-0.5119315027831894,-0.03760475576332356,-0.4990091432354702,0.35868201050881304,59.43532906437167,-23.032701351052083,0
2026_18_CLE_CIN,0.007378612192010281,0.06211965510604193,0.155200441507872,0.5147186147186147,0.11693801538962827,-0.10340136170818055,0.10596028255364517,0.19975298769381136,0.393072613660849,0.1613408521303258,0.73,0.26666666666666666,2.6132930211317307,6.515603786000845,11.322034547841,4.03574950675596,0.17913442964720805,0.42332167832167833,2.607416246655673,1.1477605267968831,1497.261764224703,1523.094047421898,5,-0.14047780482621658,0.10930402930402924,0.1955311355311355,0.3127455877455877,0.16179653679653674,0.043227188613119014,0.05463565891472866,0.13025581395348834,0.38571067821067817,0.14804597701149422,0.2,0.5,3.0208692753623185,7.501294781180837,14.508563899868246,-1.0457633728590263,-0.5487954934381464,0.3501010101010101,3.179493398763119,0.10219603226618368,1454.499768875897,1486.4829814881596,5,0.14785641701822685,-0.047184374197987315,-0.0403306940232635,0.201973026973027,-0.04485852140690848,-0.14662855032129957,0.05132462363891652,0.06949717374032302,0.007361935450170831,0.013294875118831595,0.53,-0.23333333333333334,-0.40757625423058785,-0.9856909951799917,-3.1865293520272466,5.081512879614986,0.7279299230853544,0.07322066822066825,-0.5720771521074459,1.0455644945306994,42.76199534880607,36.61106593373847,0
2026_18_DAL_WAS,0.03452590049008496,0.03194139194139192,0.15834757834757832,0.3695304695304695,0.18916666666666665,0.02233065967391092,0.06929292929292925,0.15583494519664728,0.44536796536796536,0.1887356731750324,0.6499999999999999,0.6766666666666665,2.9891032446996397,8.296601358608118,15.36371886508014,0.6221878532874381,0.5146372241780421,0.2666448972483455,2.6865264814964624,0.5620112119755942,1466.3668020958235,1551.0005935741895,5,0.05167619653652859,0.04212560386473428,0.135819397993311,0.47965034965034964,0.18140618002686965,0.20913841229369634,0.047018022627778724,0.15032934545129664,0.5085714285714287,0.1716331269349845,0.6833333333333333,0.58,2.7564119990127702,8.703118727598566,20.09048540950818,2.746670056797785,0.4053738322530262,0.4954744816586921,2.9476231741565395,0.4344478181269409,1479.4125045895676,1468.712886621616,5,-0.017150296046443636,-0.01018421192334236,0.02252818035426732,-0.11011988011988016,0.007760486639797004,-0.1868077526197854,0.02227490666515053,0.005505599745350642,-0.06320346320346332,0.017102546240047894,-0.03333333333333344,0.09666666666666657,0.2326912456868695,-0.406517368990448,-4.72676654442804,-2.124482203510347,0.10926339192501594,-0.22882958441034662,-0.26109669266007707,0.12756339384865334,-13.045702493744102,82.28770695257344,0
2026_18_DET_GB,-0.03265951637880192,0.09940383158094153,0.205985365160557,0.3022222222222222,0.2106909430438842,-0.01069750910614597,0.056119544592030335,0.14779350946333863,0.5013533834586467,0.17890359341972242,0.3833333333333333,0.6366666666666667,2.5936859334820457,9.686648875929682,14.179601573876136,-3.796094355113545,-0.7189174293713987,0.33126550868486354,3.164201685907968,1.295096387042843,1519.72855060859,1473.7387876913774,5,0.014733188799656733,0.07691607611263274,0.19042664811674853,0.41338661338661337,0.2186339586339586,0.026335779857456172,0.10969401765282769,0.1829858704732846,0.47663512957630605,0.12870767828662563,0.7699999999999999,0.8933333333333333,2.734245083198713,6.95498338935099,16.37665948691357,0.8577093442326026,0.07738189464968279,0.41280903407945146,3.1233445981750108,0.06288153960157472,1560.1206859725398,1481.7771868921918,5,-0.04739270517845865,0.022487755468308793,0.015558717043808457,-0.11116439116439114,-0.007943015590074404,-0.03703328896360214,-0.05357447306079735,-0.035192361009945966,0.024718253882340613,0.05019591513309679,-0.3866666666666666,-0.2566666666666666,-0.14055914971666716,2.7316654865786925,-2.197057913037435,-4.653803699346147,-0.7962993240210815,-0.08154352539458792,0.040857087732957265,1.2322148474412682,-40.39213536394982,-8.03839920081441,0
2026_18_JAX_IND,-0.15108624042828028,0.048661271020253125,0.1525443973831801,0.41606060606060613,0.2139016897081413,0.07844025950379226,0.05029340499425058,0.11976495875766838,0.38618881118881115,0.13692890949483238,0.6333333333333333,0.6166666666666666,2.720156365169724,7.305004330870278,19.30402698713894,1.3523448872021935,-0.7349038868248604,0.2955741626794258,2.6750706145684466,0.46859892658084484,1469.128115962281,1530.378003428357,5,0.10075386426140646,0.048101608735517165,0.14608860548470448,0.5277777777777778,0.16204433497536944,-0.0331096008534991,0.06738504738504733,0.15318425253909124,0.29772727272727273,0.13127889654205438,0.78,0.4333333333333333,2.899371945069936,9.691080124459434,14.702513608060832,6.713023782703243,0.0487081299203385,0.37498383968972204,2.6579822268010775,-1.0473488693801714,1529.117682000888,1509.384227984726,5,-0.25184010468968676,0.0005596622847359595,0.006455791898475616,-0.11171717171717166,0.051857354732771865,0.11154986035729136,-0.017091642390796753,-0.03341929378142286,0.08846153846153842,0.005650012952778005,-0.14666666666666672,0.1833333333333333,-0.17921557990021197,-2.386075793589156,4.601513379078108,-5.360678895501049,-0.7836120167451989,-0.07940967701029622,0.017088387767369095,1.5159477959610161,-59.98956603860688,20.993775443630966,0
2026_18_LAC_DEN,-0.010120158321071781,0.058435708435708424,0.12951044886528756,0.40991452991452987,0.15881964087080883,-0.10991313629374826,0.0631508747092729,0.20174018269457647,0.43267825311942965,0.12654952598888522,0.5,0.4600000000000001,2.835538042997519,5.5267252832946125,10.118184868987086,-6.293163337350885,-1.0374562709627069,0.31477591036414565,3.3212441905523327,-0.16736033805280545,1576.2893472757862,1531.9088489635822,5,-0.20645130234105985,0.08683353545153204,0.17790864257417732,0.3514285714285714,0.16585497835497834,-0.07268405356522459,0.06767708098353258,0.16410719656687398,0.37505827505827505,0.17809906306152132,0.46333333333333326,0.36333333333333334,2.8383926550294913,9.312933562256143,13.8081798375916,-3.226212938205582,-0.5518552781447963,0.35885093167701865,2.695385295232307,-0.9735693985954201,1500.6754590474861,1474.0309406700828,5,0.19633114401998808,-0.028397827015823614,-0.04839819370888976,0.058485958485958445,-0.007035337484169513,-0.03722908272852367,-0.004526206274259675,0.037632986127702495,0.0576199780611546,-0.0515495370726361,0.036666666666666736,0.09666666666666673,-0.002854612031972348,-3.7862082789615306,-3.6899949686045144,-3.066950399145303,-0.4856009928179106,-0.044075021312873,0.6258588953200257,0.8062090605426147,75.61388822830008,57.87790829349933,0
2026_18_LV_KC,-0.07569543658069004,0.0682976827094474,0.20098930481283422,0.3831587530116941,0.15697210041595738,-0.10187793873215371,0.0481427174975562,0.11883815109621558,0.3888888888888889,0.15339861751152073,0.56,0.4333333333333333,2.755575464535696,5.445313102956046,8.338685140937955,-3.0239418085738494,1.944313758932201,0.5360054347826086,4.092348799697803,0.8846171639165157,1544.9407810757768,1500.633082188943,5,-0.22139980166343726,0.07009659695143564,0.1778948068060971,0.35769230769230764,0.24859502262443436,-0.07070133554734855,0.10669932605416474,0.24081710743001059,0.36672268907563027,0.14374568668046925,0.4976190476190476,0.5800000000000001,2.7047899223764738,7.851810786914234,16.790267204060306,0.13011706224810116,-0.16956447791271326,0.35516589690502737,2.583374531068177,-0.04122749943785742,1438.633800272921,1486.221802502573,5,0.1457043650827472,-0.0017989142419882337,0.02309449800673713,0.025466445319386466,-0.09162292220847698,-0.03117660318480517,-0.05855660855660854,-0.121978956333795,0.022166199813258625,0.009652930831051482,0.062380952380952426,-0.14666666666666678,0.05078554215922226,-2.4064976839581877,-8.451582063122352,-3.1540588708219506,2.1138782368449145,0.18083953787758128,1.5089742686296264,0.9258446633543731,106.30698080285583,14.411279686370108,0
2026_18_MIA_NE,0.08950592208191036,0.05986700986700984,0.1327327327327327,0.3847222222222222,0.16662622244927744,-0.12052519817148843,0.07103868444681904,0.19570872014069765,0.34245337995337993,0.14193374741200826,0.5,0.26666666666666666,3.112547861471861,9.331289938556067,12.10966810966811,8.91464496392497,0.037431893668879446,0.4131944444444444,3.1827164479614756,0.6053213759231977,1519.503446401706,1548.7240141550292,5,-0.17883163463443488,0.09826512226512224,0.16598198198198194,0.3769230769230769,0.20317859349894946,0.10146890321369625,0.012,0.10633179723502302,0.5042124542124542,0.22219117647058823,0.3333333333333333,0.8033333333333333,2.8904229761381943,9.207920973712278,22.411067193675887,0.5478607085346233,-0.590892341058445,0.355241868554562,3.1345522948545153,0.4338065991400663,1456.047333785131,1496.20555010898,5,0.26833755671634524,-0.0383981123981124,-0.03324924924924924,0.0077991452991452714,-0.03655237104967202,-0.2219941013851847,0.05903868444681905,0.08937692290567463,-0.16175907425907426,-0.08025742905857997,0.16666666666666669,-0.5366666666666666,0.2221248853336668,0.12336896484378812,-10.301399084007777,8.366784255390346,0.6283242347273245,0.057952575889882396,0.04816415310696032,0.17151477678313137,63.456112616574956,52.518464046049075,0
2026_18_NYJ_BUF,0.13452081219882434,0.07170979347707737,0.12690373550325376,0.5103030303030304,0.09789044289044288,-0.005240583738414667,0.05789039998114406,0.18310660664199677,0.3633041958041958,0.22262111801242232,0.75,0.71,2.8525478954638244,8.841728271728272,13.510860663252211,3.2540371034971662,0.9475499309319808,0.46232833214257363,3.137927779395332,0.20702988408564504,1605.8433408491608,1539.9109127172403,5,-0.06679110061987134,0.05212008281573497,0.12768402611880866,0.35999723960250274,0.23314687685397067,0.16701834750575464,0.05238858363858362,0.09359737484737483,0.37777777777777777,0.12670760611937076,0.5999999999999999,0.86,2.8280228337428337,6.058080709678185,14.165568007031421,2.236785067217994,0.42989520067579556,0.36146353646353646,2.9994687836909817,-0.7251697090040773,1402.1811734371163,1490.470222274006,5,0.20131191281869568,0.0195897106613424,-0.0007802906155549016,0.15030579070052763,-0.1352564339635278,-0.1722589312441693,0.005501816342560438,0.08950923179462193,-0.01447358197358195,0.09591351189305156,0.15000000000000013,-0.15000000000000002,0.02452506172099067,2.7836475620500867,-0.6547073437792097,1.0172520362791722,0.5176547302561852,0.10086479567903717,0.1384589957043505,0.9321995930897223,203.66216741204448,49.440690443234416,0
2026_18_PHI_NYG,0.01057924991104096,0.07790360763101076,0.19972583131837077,0.4986813186813187,0.11087184873949578,-0.0977330237819958,0.029107142857142842,0.10137667887667885,0.4435314685314685,0.19707717569786534,0.4,0.6666666666666667,2.666630453819807,7.193385878489328,15.425548589341691,-1.0810194313827908,0.4200959450567212,0.4243740573152338,3.0642478777743323,0.17960202794581376,1425.449168543973,1470.0837122657506,5,-0.06922385603506952,0.0656006433314553,0.13203723232644252,0.3842490842490842,0.16316418764302057,-0.07253222560240262,0.045050685748360145,0.10993587377308305,0.42498834498834503,0.14478578892371996,0.5833333333333333,0.6833333333333333,3.1825794514514514,9.346461433664375,12.506806806806807,-1.631707107107103,0.29767787796328976,0.3509784075573549,2.722478818965045,0.21699012497089037,1575.90579940087,1450.2878849341132,5,0.07980310594611048,0.012302964299555463,0.06768859899192825,0.11443223443223449,-0.05229233890352479,-0.025200798179593184,-0.015943542891217303,-0.008559194896404193,0.018543123543123485,0.05229138677414538,-0.18333333333333324,-0.016666666666666607,-0.5159489976316443,-2.1530755551750476,2.918741782534884,0.5506876757243122,0.12241806709343145,0.07339564975787893,0.34176905880928743,-0.037388097025076616,-150.45663085689694,19.795827331637383,0
2026_18_PIT_BAL,0.20981550751008352,0.06691408156925394,0.1377599722427308,0.4349511599511599,0.12871354651540404,-0.034537228950464766,0.05199714735392484,0.13463877959210438,0.45608974358974363,0.1961111111111111,0.6458333333333333,0.6333333333333333,3.056052777777778,8.984870960108182,11.425806451612903,4.1736807168458805,0.6162122160176126,0.40424993643529117,3.2104524792287896,1.4775962081199467,1541.8729492343268,1468.580443508806,5,-0.06536572261812953,0.05580474104033252,0.13978620379732612,0.3553571428571428,0.16067977915804002,-0.09413674180231622,0.10084859584859582,0.18909645909645906,0.33426573426573425,0.1921698373311276,0.26666666666666666,0.16666666666666666,2.7068973612557654,7.676974559787061,14.92291646609544,-2.839980185167362,1.296461511558681,0.46385281385281385,2.662439985479228,0.14388371302192904,1542.027379793895,1500.9518376172116,5,0.27518123012821305,0.011109340528921416,-0.0020262315545953313,0.07959401709401709,-0.03196623264263598,0.05959951285185146,-0.048851448494670976,-0.05445767950435468,0.12182400932400939,0.00394127377998349,0.3791666666666666,0.4666666666666667,0.34915541652201254,1.3078964003211215,-3.497110014482537,7.0136609020132425,-0.6802492955410685,-0.05960287741752268,0.5480124937495616,1.3337124950980177,-0.15443055956825447,-32.37139410840564,0
2026_18_SEA_LA,0.10471020144597357,0.03955529857022706,0.1598507148864592,0.46048516842634485,0.10906832298136641,0.04467995752922869,0.04717011128775834,0.204386150856739,0.41686646686646683,0.11681385281385279,0.47333333333333333,0.5333333333333333,2.8804177736358314,10.1846413985414,19.169161907701806,2.4979925482327516,1.4428653959629156,0.4397326007326007,2.7423540075716213,1.5287479450621815,1541.1162938983907,1510.7073317930335,5,-0.02389999629498236,0.054910394265232934,0.13800503317318688,0.40783799533799536,0.2025396825396825,-0.17104867699316326,0.0702707373271889,0.1962058371735791,0.22309829059829056,0.14451337898413222,0.4,0.5333333333333333,2.951805066045066,6.730919580419581,15.42812742812743,5.722945454545458,0.5782498378357661,0.4143048128342246,2.9453514590844208,1.4261563549079441,1583.5729569195983,1468.3225916469034,5,0.12861019774095592,-0.015355095695005871,0.021845681713272308,0.052647173088349486,-0.09347135955831608,0.21572863452239194,-0.023100626039430562,0.008180313683159912,0.19376817626817627,-0.02769952617027943,0.0733333333333333,0.0,-0.07138729240923469,3.453721818121819,3.7410344795743757,-3.2249529063127067,0.8646155581271495,0.025427787898376075,-0.20299745151279946,0.10259159015423736,-42.45666302120753,42.38474014613007,0
2026_18_SF_ARI,-0.004516598095505464,0.07509079586792869,0.1886946307358106,0.3611888111888112,0.13125588586689152,0.10158007038260801,0.04406245967221574,0.10553232675183892,0.5301648351648351,0.14753386398547685,0.6,0.7533333333333333,2.7732183269471693,6.782202535282536,17.526514461998335,4.724107595543078,-0.1550086854498449,0.4464285714285714,2.870394177475923,0.502828371220245,1413.2601842992865,1561.1104577809335,5,0.14062867328361878,0.02401315789473684,0.10380284043441934,0.568968253968254,0.0919001782531194,0.0067956155698636585,0.04945193171608262,0.13594510022616718,0.4377777777777778,0.1696140385795558,0.7333333333333333,0.2533333333333333,3.0286828877005343,7.239409884233413,13.832442067736185,5.640454149336507,0.2381007117937769,0.3723731884057971,2.992561080527955,0.11612967891674827,1563.3447140374958,1481.914364065069,5,-0.14514527137912425,0.05107763797319185,0.08489179030139127,-0.20777944277944282,0.03935570761377212,0.09478445481274435,-0.005389472043866882,-0.03041277347432826,0.09238705738705733,-0.022080174594078933,-0.1333333333333333,0.5,-0.255464560753365,-0.45720734895087656,3.6940723942621503,-0.9163465537934288,-0.3931093972436218,0.07405538302277431,-0.12216690305203226,0.38669869230349674,-150.0845297382093,79.19609371586444,0
2026_18_TB_NO,0.019609789857490206,0.07209736500059076,0.13594548820355265,0.47419340463458115,0.19088000888000886,-0.040736796462710986,0.07609240695136768,0.17169987509330026,0.40212148962148964,0.15556484095614526,0.7533333333333333,0.5076190476190476,2.660659388280565,7.842335805262276,13.218176159352629,5.27847713974479,0.6611821232793184,0.39804639804639796,3.0821069857524575,0.045914003223520385,1442.5698335690824,1509.8440844460413,5,-0.12009472579349438,0.08959489302967563,0.13489233954451343,0.41000377073906485,0.1784598997493734,-0.028582656765212378,0.05048103565750621,0.10870133999545761,0.30787545787545784,0.24678292721770972,0.3333333333333333,0.4333333333333333,3.0425924751718876,8.151198653198653,11.073338426279602,1.7226781257957762,-0.8309883687503095,0.2463908640379228,3.3387459071387937,1.2339791442030923,1464.6981591591637,1493.623056666156,5,0.13970451565098457,-0.01749752802908487,0.0010531486590392158,0.0641896338955163,0.01242010913063546,-0.012154139697498609,0.02561137129386147,0.06299853509784265,0.0942460317460318,-0.09121808626156447,0.42,0.07428571428571434,-0.38193308689132266,-0.3088628479363775,2.144837733073027,3.5557990139490134,1.492170492029628,0.15165553400847517,-0.25663892138633626,-1.188065140979572,-22.128325590081204,16.22102777988539,0
2026_18_TEN_HOU,-0.006309607869457843,0.046755307093752335,0.12378170921269809,0.3351347182229535,0.22492319508448538,-0.18956138143488446,0.08848386672520177,0.14657291788228885,0.4133333333333333,0.18762463343108504,0.42666666666666664,0.5466666666666666,2.9092577668680946,9.040971963171962,17.109432562521807,1.6351616870459011,0.09439783701256908,0.3751294408617063,2.3086984759227915,-0.03527831788035753,1516.1646442149806,1510.7808511362248,5,-0.13339693830228574,0.05515687211339382,0.12075834793226092,0.3517307692307692,0.10215193155302045,0.11419289401185781,0.06137697428020004,0.1180944503525148,0.41103341103341096,0.19869227994227995,0.6333333333333333,0.6833333333333333,3.1082658333333333,6.600291596638655,10.416666666666666,-3.6334680555555563,0.3826320944258958,0.44304388422035473,2.6166363840410676,0.3002418600627482,1366.7373057810041,1467.6889016730863,5,0.1270873304328279,-0.008401565019641483,0.003023361280437162,-0.016596051007815693,0.12277126353146493,-0.3037542754467423,0.02710689244500173,0.02847846752977405,0.002299922299922319,-0.011067646511194906,-0.20666666666666667,-0.13666666666666671,-0.19900806646523872,2.440680366533307,6.692765895855141,5.2686297426014574,-0.2882342574133267,-0.06791444335864844,-0.30793790811827604,-0.33552017794310574,149.4273384339765,43.09194946313846,0
